Copyright 1986-2022 Xilinx, Inc. All Rights Reserved. Copyright 2022-2026 Advanced Micro Devices, Inc. All Rights Reserved.
------------------------------------------------------------------------------------------------------------------------------------------------------------------------------------------------------------------------------------------
| Tool Version : Vivado v.2026.1 (win64) Build 6511674 Tue Jun 16 11:02:23 MDT 2026
| Date         : Wed Sep  9 21:05:26 2026
| Host         : Saviel running 64-bit major release  (build 9200)
| Command      : report_timing_summary -max_paths 10 -routable_nets -report_unconstrained -file expr_plain_timing_summary_routed.rpt -pb expr_plain_timing_summary_routed.pb -rpx expr_plain_timing_summary_routed.rpx -warn_on_violation
| Design       : expr_plain
| Device       : 7z020-clg400
| Speed File   : -1  PRODUCTION 1.12 2019-11-22
| Design State : Routed
------------------------------------------------------------------------------------------------------------------------------------------------------------------------------------------------------------------------------------------

Timing Summary Report

------------------------------------------------------------------------------------------------
| Timer Settings
| --------------
------------------------------------------------------------------------------------------------

  Enable Multi Corner Analysis               :  Yes
  Enable Pessimism Removal                   :  Yes
  Pessimism Removal Resolution               :  Nearest Common Node
  Enable Input Delay Default Clock           :  No
  Enable Preset / Clear Arcs                 :  No
  Disable Flight Delays                      :  No
  Ignore I/O Paths                           :  No
  Timing Early Launch at Borrowing Latches   :  No
  Borrow Time for Max Delay Exceptions       :  Yes
  Merge Timing Exceptions                    :  Yes
  Inter-SLR Compensation                     :  Conservative

  Corner  Analyze    Analyze    
  Name    Max Paths  Min Paths  
  ------  ---------  ---------  
  Slow    Yes        Yes        
  Fast    Yes        Yes        


------------------------------------------------------------------------------------------------
| Report Methodology
| ------------------
------------------------------------------------------------------------------------------------

Rule       Severity  Description                    Violations  
---------  --------  -----------------------------  ----------  
DPIR-1     Warning   Asynchronous driver check      16          
TIMING-18  Warning   Missing input or output delay  60          

Note: This report is based on the most recent report_methodology run and may not be up-to-date. Run report_methodology on the current design for the latest report.



check_timing report

Table of Contents
-----------------
1. checking no_clock (0)
2. checking constant_clock (0)
3. checking pulse_width_clock (0)
4. checking unconstrained_internal_endpoints (0)
5. checking no_input_delay (33)
6. checking no_output_delay (26)
7. checking multiple_clock (0)
8. checking generated_clocks (0)
9. checking loops (0)
10. checking partial_input_delay (0)
11. checking partial_output_delay (0)
12. checking latch_loops (0)

1. checking no_clock (0)
------------------------
 There are 0 register/latch pins with no clock.


2. checking constant_clock (0)
------------------------------
 There are 0 register/latch pins with constant_clock.


3. checking pulse_width_clock (0)
---------------------------------
 There are 0 register/latch pins which need pulse_width check


4. checking unconstrained_internal_endpoints (0)
------------------------------------------------
 There are 0 pins that are not constrained for maximum delay.

 There are 0 pins that are not constrained for maximum delay due to constant clock.


5. checking no_input_delay (33)
-------------------------------
 There are 33 input ports with no input delay specified. (HIGH)

 There are 0 input ports with no input delay but user has a false path constraint.


6. checking no_output_delay (26)
--------------------------------
 There are 26 ports with no output delay specified. (HIGH)

 There are 0 ports with no output delay but user has a false path constraint

 There are 0 ports with no output delay but with a timing clock defined on it or propagating through it


7. checking multiple_clock (0)
------------------------------
 There are 0 register/latch pins with multiple clocks.


8. checking generated_clocks (0)
--------------------------------
 There are 0 generated clocks that are not connected to a clock source.


9. checking loops (0)
---------------------
 There are 0 combinational loops in the design.


10. checking partial_input_delay (0)
------------------------------------
 There are 0 input ports with partial input delay specified.


11. checking partial_output_delay (0)
-------------------------------------
 There are 0 ports with partial output delay specified.


12. checking latch_loops (0)
----------------------------
 There are 0 combinational latch loops in the design through latch input



------------------------------------------------------------------------------------------------
| Design Timing Summary
| ---------------------
------------------------------------------------------------------------------------------------

    WNS(ns)      TNS(ns)  TNS Failing Endpoints  TNS Total Endpoints      WHS(ns)      THS(ns)  THS Failing Endpoints  THS Total Endpoints     WPWS(ns)     TPWS(ns)  TPWS Failing Endpoints  TPWS Total Endpoints  
    -------      -------  ---------------------  -------------------      -------      -------  ---------------------  -------------------     --------     --------  ----------------------  --------------------  
     -0.978       -5.734                      9                   33        0.745        0.000                      0                   33        5.250        0.000                       0                    36  


Timing constraints are not met.


------------------------------------------------------------------------------------------------
| Clock Summary
| -------------
------------------------------------------------------------------------------------------------

Clock    Waveform(ns)       Period(ns)      Frequency(MHz)
-----    ------------       ----------      --------------
sys_clk  {0.000 5.750}      11.500          86.957          


------------------------------------------------------------------------------------------------
| Intra Clock Table
| -----------------
------------------------------------------------------------------------------------------------

Clock             WNS(ns)      TNS(ns)  TNS Failing Endpoints  TNS Total Endpoints      WHS(ns)      THS(ns)  THS Failing Endpoints  THS Total Endpoints     WPWS(ns)     TPWS(ns)  TPWS Failing Endpoints  TPWS Total Endpoints  
-----             -------      -------  ---------------------  -------------------      -------      -------  ---------------------  -------------------     --------     --------  ----------------------  --------------------  
sys_clk            -0.978       -5.734                      9                   33        0.745        0.000                      0                   33        5.250        0.000                       0                    36  


------------------------------------------------------------------------------------------------
| Inter Clock Table
| -----------------
------------------------------------------------------------------------------------------------

From Clock    To Clock          WNS(ns)      TNS(ns)  TNS Failing Endpoints  TNS Total Endpoints      WHS(ns)      THS(ns)  THS Failing Endpoints  THS Total Endpoints  
----------    --------          -------      -------  ---------------------  -------------------      -------      -------  ---------------------  -------------------  


------------------------------------------------------------------------------------------------
| Other Path Groups Table
| -----------------------
------------------------------------------------------------------------------------------------

Path Group    From Clock    To Clock          WNS(ns)      TNS(ns)  TNS Failing Endpoints  TNS Total Endpoints      WHS(ns)      THS(ns)  THS Failing Endpoints  THS Total Endpoints  
----------    ----------    --------          -------      -------  ---------------------  -------------------      -------      -------  ---------------------  -------------------  


------------------------------------------------------------------------------------------------
| User Ignored Path Table
| -----------------------
------------------------------------------------------------------------------------------------

Path Group    From Clock    To Clock    
----------    ----------    --------    


------------------------------------------------------------------------------------------------
| Unconstrained Path Table
| ------------------------
------------------------------------------------------------------------------------------------

Path Group    From Clock    To Clock    
----------    ----------    --------    
(none)        sys_clk                     
(none)                      sys_clk       


------------------------------------------------------------------------------------------------
| Timing Details
| --------------
------------------------------------------------------------------------------------------------


---------------------------------------------------------------------------------------------------
From Clock:  sys_clk
  To Clock:  sys_clk

Setup :            9  Failing Endpoints,  Worst Slack       -0.978ns,  Total Violation       -5.734ns
Hold  :            0  Failing Endpoints,  Worst Slack        0.745ns,  Total Violation        0.000ns
PW    :            0  Failing Endpoints,  Worst Slack        5.250ns,  Total Violation        0.000ns
---------------------------------------------------------------------------------------------------


Max Delay Paths
--------------------------------------------------------------------------------------
Slack (VIOLATED) :        -0.978ns  (required time - arrival time)
  Source:                 a_reg_reg[1]_replica/C
                            (rising edge-triggered cell FDCE clocked by sys_clk  {rise@0.000ns fall@5.750ns period=11.500ns})
  Destination:            expression/B[16]
                            (rising edge-triggered cell DSP48E1 clocked by sys_clk  {rise@0.000ns fall@5.750ns period=11.500ns})
  Path Group:             sys_clk
  Path Type:              Setup (Max at Slow Process Corner)
  Requirement:            11.500ns  (sys_clk rise@11.500ns - sys_clk rise@0.000ns)
  Data Path Delay:        8.771ns  (logic 4.624ns (52.719%)  route 4.147ns (47.280%))
  Logic Levels:           12  (CARRY4=7 LUT2=1 LUT4=1 LUT6=3)
  Clock Path Skew:        0.036ns (DCD - SCD + CPR)
    Destination Clock Delay (DCD):    4.723ns = ( 16.223 - 11.500 ) 
    Source Clock Delay      (SCD):    5.146ns
    Clock Pessimism Removal (CPR):    0.458ns
  Clock Uncertainty:      0.035ns  ((TSJ^2 + TIJ^2)^1/2 + DJ) / 2 + PE
    Total System Jitter     (TSJ):    0.071ns
    Total Input Jitter      (TIJ):    0.000ns
    Discrete Jitter          (DJ):    0.000ns
    Phase Error              (PE):    0.000ns

    Location             Delay type                Incr(ns)  Path(ns)    Netlist Resource(s)
  -------------------------------------------------------------------    -------------------
                         (clock sys_clk rise edge)    0.000     0.000 r  <hidden>
    U14                                               0.000     0.000 r  clk
                         net (fo=0)                   0.000     0.000    clk
    U14                  IBUF (Prop_ibuf_I_O)         1.075     1.075 r  clk_IBUF_inst/O
                         net (fo=1, routed)           2.205     3.280    clk_IBUF
    BUFGCTRL_X0Y16       BUFG (Prop_bufg_I_O)         0.101     3.381 r  clk_IBUF_BUFG_inst/O
                         net (fo=35, routed)          1.765     5.146    clk_IBUF_BUFG
    SLICE_X104Y75        FDCE                                         r  a_reg_reg[1]_replica/C
  -------------------------------------------------------------------    -------------------
    SLICE_X104Y75        FDCE (Prop_fdce_C_Q)         0.518     5.664 r  a_reg_reg[1]_replica/Q
                         net (fo=2, routed)           0.605     6.268    a_reg[1]_repN
    SLICE_X104Y77        LUT2 (Prop_lut2_I0_O)        0.124     6.392 r  expression_i_103/O
                         net (fo=1, routed)           0.000     6.392    expression_i_103_n_0
    SLICE_X104Y77        CARRY4 (Prop_carry4_S[1]_O[3])
                                                      0.643     7.035 r  expression_i_70/O[3]
                         net (fo=18, routed)          0.694     7.729    sum_ab[3]
    SLICE_X105Y76        LUT6 (Prop_lut6_I3_O)        0.307     8.036 r  expression_i_83/O
                         net (fo=2, routed)           0.618     8.655    expression_i_83_n_0
    SLICE_X102Y76        LUT6 (Prop_lut6_I0_O)        0.124     8.779 r  expression_i_87/O
                         net (fo=1, routed)           0.000     8.779    expression_i_87_n_0
    SLICE_X102Y76        CARRY4 (Prop_carry4_S[1]_CO[3])
                                                      0.533     9.312 r  expression_i_39/CO[3]
                         net (fo=1, routed)           0.000     9.312    expression_i_39_n_0
    SLICE_X102Y77        CARRY4 (Prop_carry4_CI_O[0])
                                                      0.219     9.531 r  expression_i_100/O[0]
                         net (fo=2, routed)           0.473    10.003    expression_i_100_n_7
    SLICE_X101Y76        LUT4 (Prop_lut4_I1_O)        0.295    10.298 r  expression_i_72/O
                         net (fo=3, routed)           0.850    11.149    expression_i_72_n_0
    SLICE_X96Y77         LUT6 (Prop_lut6_I0_O)        0.124    11.273 r  expression_i_34/O
                         net (fo=1, routed)           0.000    11.273    expression_i_34_n_0
    SLICE_X96Y77         CARRY4 (Prop_carry4_S[3]_CO[3])
                                                      0.376    11.649 r  expression_i_8/CO[3]
                         net (fo=1, routed)           0.000    11.649    expression_i_8_n_0
    SLICE_X96Y78         CARRY4 (Prop_carry4_CI_O[1])
                                                      0.323    11.972 r  expression_i_7/O[1]
                         net (fo=1, routed)           0.503    12.474    mult_c[12]
    SLICE_X100Y78        CARRY4 (Prop_carry4_S[0]_CO[3])
                                                      0.819    13.293 r  expression_i_2/CO[3]
                         net (fo=1, routed)           0.000    13.293    expression_i_2_n_0
    SLICE_X100Y79        CARRY4 (Prop_carry4_CI_O[0])
                                                      0.219    13.512 r  expression_i_1/O[0]
                         net (fo=1, routed)           0.404    13.916    B[16]
    DSP48_X4Y31          DSP48E1                                      r  expression/B[16]
  -------------------------------------------------------------------    -------------------

                         (clock sys_clk rise edge)   11.500    11.500 r  <hidden>
    U14                                               0.000    11.500 r  clk
                         net (fo=0)                   0.000    11.500    clk
    U14                  IBUF (Prop_ibuf_I_O)         0.940    12.440 r  clk_IBUF_inst/O
                         net (fo=1, routed)           2.006    14.446    clk_IBUF
    BUFGCTRL_X0Y16       BUFG (Prop_bufg_I_O)         0.091    14.537 r  clk_IBUF_BUFG_inst/O
                         net (fo=35, routed)          1.686    16.223    clk_IBUF_BUFG
    DSP48_X4Y31          DSP48E1                                      r  expression/CLK
                         clock pessimism              0.458    16.681    <hidden>
                         clock uncertainty           -0.035    16.646    <hidden>
    DSP48_X4Y31          DSP48E1 (Setup_dsp48e1_CLK_B[16])
                                                     -3.707    12.939    expression
  -------------------------------------------------------------------
                         required time                         12.939    <hidden>
                         arrival time                         -13.916    <hidden>
  -------------------------------------------------------------------
                         slack                                 -0.978    <hidden>

Slack (VIOLATED) :        -0.950ns  (required time - arrival time)
  Source:                 a_reg_reg[1]_replica/C
                            (rising edge-triggered cell FDCE clocked by sys_clk  {rise@0.000ns fall@5.750ns period=11.500ns})
  Destination:            expression/B[13]
                            (rising edge-triggered cell DSP48E1 clocked by sys_clk  {rise@0.000ns fall@5.750ns period=11.500ns})
  Path Group:             sys_clk
  Path Type:              Setup (Max at Slow Process Corner)
  Requirement:            11.500ns  (sys_clk rise@11.500ns - sys_clk rise@0.000ns)
  Data Path Delay:        8.732ns  (logic 4.476ns (51.259%)  route 4.256ns (48.741%))
  Logic Levels:           12  (CARRY4=7 LUT2=1 LUT4=1 LUT6=3)
  Clock Path Skew:        0.036ns (DCD - SCD + CPR)
    Destination Clock Delay (DCD):    4.723ns = ( 16.223 - 11.500 ) 
    Source Clock Delay      (SCD):    5.146ns
    Clock Pessimism Removal (CPR):    0.458ns
  Clock Uncertainty:      0.035ns  ((TSJ^2 + TIJ^2)^1/2 + DJ) / 2 + PE
    Total System Jitter     (TSJ):    0.071ns
    Total Input Jitter      (TIJ):    0.000ns
    Discrete Jitter          (DJ):    0.000ns
    Phase Error              (PE):    0.000ns

    Location             Delay type                Incr(ns)  Path(ns)    Netlist Resource(s)
  -------------------------------------------------------------------    -------------------
                         (clock sys_clk rise edge)    0.000     0.000 r  <hidden>
    U14                                               0.000     0.000 r  clk
                         net (fo=0)                   0.000     0.000    clk
    U14                  IBUF (Prop_ibuf_I_O)         1.075     1.075 r  clk_IBUF_inst/O
                         net (fo=1, routed)           2.205     3.280    clk_IBUF
    BUFGCTRL_X0Y16       BUFG (Prop_bufg_I_O)         0.101     3.381 r  clk_IBUF_BUFG_inst/O
                         net (fo=35, routed)          1.765     5.146    clk_IBUF_BUFG
    SLICE_X104Y75        FDCE                                         r  a_reg_reg[1]_replica/C
  -------------------------------------------------------------------    -------------------
    SLICE_X104Y75        FDCE (Prop_fdce_C_Q)         0.518     5.664 r  a_reg_reg[1]_replica/Q
                         net (fo=2, routed)           0.605     6.268    a_reg[1]_repN
    SLICE_X104Y77        LUT2 (Prop_lut2_I0_O)        0.124     6.392 r  expression_i_103/O
                         net (fo=1, routed)           0.000     6.392    expression_i_103_n_0
    SLICE_X104Y77        CARRY4 (Prop_carry4_S[1]_O[3])
                                                      0.643     7.035 r  expression_i_70/O[3]
                         net (fo=18, routed)          0.694     7.729    sum_ab[3]
    SLICE_X105Y76        LUT6 (Prop_lut6_I3_O)        0.307     8.036 r  expression_i_83/O
                         net (fo=2, routed)           0.618     8.655    expression_i_83_n_0
    SLICE_X102Y76        LUT6 (Prop_lut6_I0_O)        0.124     8.779 r  expression_i_87/O
                         net (fo=1, routed)           0.000     8.779    expression_i_87_n_0
    SLICE_X102Y76        CARRY4 (Prop_carry4_S[1]_CO[3])
                                                      0.533     9.312 r  expression_i_39/CO[3]
                         net (fo=1, routed)           0.000     9.312    expression_i_39_n_0
    SLICE_X102Y77        CARRY4 (Prop_carry4_CI_O[0])
                                                      0.219     9.531 r  expression_i_100/O[0]
                         net (fo=2, routed)           0.473    10.003    expression_i_100_n_7
    SLICE_X101Y76        LUT4 (Prop_lut4_I1_O)        0.295    10.298 r  expression_i_72/O
                         net (fo=3, routed)           0.850    11.149    expression_i_72_n_0
    SLICE_X96Y77         LUT6 (Prop_lut6_I0_O)        0.124    11.273 r  expression_i_34/O
                         net (fo=1, routed)           0.000    11.273    expression_i_34_n_0
    SLICE_X96Y77         CARRY4 (Prop_carry4_S[3]_CO[3])
                                                      0.376    11.649 r  expression_i_8/CO[3]
                         net (fo=1, routed)           0.000    11.649    expression_i_8_n_0
    SLICE_X96Y78         CARRY4 (Prop_carry4_CI_O[0])
                                                      0.219    11.868 r  expression_i_7/O[0]
                         net (fo=1, routed)           0.469    12.336    mult_c[11]
    SLICE_X100Y77        CARRY4 (Prop_carry4_S[3]_CO[3])
                                                      0.671    13.007 r  expression_i_3/CO[3]
                         net (fo=1, routed)           0.000    13.007    expression_i_3_n_0
    SLICE_X100Y78        CARRY4 (Prop_carry4_CI_O[1])
                                                      0.323    13.330 r  expression_i_2/O[1]
                         net (fo=1, routed)           0.547    13.878    B[13]
    DSP48_X4Y31          DSP48E1                                      r  expression/B[13]
  -------------------------------------------------------------------    -------------------

                         (clock sys_clk rise edge)   11.500    11.500 r  <hidden>
    U14                                               0.000    11.500 r  clk
                         net (fo=0)                   0.000    11.500    clk
    U14                  IBUF (Prop_ibuf_I_O)         0.940    12.440 r  clk_IBUF_inst/O
                         net (fo=1, routed)           2.006    14.446    clk_IBUF
    BUFGCTRL_X0Y16       BUFG (Prop_bufg_I_O)         0.091    14.537 r  clk_IBUF_BUFG_inst/O
                         net (fo=35, routed)          1.686    16.223    clk_IBUF_BUFG
    DSP48_X4Y31          DSP48E1                                      r  expression/CLK
                         clock pessimism              0.458    16.681    <hidden>
                         clock uncertainty           -0.035    16.646    <hidden>
    DSP48_X4Y31          DSP48E1 (Setup_dsp48e1_CLK_B[13])
                                                     -3.718    12.928    expression
  -------------------------------------------------------------------
                         required time                         12.928    <hidden>
                         arrival time                         -13.878    <hidden>
  -------------------------------------------------------------------
                         slack                                 -0.950    <hidden>

Slack (VIOLATED) :        -0.948ns  (required time - arrival time)
  Source:                 a_reg_reg[1]_replica/C
                            (rising edge-triggered cell FDCE clocked by sys_clk  {rise@0.000ns fall@5.750ns period=11.500ns})
  Destination:            expression/B[14]
                            (rising edge-triggered cell DSP48E1 clocked by sys_clk  {rise@0.000ns fall@5.750ns period=11.500ns})
  Path Group:             sys_clk
  Path Type:              Setup (Max at Slow Process Corner)
  Requirement:            11.500ns  (sys_clk rise@11.500ns - sys_clk rise@0.000ns)
  Data Path Delay:        8.735ns  (logic 4.436ns (50.783%)  route 4.299ns (49.217%))
  Logic Levels:           11  (CARRY4=6 LUT2=1 LUT4=1 LUT6=3)
  Clock Path Skew:        0.036ns (DCD - SCD + CPR)
    Destination Clock Delay (DCD):    4.723ns = ( 16.223 - 11.500 ) 
    Source Clock Delay      (SCD):    5.146ns
    Clock Pessimism Removal (CPR):    0.458ns
  Clock Uncertainty:      0.035ns  ((TSJ^2 + TIJ^2)^1/2 + DJ) / 2 + PE
    Total System Jitter     (TSJ):    0.071ns
    Total Input Jitter      (TIJ):    0.000ns
    Discrete Jitter          (DJ):    0.000ns
    Phase Error              (PE):    0.000ns

    Location             Delay type                Incr(ns)  Path(ns)    Netlist Resource(s)
  -------------------------------------------------------------------    -------------------
                         (clock sys_clk rise edge)    0.000     0.000 r  <hidden>
    U14                                               0.000     0.000 r  clk
                         net (fo=0)                   0.000     0.000    clk
    U14                  IBUF (Prop_ibuf_I_O)         1.075     1.075 r  clk_IBUF_inst/O
                         net (fo=1, routed)           2.205     3.280    clk_IBUF
    BUFGCTRL_X0Y16       BUFG (Prop_bufg_I_O)         0.101     3.381 r  clk_IBUF_BUFG_inst/O
                         net (fo=35, routed)          1.765     5.146    clk_IBUF_BUFG
    SLICE_X104Y75        FDCE                                         r  a_reg_reg[1]_replica/C
  -------------------------------------------------------------------    -------------------
    SLICE_X104Y75        FDCE (Prop_fdce_C_Q)         0.518     5.664 r  a_reg_reg[1]_replica/Q
                         net (fo=2, routed)           0.605     6.268    a_reg[1]_repN
    SLICE_X104Y77        LUT2 (Prop_lut2_I0_O)        0.124     6.392 r  expression_i_103/O
                         net (fo=1, routed)           0.000     6.392    expression_i_103_n_0
    SLICE_X104Y77        CARRY4 (Prop_carry4_S[1]_O[3])
                                                      0.643     7.035 r  expression_i_70/O[3]
                         net (fo=18, routed)          0.694     7.729    sum_ab[3]
    SLICE_X105Y76        LUT6 (Prop_lut6_I3_O)        0.307     8.036 r  expression_i_83/O
                         net (fo=2, routed)           0.618     8.655    expression_i_83_n_0
    SLICE_X102Y76        LUT6 (Prop_lut6_I0_O)        0.124     8.779 r  expression_i_87/O
                         net (fo=1, routed)           0.000     8.779    expression_i_87_n_0
    SLICE_X102Y76        CARRY4 (Prop_carry4_S[1]_CO[3])
                                                      0.533     9.312 r  expression_i_39/CO[3]
                         net (fo=1, routed)           0.000     9.312    expression_i_39_n_0
    SLICE_X102Y77        CARRY4 (Prop_carry4_CI_O[0])
                                                      0.219     9.531 r  expression_i_100/O[0]
                         net (fo=2, routed)           0.473    10.003    expression_i_100_n_7
    SLICE_X101Y76        LUT4 (Prop_lut4_I1_O)        0.295    10.298 r  expression_i_72/O
                         net (fo=3, routed)           0.850    11.149    expression_i_72_n_0
    SLICE_X96Y77         LUT6 (Prop_lut6_I0_O)        0.124    11.273 r  expression_i_34/O
                         net (fo=1, routed)           0.000    11.273    expression_i_34_n_0
    SLICE_X96Y77         CARRY4 (Prop_carry4_S[3]_CO[3])
                                                      0.376    11.649 r  expression_i_8/CO[3]
                         net (fo=1, routed)           0.000    11.649    expression_i_8_n_0
    SLICE_X96Y78         CARRY4 (Prop_carry4_CI_O[1])
                                                      0.323    11.972 r  expression_i_7/O[1]
                         net (fo=1, routed)           0.503    12.474    mult_c[12]
    SLICE_X100Y78        CARRY4 (Prop_carry4_S[0]_O[2])
                                                      0.850    13.324 r  expression_i_2/O[2]
                         net (fo=1, routed)           0.556    13.881    B[14]
    DSP48_X4Y31          DSP48E1                                      r  expression/B[14]
  -------------------------------------------------------------------    -------------------

                         (clock sys_clk rise edge)   11.500    11.500 r  <hidden>
    U14                                               0.000    11.500 r  clk
                         net (fo=0)                   0.000    11.500    clk
    U14                  IBUF (Prop_ibuf_I_O)         0.940    12.440 r  clk_IBUF_inst/O
                         net (fo=1, routed)           2.006    14.446    clk_IBUF
    BUFGCTRL_X0Y16       BUFG (Prop_bufg_I_O)         0.091    14.537 r  clk_IBUF_BUFG_inst/O
                         net (fo=35, routed)          1.686    16.223    clk_IBUF_BUFG
    DSP48_X4Y31          DSP48E1                                      r  expression/CLK
                         clock pessimism              0.458    16.681    <hidden>
                         clock uncertainty           -0.035    16.646    <hidden>
    DSP48_X4Y31          DSP48E1 (Setup_dsp48e1_CLK_B[14])
                                                     -3.713    12.933    expression
  -------------------------------------------------------------------
                         required time                         12.933    <hidden>
                         arrival time                         -13.881    <hidden>
  -------------------------------------------------------------------
                         slack                                 -0.948    <hidden>

Slack (VIOLATED) :        -0.866ns  (required time - arrival time)
  Source:                 a_reg_reg[1]_replica/C
                            (rising edge-triggered cell FDCE clocked by sys_clk  {rise@0.000ns fall@5.750ns period=11.500ns})
  Destination:            expression/B[15]
                            (rising edge-triggered cell DSP48E1 clocked by sys_clk  {rise@0.000ns fall@5.750ns period=11.500ns})
  Path Group:             sys_clk
  Path Type:              Setup (Max at Slow Process Corner)
  Requirement:            11.500ns  (sys_clk rise@11.500ns - sys_clk rise@0.000ns)
  Data Path Delay:        8.647ns  (logic 4.500ns (52.040%)  route 4.147ns (47.960%))
  Logic Levels:           11  (CARRY4=6 LUT2=1 LUT4=1 LUT6=3)
  Clock Path Skew:        0.036ns (DCD - SCD + CPR)
    Destination Clock Delay (DCD):    4.723ns = ( 16.223 - 11.500 ) 
    Source Clock Delay      (SCD):    5.146ns
    Clock Pessimism Removal (CPR):    0.458ns
  Clock Uncertainty:      0.035ns  ((TSJ^2 + TIJ^2)^1/2 + DJ) / 2 + PE
    Total System Jitter     (TSJ):    0.071ns
    Total Input Jitter      (TIJ):    0.000ns
    Discrete Jitter          (DJ):    0.000ns
    Phase Error              (PE):    0.000ns

    Location             Delay type                Incr(ns)  Path(ns)    Netlist Resource(s)
  -------------------------------------------------------------------    -------------------
                         (clock sys_clk rise edge)    0.000     0.000 r  <hidden>
    U14                                               0.000     0.000 r  clk
                         net (fo=0)                   0.000     0.000    clk
    U14                  IBUF (Prop_ibuf_I_O)         1.075     1.075 r  clk_IBUF_inst/O
                         net (fo=1, routed)           2.205     3.280    clk_IBUF
    BUFGCTRL_X0Y16       BUFG (Prop_bufg_I_O)         0.101     3.381 r  clk_IBUF_BUFG_inst/O
                         net (fo=35, routed)          1.765     5.146    clk_IBUF_BUFG
    SLICE_X104Y75        FDCE                                         r  a_reg_reg[1]_replica/C
  -------------------------------------------------------------------    -------------------
    SLICE_X104Y75        FDCE (Prop_fdce_C_Q)         0.518     5.664 r  a_reg_reg[1]_replica/Q
                         net (fo=2, routed)           0.605     6.268    a_reg[1]_repN
    SLICE_X104Y77        LUT2 (Prop_lut2_I0_O)        0.124     6.392 r  expression_i_103/O
                         net (fo=1, routed)           0.000     6.392    expression_i_103_n_0
    SLICE_X104Y77        CARRY4 (Prop_carry4_S[1]_O[3])
                                                      0.643     7.035 r  expression_i_70/O[3]
                         net (fo=18, routed)          0.694     7.729    sum_ab[3]
    SLICE_X105Y76        LUT6 (Prop_lut6_I3_O)        0.307     8.036 r  expression_i_83/O
                         net (fo=2, routed)           0.618     8.655    expression_i_83_n_0
    SLICE_X102Y76        LUT6 (Prop_lut6_I0_O)        0.124     8.779 r  expression_i_87/O
                         net (fo=1, routed)           0.000     8.779    expression_i_87_n_0
    SLICE_X102Y76        CARRY4 (Prop_carry4_S[1]_CO[3])
                                                      0.533     9.312 r  expression_i_39/CO[3]
                         net (fo=1, routed)           0.000     9.312    expression_i_39_n_0
    SLICE_X102Y77        CARRY4 (Prop_carry4_CI_O[0])
                                                      0.219     9.531 r  expression_i_100/O[0]
                         net (fo=2, routed)           0.473    10.003    expression_i_100_n_7
    SLICE_X101Y76        LUT4 (Prop_lut4_I1_O)        0.295    10.298 r  expression_i_72/O
                         net (fo=3, routed)           0.850    11.149    expression_i_72_n_0
    SLICE_X96Y77         LUT6 (Prop_lut6_I0_O)        0.124    11.273 r  expression_i_34/O
                         net (fo=1, routed)           0.000    11.273    expression_i_34_n_0
    SLICE_X96Y77         CARRY4 (Prop_carry4_S[3]_CO[3])
                                                      0.376    11.649 r  expression_i_8/CO[3]
                         net (fo=1, routed)           0.000    11.649    expression_i_8_n_0
    SLICE_X96Y78         CARRY4 (Prop_carry4_CI_O[1])
                                                      0.323    11.972 r  expression_i_7/O[1]
                         net (fo=1, routed)           0.503    12.474    mult_c[12]
    SLICE_X100Y78        CARRY4 (Prop_carry4_S[0]_O[3])
                                                      0.914    13.388 r  expression_i_2/O[3]
                         net (fo=1, routed)           0.404    13.793    B[15]
    DSP48_X4Y31          DSP48E1                                      r  expression/B[15]
  -------------------------------------------------------------------    -------------------

                         (clock sys_clk rise edge)   11.500    11.500 r  <hidden>
    U14                                               0.000    11.500 r  clk
                         net (fo=0)                   0.000    11.500    clk
    U14                  IBUF (Prop_ibuf_I_O)         0.940    12.440 r  clk_IBUF_inst/O
                         net (fo=1, routed)           2.006    14.446    clk_IBUF
    BUFGCTRL_X0Y16       BUFG (Prop_bufg_I_O)         0.091    14.537 r  clk_IBUF_BUFG_inst/O
                         net (fo=35, routed)          1.686    16.223    clk_IBUF_BUFG
    DSP48_X4Y31          DSP48E1                                      r  expression/CLK
                         clock pessimism              0.458    16.681    <hidden>
                         clock uncertainty           -0.035    16.646    <hidden>
    DSP48_X4Y31          DSP48E1 (Setup_dsp48e1_CLK_B[15])
                                                     -3.719    12.927    expression
  -------------------------------------------------------------------
                         required time                         12.927    <hidden>
                         arrival time                         -13.793    <hidden>
  -------------------------------------------------------------------
                         slack                                 -0.866    <hidden>

Slack (VIOLATED) :        -0.692ns  (required time - arrival time)
  Source:                 a_reg_reg[1]_replica/C
                            (rising edge-triggered cell FDCE clocked by sys_clk  {rise@0.000ns fall@5.750ns period=11.500ns})
  Destination:            expression/B[12]
                            (rising edge-triggered cell DSP48E1 clocked by sys_clk  {rise@0.000ns fall@5.750ns period=11.500ns})
  Path Group:             sys_clk
  Path Type:              Setup (Max at Slow Process Corner)
  Requirement:            11.500ns  (sys_clk rise@11.500ns - sys_clk rise@0.000ns)
  Data Path Delay:        8.485ns  (logic 4.372ns (51.527%)  route 4.113ns (48.473%))
  Logic Levels:           12  (CARRY4=7 LUT2=1 LUT4=1 LUT6=3)
  Clock Path Skew:        0.036ns (DCD - SCD + CPR)
    Destination Clock Delay (DCD):    4.723ns = ( 16.223 - 11.500 ) 
    Source Clock Delay      (SCD):    5.146ns
    Clock Pessimism Removal (CPR):    0.458ns
  Clock Uncertainty:      0.035ns  ((TSJ^2 + TIJ^2)^1/2 + DJ) / 2 + PE
    Total System Jitter     (TSJ):    0.071ns
    Total Input Jitter      (TIJ):    0.000ns
    Discrete Jitter          (DJ):    0.000ns
    Phase Error              (PE):    0.000ns

    Location             Delay type                Incr(ns)  Path(ns)    Netlist Resource(s)
  -------------------------------------------------------------------    -------------------
                         (clock sys_clk rise edge)    0.000     0.000 r  <hidden>
    U14                                               0.000     0.000 r  clk
                         net (fo=0)                   0.000     0.000    clk
    U14                  IBUF (Prop_ibuf_I_O)         1.075     1.075 r  clk_IBUF_inst/O
                         net (fo=1, routed)           2.205     3.280    clk_IBUF
    BUFGCTRL_X0Y16       BUFG (Prop_bufg_I_O)         0.101     3.381 r  clk_IBUF_BUFG_inst/O
                         net (fo=35, routed)          1.765     5.146    clk_IBUF_BUFG
    SLICE_X104Y75        FDCE                                         r  a_reg_reg[1]_replica/C
  -------------------------------------------------------------------    -------------------
    SLICE_X104Y75        FDCE (Prop_fdce_C_Q)         0.518     5.664 r  a_reg_reg[1]_replica/Q
                         net (fo=2, routed)           0.605     6.268    a_reg[1]_repN
    SLICE_X104Y77        LUT2 (Prop_lut2_I0_O)        0.124     6.392 r  expression_i_103/O
                         net (fo=1, routed)           0.000     6.392    expression_i_103_n_0
    SLICE_X104Y77        CARRY4 (Prop_carry4_S[1]_O[3])
                                                      0.643     7.035 r  expression_i_70/O[3]
                         net (fo=18, routed)          0.694     7.729    sum_ab[3]
    SLICE_X105Y76        LUT6 (Prop_lut6_I3_O)        0.307     8.036 r  expression_i_83/O
                         net (fo=2, routed)           0.618     8.655    expression_i_83_n_0
    SLICE_X102Y76        LUT6 (Prop_lut6_I0_O)        0.124     8.779 r  expression_i_87/O
                         net (fo=1, routed)           0.000     8.779    expression_i_87_n_0
    SLICE_X102Y76        CARRY4 (Prop_carry4_S[1]_CO[3])
                                                      0.533     9.312 r  expression_i_39/CO[3]
                         net (fo=1, routed)           0.000     9.312    expression_i_39_n_0
    SLICE_X102Y77        CARRY4 (Prop_carry4_CI_O[0])
                                                      0.219     9.531 r  expression_i_100/O[0]
                         net (fo=2, routed)           0.473    10.003    expression_i_100_n_7
    SLICE_X101Y76        LUT4 (Prop_lut4_I1_O)        0.295    10.298 r  expression_i_72/O
                         net (fo=3, routed)           0.850    11.149    expression_i_72_n_0
    SLICE_X96Y77         LUT6 (Prop_lut6_I0_O)        0.124    11.273 r  expression_i_34/O
                         net (fo=1, routed)           0.000    11.273    expression_i_34_n_0
    SLICE_X96Y77         CARRY4 (Prop_carry4_S[3]_CO[3])
                                                      0.376    11.649 r  expression_i_8/CO[3]
                         net (fo=1, routed)           0.000    11.649    expression_i_8_n_0
    SLICE_X96Y78         CARRY4 (Prop_carry4_CI_O[0])
                                                      0.219    11.868 r  expression_i_7/O[0]
                         net (fo=1, routed)           0.469    12.336    mult_c[11]
    SLICE_X100Y77        CARRY4 (Prop_carry4_S[3]_CO[3])
                                                      0.671    13.007 r  expression_i_3/CO[3]
                         net (fo=1, routed)           0.000    13.007    expression_i_3_n_0
    SLICE_X100Y78        CARRY4 (Prop_carry4_CI_O[0])
                                                      0.219    13.226 r  expression_i_2/O[0]
                         net (fo=1, routed)           0.404    13.630    B[12]
    DSP48_X4Y31          DSP48E1                                      r  expression/B[12]
  -------------------------------------------------------------------    -------------------

                         (clock sys_clk rise edge)   11.500    11.500 r  <hidden>
    U14                                               0.000    11.500 r  clk
                         net (fo=0)                   0.000    11.500    clk
    U14                  IBUF (Prop_ibuf_I_O)         0.940    12.440 r  clk_IBUF_inst/O
                         net (fo=1, routed)           2.006    14.446    clk_IBUF
    BUFGCTRL_X0Y16       BUFG (Prop_bufg_I_O)         0.091    14.537 r  clk_IBUF_BUFG_inst/O
                         net (fo=35, routed)          1.686    16.223    clk_IBUF_BUFG
    DSP48_X4Y31          DSP48E1                                      r  expression/CLK
                         clock pessimism              0.458    16.681    <hidden>
                         clock uncertainty           -0.035    16.646    <hidden>
    DSP48_X4Y31          DSP48E1 (Setup_dsp48e1_CLK_B[12])
                                                     -3.707    12.939    expression
  -------------------------------------------------------------------
                         required time                         12.939    <hidden>
                         arrival time                         -13.630    <hidden>
  -------------------------------------------------------------------
                         slack                                 -0.692    <hidden>

Slack (VIOLATED) :        -0.578ns  (required time - arrival time)
  Source:                 a_reg_reg[1]_replica/C
                            (rising edge-triggered cell FDCE clocked by sys_clk  {rise@0.000ns fall@5.750ns period=11.500ns})
  Destination:            expression/B[10]
                            (rising edge-triggered cell DSP48E1 clocked by sys_clk  {rise@0.000ns fall@5.750ns period=11.500ns})
  Path Group:             sys_clk
  Path Type:              Setup (Max at Slow Process Corner)
  Requirement:            11.500ns  (sys_clk rise@11.500ns - sys_clk rise@0.000ns)
  Data Path Delay:        8.366ns  (logic 4.344ns (51.927%)  route 4.022ns (48.073%))
  Logic Levels:           10  (CARRY4=5 LUT2=1 LUT4=1 LUT6=3)
  Clock Path Skew:        0.036ns (DCD - SCD + CPR)
    Destination Clock Delay (DCD):    4.723ns = ( 16.223 - 11.500 ) 
    Source Clock Delay      (SCD):    5.146ns
    Clock Pessimism Removal (CPR):    0.458ns
  Clock Uncertainty:      0.035ns  ((TSJ^2 + TIJ^2)^1/2 + DJ) / 2 + PE
    Total System Jitter     (TSJ):    0.071ns
    Total Input Jitter      (TIJ):    0.000ns
    Discrete Jitter          (DJ):    0.000ns
    Phase Error              (PE):    0.000ns

    Location             Delay type                Incr(ns)  Path(ns)    Netlist Resource(s)
  -------------------------------------------------------------------    -------------------
                         (clock sys_clk rise edge)    0.000     0.000 r  <hidden>
    U14                                               0.000     0.000 r  clk
                         net (fo=0)                   0.000     0.000    clk
    U14                  IBUF (Prop_ibuf_I_O)         1.075     1.075 r  clk_IBUF_inst/O
                         net (fo=1, routed)           2.205     3.280    clk_IBUF
    BUFGCTRL_X0Y16       BUFG (Prop_bufg_I_O)         0.101     3.381 r  clk_IBUF_BUFG_inst/O
                         net (fo=35, routed)          1.765     5.146    clk_IBUF_BUFG
    SLICE_X104Y75        FDCE                                         r  a_reg_reg[1]_replica/C
  -------------------------------------------------------------------    -------------------
    SLICE_X104Y75        FDCE (Prop_fdce_C_Q)         0.518     5.664 r  a_reg_reg[1]_replica/Q
                         net (fo=2, routed)           0.605     6.268    a_reg[1]_repN
    SLICE_X104Y77        LUT2 (Prop_lut2_I0_O)        0.124     6.392 r  expression_i_103/O
                         net (fo=1, routed)           0.000     6.392    expression_i_103_n_0
    SLICE_X104Y77        CARRY4 (Prop_carry4_S[1]_O[3])
                                                      0.643     7.035 r  expression_i_70/O[3]
                         net (fo=18, routed)          0.694     7.729    sum_ab[3]
    SLICE_X105Y76        LUT6 (Prop_lut6_I3_O)        0.307     8.036 r  expression_i_83/O
                         net (fo=2, routed)           0.618     8.655    expression_i_83_n_0
    SLICE_X102Y76        LUT6 (Prop_lut6_I0_O)        0.124     8.779 r  expression_i_87/O
                         net (fo=1, routed)           0.000     8.779    expression_i_87_n_0
    SLICE_X102Y76        CARRY4 (Prop_carry4_S[1]_CO[3])
                                                      0.533     9.312 r  expression_i_39/CO[3]
                         net (fo=1, routed)           0.000     9.312    expression_i_39_n_0
    SLICE_X102Y77        CARRY4 (Prop_carry4_CI_O[0])
                                                      0.219     9.531 r  expression_i_100/O[0]
                         net (fo=2, routed)           0.474    10.005    expression_i_100_n_7
    SLICE_X99Y77         LUT4 (Prop_lut4_I3_O)        0.295    10.300 r  expression_i_73/O
                         net (fo=4, routed)           0.531    10.831    expression_i_73_n_0
    SLICE_X96Y77         LUT6 (Prop_lut6_I0_O)        0.124    10.955 r  expression_i_36/O
                         net (fo=1, routed)           0.000    10.955    expression_i_36_n_0
    SLICE_X96Y77         CARRY4 (Prop_carry4_S[1]_O[2])
                                                      0.578    11.533 r  expression_i_8/O[2]
                         net (fo=1, routed)           0.504    12.037    mult_c[9]
    SLICE_X100Y77        CARRY4 (Prop_carry4_S[1]_O[2])
                                                      0.879    12.916 r  expression_i_3/O[2]
                         net (fo=1, routed)           0.595    13.511    B[10]
    DSP48_X4Y31          DSP48E1                                      r  expression/B[10]
  -------------------------------------------------------------------    -------------------

                         (clock sys_clk rise edge)   11.500    11.500 r  <hidden>
    U14                                               0.000    11.500 r  clk
                         net (fo=0)                   0.000    11.500    clk
    U14                  IBUF (Prop_ibuf_I_O)         0.940    12.440 r  clk_IBUF_inst/O
                         net (fo=1, routed)           2.006    14.446    clk_IBUF
    BUFGCTRL_X0Y16       BUFG (Prop_bufg_I_O)         0.091    14.537 r  clk_IBUF_BUFG_inst/O
                         net (fo=35, routed)          1.686    16.223    clk_IBUF_BUFG
    DSP48_X4Y31          DSP48E1                                      r  expression/CLK
                         clock pessimism              0.458    16.681    <hidden>
                         clock uncertainty           -0.035    16.646    <hidden>
    DSP48_X4Y31          DSP48E1 (Setup_dsp48e1_CLK_B[10])
                                                     -3.713    12.933    expression
  -------------------------------------------------------------------
                         required time                         12.933    <hidden>
                         arrival time                         -13.511    <hidden>
  -------------------------------------------------------------------
                         slack                                 -0.578    <hidden>

Slack (VIOLATED) :        -0.459ns  (required time - arrival time)
  Source:                 a_reg_reg[1]_replica/C
                            (rising edge-triggered cell FDCE clocked by sys_clk  {rise@0.000ns fall@5.750ns period=11.500ns})
  Destination:            expression/B[11]
                            (rising edge-triggered cell DSP48E1 clocked by sys_clk  {rise@0.000ns fall@5.750ns period=11.500ns})
  Path Group:             sys_clk
  Path Type:              Setup (Max at Slow Process Corner)
  Requirement:            11.500ns  (sys_clk rise@11.500ns - sys_clk rise@0.000ns)
  Data Path Delay:        8.240ns  (logic 4.409ns (53.509%)  route 3.831ns (46.491%))
  Logic Levels:           10  (CARRY4=5 LUT2=1 LUT4=1 LUT6=3)
  Clock Path Skew:        0.036ns (DCD - SCD + CPR)
    Destination Clock Delay (DCD):    4.723ns = ( 16.223 - 11.500 ) 
    Source Clock Delay      (SCD):    5.146ns
    Clock Pessimism Removal (CPR):    0.458ns
  Clock Uncertainty:      0.035ns  ((TSJ^2 + TIJ^2)^1/2 + DJ) / 2 + PE
    Total System Jitter     (TSJ):    0.071ns
    Total Input Jitter      (TIJ):    0.000ns
    Discrete Jitter          (DJ):    0.000ns
    Phase Error              (PE):    0.000ns

    Location             Delay type                Incr(ns)  Path(ns)    Netlist Resource(s)
  -------------------------------------------------------------------    -------------------
                         (clock sys_clk rise edge)    0.000     0.000 r  <hidden>
    U14                                               0.000     0.000 r  clk
                         net (fo=0)                   0.000     0.000    clk
    U14                  IBUF (Prop_ibuf_I_O)         1.075     1.075 r  clk_IBUF_inst/O
                         net (fo=1, routed)           2.205     3.280    clk_IBUF
    BUFGCTRL_X0Y16       BUFG (Prop_bufg_I_O)         0.101     3.381 r  clk_IBUF_BUFG_inst/O
                         net (fo=35, routed)          1.765     5.146    clk_IBUF_BUFG
    SLICE_X104Y75        FDCE                                         r  a_reg_reg[1]_replica/C
  -------------------------------------------------------------------    -------------------
    SLICE_X104Y75        FDCE (Prop_fdce_C_Q)         0.518     5.664 r  a_reg_reg[1]_replica/Q
                         net (fo=2, routed)           0.605     6.268    a_reg[1]_repN
    SLICE_X104Y77        LUT2 (Prop_lut2_I0_O)        0.124     6.392 r  expression_i_103/O
                         net (fo=1, routed)           0.000     6.392    expression_i_103_n_0
    SLICE_X104Y77        CARRY4 (Prop_carry4_S[1]_O[3])
                                                      0.643     7.035 r  expression_i_70/O[3]
                         net (fo=18, routed)          0.694     7.729    sum_ab[3]
    SLICE_X105Y76        LUT6 (Prop_lut6_I3_O)        0.307     8.036 r  expression_i_83/O
                         net (fo=2, routed)           0.618     8.655    expression_i_83_n_0
    SLICE_X102Y76        LUT6 (Prop_lut6_I0_O)        0.124     8.779 r  expression_i_87/O
                         net (fo=1, routed)           0.000     8.779    expression_i_87_n_0
    SLICE_X102Y76        CARRY4 (Prop_carry4_S[1]_CO[3])
                                                      0.533     9.312 r  expression_i_39/CO[3]
                         net (fo=1, routed)           0.000     9.312    expression_i_39_n_0
    SLICE_X102Y77        CARRY4 (Prop_carry4_CI_O[0])
                                                      0.219     9.531 r  expression_i_100/O[0]
                         net (fo=2, routed)           0.474    10.005    expression_i_100_n_7
    SLICE_X99Y77         LUT4 (Prop_lut4_I3_O)        0.295    10.300 r  expression_i_73/O
                         net (fo=4, routed)           0.531    10.831    expression_i_73_n_0
    SLICE_X96Y77         LUT6 (Prop_lut6_I0_O)        0.124    10.955 r  expression_i_36/O
                         net (fo=1, routed)           0.000    10.955    expression_i_36_n_0
    SLICE_X96Y77         CARRY4 (Prop_carry4_S[1]_O[2])
                                                      0.578    11.533 r  expression_i_8/O[2]
                         net (fo=1, routed)           0.504    12.037    mult_c[9]
    SLICE_X100Y77        CARRY4 (Prop_carry4_S[1]_O[3])
                                                      0.944    12.981 r  expression_i_3/O[3]
                         net (fo=1, routed)           0.404    13.385    B[11]
    DSP48_X4Y31          DSP48E1                                      r  expression/B[11]
  -------------------------------------------------------------------    -------------------

                         (clock sys_clk rise edge)   11.500    11.500 r  <hidden>
    U14                                               0.000    11.500 r  clk
                         net (fo=0)                   0.000    11.500    clk
    U14                  IBUF (Prop_ibuf_I_O)         0.940    12.440 r  clk_IBUF_inst/O
                         net (fo=1, routed)           2.006    14.446    clk_IBUF
    BUFGCTRL_X0Y16       BUFG (Prop_bufg_I_O)         0.091    14.537 r  clk_IBUF_BUFG_inst/O
                         net (fo=35, routed)          1.686    16.223    clk_IBUF_BUFG
    DSP48_X4Y31          DSP48E1                                      r  expression/CLK
                         clock pessimism              0.458    16.681    <hidden>
                         clock uncertainty           -0.035    16.646    <hidden>
    DSP48_X4Y31          DSP48E1 (Setup_dsp48e1_CLK_B[11])
                                                     -3.719    12.927    expression
  -------------------------------------------------------------------
                         required time                         12.927    <hidden>
                         arrival time                         -13.385    <hidden>
  -------------------------------------------------------------------
                         slack                                 -0.459    <hidden>

Slack (VIOLATED) :        -0.233ns  (required time - arrival time)
  Source:                 a_reg_reg[1]_replica/C
                            (rising edge-triggered cell FDCE clocked by sys_clk  {rise@0.000ns fall@5.750ns period=11.500ns})
  Destination:            expression/B[9]
                            (rising edge-triggered cell DSP48E1 clocked by sys_clk  {rise@0.000ns fall@5.750ns period=11.500ns})
  Path Group:             sys_clk
  Path Type:              Setup (Max at Slow Process Corner)
  Requirement:            11.500ns  (sys_clk rise@11.500ns - sys_clk rise@0.000ns)
  Data Path Delay:        8.015ns  (logic 3.996ns (49.854%)  route 4.019ns (50.146%))
  Logic Levels:           10  (CARRY4=5 LUT2=1 LUT4=1 LUT6=3)
  Clock Path Skew:        0.036ns (DCD - SCD + CPR)
    Destination Clock Delay (DCD):    4.723ns = ( 16.223 - 11.500 ) 
    Source Clock Delay      (SCD):    5.146ns
    Clock Pessimism Removal (CPR):    0.458ns
  Clock Uncertainty:      0.035ns  ((TSJ^2 + TIJ^2)^1/2 + DJ) / 2 + PE
    Total System Jitter     (TSJ):    0.071ns
    Total Input Jitter      (TIJ):    0.000ns
    Discrete Jitter          (DJ):    0.000ns
    Phase Error              (PE):    0.000ns

    Location             Delay type                Incr(ns)  Path(ns)    Netlist Resource(s)
  -------------------------------------------------------------------    -------------------
                         (clock sys_clk rise edge)    0.000     0.000 r  <hidden>
    U14                                               0.000     0.000 r  clk
                         net (fo=0)                   0.000     0.000    clk
    U14                  IBUF (Prop_ibuf_I_O)         1.075     1.075 r  clk_IBUF_inst/O
                         net (fo=1, routed)           2.205     3.280    clk_IBUF
    BUFGCTRL_X0Y16       BUFG (Prop_bufg_I_O)         0.101     3.381 r  clk_IBUF_BUFG_inst/O
                         net (fo=35, routed)          1.765     5.146    clk_IBUF_BUFG
    SLICE_X104Y75        FDCE                                         r  a_reg_reg[1]_replica/C
  -------------------------------------------------------------------    -------------------
    SLICE_X104Y75        FDCE (Prop_fdce_C_Q)         0.518     5.664 r  a_reg_reg[1]_replica/Q
                         net (fo=2, routed)           0.605     6.268    a_reg[1]_repN
    SLICE_X104Y77        LUT2 (Prop_lut2_I0_O)        0.124     6.392 r  expression_i_103/O
                         net (fo=1, routed)           0.000     6.392    expression_i_103_n_0
    SLICE_X104Y77        CARRY4 (Prop_carry4_S[1]_O[3])
                                                      0.643     7.035 r  expression_i_70/O[3]
                         net (fo=18, routed)          0.694     7.729    sum_ab[3]
    SLICE_X105Y76        LUT6 (Prop_lut6_I3_O)        0.307     8.036 r  expression_i_83/O
                         net (fo=2, routed)           0.618     8.655    expression_i_83_n_0
    SLICE_X102Y76        LUT6 (Prop_lut6_I0_O)        0.124     8.779 r  expression_i_87/O
                         net (fo=1, routed)           0.000     8.779    expression_i_87_n_0
    SLICE_X102Y76        CARRY4 (Prop_carry4_S[1]_CO[3])
                                                      0.533     9.312 r  expression_i_39/CO[3]
                         net (fo=1, routed)           0.000     9.312    expression_i_39_n_0
    SLICE_X102Y77        CARRY4 (Prop_carry4_CI_O[0])
                                                      0.219     9.531 r  expression_i_100/O[0]
                         net (fo=2, routed)           0.474    10.005    expression_i_100_n_7
    SLICE_X99Y77         LUT4 (Prop_lut4_I3_O)        0.295    10.300 r  expression_i_73/O
                         net (fo=4, routed)           0.531    10.831    expression_i_73_n_0
    SLICE_X96Y77         LUT6 (Prop_lut6_I0_O)        0.124    10.955 r  expression_i_36/O
                         net (fo=1, routed)           0.000    10.955    expression_i_36_n_0
    SLICE_X96Y77         CARRY4 (Prop_carry4_S[1]_O[2])
                                                      0.578    11.533 r  expression_i_8/O[2]
                         net (fo=1, routed)           0.504    12.037    mult_c[9]
    SLICE_X100Y77        CARRY4 (Prop_carry4_S[1]_O[1])
                                                      0.531    12.568 r  expression_i_3/O[1]
                         net (fo=1, routed)           0.593    13.161    B[9]
    DSP48_X4Y31          DSP48E1                                      r  expression/B[9]
  -------------------------------------------------------------------    -------------------

                         (clock sys_clk rise edge)   11.500    11.500 r  <hidden>
    U14                                               0.000    11.500 r  clk
                         net (fo=0)                   0.000    11.500    clk
    U14                  IBUF (Prop_ibuf_I_O)         0.940    12.440 r  clk_IBUF_inst/O
                         net (fo=1, routed)           2.006    14.446    clk_IBUF
    BUFGCTRL_X0Y16       BUFG (Prop_bufg_I_O)         0.091    14.537 r  clk_IBUF_BUFG_inst/O
                         net (fo=35, routed)          1.686    16.223    clk_IBUF_BUFG
    DSP48_X4Y31          DSP48E1                                      r  expression/CLK
                         clock pessimism              0.458    16.681    <hidden>
                         clock uncertainty           -0.035    16.646    <hidden>
    DSP48_X4Y31          DSP48E1 (Setup_dsp48e1_CLK_B[9])
                                                     -3.718    12.928    expression
  -------------------------------------------------------------------
                         required time                         12.928    <hidden>
                         arrival time                         -13.161    <hidden>
  -------------------------------------------------------------------
                         slack                                 -0.233    <hidden>

Slack (VIOLATED) :        -0.030ns  (required time - arrival time)
  Source:                 a_reg_reg[1]_replica/C
                            (rising edge-triggered cell FDCE clocked by sys_clk  {rise@0.000ns fall@5.750ns period=11.500ns})
  Destination:            expression/B[8]
                            (rising edge-triggered cell DSP48E1 clocked by sys_clk  {rise@0.000ns fall@5.750ns period=11.500ns})
  Path Group:             sys_clk
  Path Type:              Setup (Max at Slow Process Corner)
  Requirement:            11.500ns  (sys_clk rise@11.500ns - sys_clk rise@0.000ns)
  Data Path Delay:        7.823ns  (logic 4.080ns (52.151%)  route 3.743ns (47.849%))
  Logic Levels:           11  (CARRY4=6 LUT2=2 LUT4=1 LUT6=2)
  Clock Path Skew:        0.036ns (DCD - SCD + CPR)
    Destination Clock Delay (DCD):    4.723ns = ( 16.223 - 11.500 ) 
    Source Clock Delay      (SCD):    5.146ns
    Clock Pessimism Removal (CPR):    0.458ns
  Clock Uncertainty:      0.035ns  ((TSJ^2 + TIJ^2)^1/2 + DJ) / 2 + PE
    Total System Jitter     (TSJ):    0.071ns
    Total Input Jitter      (TIJ):    0.000ns
    Discrete Jitter          (DJ):    0.000ns
    Phase Error              (PE):    0.000ns

    Location             Delay type                Incr(ns)  Path(ns)    Netlist Resource(s)
  -------------------------------------------------------------------    -------------------
                         (clock sys_clk rise edge)    0.000     0.000 r  <hidden>
    U14                                               0.000     0.000 r  clk
                         net (fo=0)                   0.000     0.000    clk
    U14                  IBUF (Prop_ibuf_I_O)         1.075     1.075 r  clk_IBUF_inst/O
                         net (fo=1, routed)           2.205     3.280    clk_IBUF
    BUFGCTRL_X0Y16       BUFG (Prop_bufg_I_O)         0.101     3.381 r  clk_IBUF_BUFG_inst/O
                         net (fo=35, routed)          1.765     5.146    clk_IBUF_BUFG
    SLICE_X104Y75        FDCE                                         r  a_reg_reg[1]_replica/C
  -------------------------------------------------------------------    -------------------
    SLICE_X104Y75        FDCE (Prop_fdce_C_Q)         0.518     5.664 r  a_reg_reg[1]_replica/Q
                         net (fo=2, routed)           0.605     6.268    a_reg[1]_repN
    SLICE_X104Y77        LUT2 (Prop_lut2_I0_O)        0.124     6.392 r  expression_i_103/O
                         net (fo=1, routed)           0.000     6.392    expression_i_103_n_0
    SLICE_X104Y77        CARRY4 (Prop_carry4_S[1]_O[3])
                                                      0.643     7.035 r  expression_i_70/O[3]
                         net (fo=18, routed)          0.694     7.729    sum_ab[3]
    SLICE_X105Y76        LUT6 (Prop_lut6_I3_O)        0.307     8.036 r  expression_i_83/O
                         net (fo=2, routed)           0.618     8.655    expression_i_83_n_0
    SLICE_X102Y76        LUT6 (Prop_lut6_I0_O)        0.124     8.779 r  expression_i_87/O
                         net (fo=1, routed)           0.000     8.779    expression_i_87_n_0
    SLICE_X102Y76        CARRY4 (Prop_carry4_S[1]_O[2])
                                                      0.578     9.357 r  expression_i_39/O[2]
                         net (fo=6, routed)           0.802    10.158    expression_i_39_n_5
    SLICE_X96Y76         LUT4 (Prop_lut4_I1_O)        0.301    10.459 r  expression_i_40/O
                         net (fo=1, routed)           0.000    10.459    expression_i_40_n_0
    SLICE_X96Y76         CARRY4 (Prop_carry4_S[3]_CO[3])
                                                      0.376    10.835 r  expression_i_9/CO[3]
                         net (fo=1, routed)           0.000    10.835    expression_i_9_n_0
    SLICE_X96Y77         CARRY4 (Prop_carry4_CI_O[0])
                                                      0.219    11.054 r  expression_i_8/O[0]
                         net (fo=2, routed)           0.484    11.539    mult_c[7]
    SLICE_X100Y76        LUT2 (Prop_lut2_I0_O)        0.295    11.834 r  expression_i_10/O
                         net (fo=1, routed)           0.000    11.834    expression_i_10_n_0
    SLICE_X100Y76        CARRY4 (Prop_carry4_S[3]_CO[3])
                                                      0.376    12.210 r  expression_i_4/CO[3]
                         net (fo=1, routed)           0.000    12.210    expression_i_4_n_0
    SLICE_X100Y77        CARRY4 (Prop_carry4_CI_O[0])
                                                      0.219    12.429 r  expression_i_3/O[0]
                         net (fo=1, routed)           0.540    12.969    B[8]
    DSP48_X4Y31          DSP48E1                                      r  expression/B[8]
  -------------------------------------------------------------------    -------------------

                         (clock sys_clk rise edge)   11.500    11.500 r  <hidden>
    U14                                               0.000    11.500 r  clk
                         net (fo=0)                   0.000    11.500    clk
    U14                  IBUF (Prop_ibuf_I_O)         0.940    12.440 r  clk_IBUF_inst/O
                         net (fo=1, routed)           2.006    14.446    clk_IBUF
    BUFGCTRL_X0Y16       BUFG (Prop_bufg_I_O)         0.091    14.537 r  clk_IBUF_BUFG_inst/O
                         net (fo=35, routed)          1.686    16.223    clk_IBUF_BUFG
    DSP48_X4Y31          DSP48E1                                      r  expression/CLK
                         clock pessimism              0.458    16.681    <hidden>
                         clock uncertainty           -0.035    16.646    <hidden>
    DSP48_X4Y31          DSP48E1 (Setup_dsp48e1_CLK_B[8])
                                                     -3.707    12.939    expression
  -------------------------------------------------------------------
                         required time                         12.939    <hidden>
                         arrival time                         -12.969    <hidden>
  -------------------------------------------------------------------
                         slack                                 -0.030    <hidden>

Slack (MET) :             0.434ns  (required time - arrival time)
  Source:                 a_reg_reg[1]_replica/C
                            (rising edge-triggered cell FDCE clocked by sys_clk  {rise@0.000ns fall@5.750ns period=11.500ns})
  Destination:            expression/B[7]
                            (rising edge-triggered cell DSP48E1 clocked by sys_clk  {rise@0.000ns fall@5.750ns period=11.500ns})
  Path Group:             sys_clk
  Path Type:              Setup (Max at Slow Process Corner)
  Requirement:            11.500ns  (sys_clk rise@11.500ns - sys_clk rise@0.000ns)
  Data Path Delay:        7.348ns  (logic 3.740ns (50.901%)  route 3.608ns (49.099%))
  Logic Levels:           10  (CARRY4=5 LUT2=2 LUT4=1 LUT6=2)
  Clock Path Skew:        0.036ns (DCD - SCD + CPR)
    Destination Clock Delay (DCD):    4.723ns = ( 16.223 - 11.500 ) 
    Source Clock Delay      (SCD):    5.146ns
    Clock Pessimism Removal (CPR):    0.458ns
  Clock Uncertainty:      0.035ns  ((TSJ^2 + TIJ^2)^1/2 + DJ) / 2 + PE
    Total System Jitter     (TSJ):    0.071ns
    Total Input Jitter      (TIJ):    0.000ns
    Discrete Jitter          (DJ):    0.000ns
    Phase Error              (PE):    0.000ns

    Location             Delay type                Incr(ns)  Path(ns)    Netlist Resource(s)
  -------------------------------------------------------------------    -------------------
                         (clock sys_clk rise edge)    0.000     0.000 r  <hidden>
    U14                                               0.000     0.000 r  clk
                         net (fo=0)                   0.000     0.000    clk
    U14                  IBUF (Prop_ibuf_I_O)         1.075     1.075 r  clk_IBUF_inst/O
                         net (fo=1, routed)           2.205     3.280    clk_IBUF
    BUFGCTRL_X0Y16       BUFG (Prop_bufg_I_O)         0.101     3.381 r  clk_IBUF_BUFG_inst/O
                         net (fo=35, routed)          1.765     5.146    clk_IBUF_BUFG
    SLICE_X104Y75        FDCE                                         r  a_reg_reg[1]_replica/C
  -------------------------------------------------------------------    -------------------
    SLICE_X104Y75        FDCE (Prop_fdce_C_Q)         0.518     5.664 r  a_reg_reg[1]_replica/Q
                         net (fo=2, routed)           0.605     6.268    a_reg[1]_repN
    SLICE_X104Y77        LUT2 (Prop_lut2_I0_O)        0.124     6.392 r  expression_i_103/O
                         net (fo=1, routed)           0.000     6.392    expression_i_103_n_0
    SLICE_X104Y77        CARRY4 (Prop_carry4_S[1]_O[3])
                                                      0.643     7.035 r  expression_i_70/O[3]
                         net (fo=18, routed)          0.694     7.729    sum_ab[3]
    SLICE_X105Y76        LUT6 (Prop_lut6_I3_O)        0.307     8.036 r  expression_i_83/O
                         net (fo=2, routed)           0.618     8.655    expression_i_83_n_0
    SLICE_X102Y76        LUT6 (Prop_lut6_I0_O)        0.124     8.779 r  expression_i_87/O
                         net (fo=1, routed)           0.000     8.779    expression_i_87_n_0
    SLICE_X102Y76        CARRY4 (Prop_carry4_S[1]_O[2])
                                                      0.578     9.357 r  expression_i_39/O[2]
                         net (fo=6, routed)           0.802    10.158    expression_i_39_n_5
    SLICE_X96Y76         LUT4 (Prop_lut4_I1_O)        0.301    10.459 r  expression_i_40/O
                         net (fo=1, routed)           0.000    10.459    expression_i_40_n_0
    SLICE_X96Y76         CARRY4 (Prop_carry4_S[3]_CO[3])
                                                      0.376    10.835 r  expression_i_9/CO[3]
                         net (fo=1, routed)           0.000    10.835    expression_i_9_n_0
    SLICE_X96Y77         CARRY4 (Prop_carry4_CI_O[0])
                                                      0.219    11.054 r  expression_i_8/O[0]
                         net (fo=2, routed)           0.484    11.539    mult_c[7]
    SLICE_X100Y76        LUT2 (Prop_lut2_I0_O)        0.295    11.834 r  expression_i_10/O
                         net (fo=1, routed)           0.000    11.834    expression_i_10_n_0
    SLICE_X100Y76        CARRY4 (Prop_carry4_S[3]_O[3])
                                                      0.255    12.089 r  expression_i_4/O[3]
                         net (fo=1, routed)           0.404    12.493    B[7]
    DSP48_X4Y31          DSP48E1                                      r  expression/B[7]
  -------------------------------------------------------------------    -------------------

                         (clock sys_clk rise edge)   11.500    11.500 r  <hidden>
    U14                                               0.000    11.500 r  clk
                         net (fo=0)                   0.000    11.500    clk
    U14                  IBUF (Prop_ibuf_I_O)         0.940    12.440 r  clk_IBUF_inst/O
                         net (fo=1, routed)           2.006    14.446    clk_IBUF
    BUFGCTRL_X0Y16       BUFG (Prop_bufg_I_O)         0.091    14.537 r  clk_IBUF_BUFG_inst/O
                         net (fo=35, routed)          1.686    16.223    clk_IBUF_BUFG
    DSP48_X4Y31          DSP48E1                                      r  expression/CLK
                         clock pessimism              0.458    16.681    <hidden>
                         clock uncertainty           -0.035    16.646    <hidden>
    DSP48_X4Y31          DSP48E1 (Setup_dsp48e1_CLK_B[7])
                                                     -3.719    12.927    expression
  -------------------------------------------------------------------
                         required time                         12.927    <hidden>
                         arrival time                         -12.493    <hidden>
  -------------------------------------------------------------------
                         slack                                  0.434    <hidden>





Min Delay Paths
--------------------------------------------------------------------------------------
Slack (MET) :             0.745ns  (arrival time - required time)
  Source:                 d_reg_reg[1]/C
                            (rising edge-triggered cell FDCE clocked by sys_clk  {rise@0.000ns fall@5.750ns period=11.500ns})
  Destination:            expression/A[1]
                            (rising edge-triggered cell DSP48E1 clocked by sys_clk  {rise@0.000ns fall@5.750ns period=11.500ns})
  Path Group:             sys_clk
  Path Type:              Hold (Min at Fast Process Corner)
  Requirement:            0.000ns  (sys_clk rise@0.000ns - sys_clk rise@0.000ns)
  Data Path Delay:        0.380ns  (logic 0.164ns (43.156%)  route 0.216ns (56.844%))
  Logic Levels:           0  
  Clock Path Skew:        0.127ns (DCD - SCD - CPR)
    Destination Clock Delay (DCD):    2.208ns
    Source Clock Delay      (SCD):    1.597ns
    Clock Pessimism Removal (CPR):    0.484ns

    Location             Delay type                Incr(ns)  Path(ns)    Netlist Resource(s)
  -------------------------------------------------------------------    -------------------
                         (clock sys_clk rise edge)    0.000     0.000 r  <hidden>
    U14                                               0.000     0.000 r  clk
                         net (fo=0)                   0.000     0.000    clk
    U14                  IBUF (Prop_ibuf_I_O)         0.302     0.302 r  clk_IBUF_inst/O
                         net (fo=1, routed)           0.674     0.976    clk_IBUF
    BUFGCTRL_X0Y16       BUFG (Prop_bufg_I_O)         0.026     1.002 r  clk_IBUF_BUFG_inst/O
                         net (fo=35, routed)          0.595     1.597    clk_IBUF_BUFG
    SLICE_X104Y75        FDCE                                         r  d_reg_reg[1]/C
  -------------------------------------------------------------------    -------------------
    SLICE_X104Y75        FDCE (Prop_fdce_C_Q)         0.164     1.761 r  d_reg_reg[1]/Q
                         net (fo=2, routed)           0.216     1.977    d_reg[1]
    DSP48_X4Y31          DSP48E1                                      r  expression/A[1]
  -------------------------------------------------------------------    -------------------

                         (clock sys_clk rise edge)    0.000     0.000 r  <hidden>
    U14                                               0.000     0.000 r  clk
                         net (fo=0)                   0.000     0.000    clk
    U14                  IBUF (Prop_ibuf_I_O)         0.492     0.492 r  clk_IBUF_inst/O
                         net (fo=1, routed)           0.731     1.223    clk_IBUF
    BUFGCTRL_X0Y16       BUFG (Prop_bufg_I_O)         0.029     1.252 r  clk_IBUF_BUFG_inst/O
                         net (fo=35, routed)          0.956     2.208    clk_IBUF_BUFG
    DSP48_X4Y31          DSP48E1                                      r  expression/CLK
                         clock pessimism             -0.484     1.724    <hidden>
    DSP48_X4Y31          DSP48E1 (Hold_dsp48e1_CLK_A[1])
                                                     -0.491     1.233    expression
  -------------------------------------------------------------------
                         required time                         -1.233    <hidden>
                         arrival time                           1.977    <hidden>
  -------------------------------------------------------------------
                         slack                                  0.745    <hidden>

Slack (MET) :             0.807ns  (arrival time - required time)
  Source:                 d_reg_reg[2]/C
                            (rising edge-triggered cell FDCE clocked by sys_clk  {rise@0.000ns fall@5.750ns period=11.500ns})
  Destination:            expression/A[2]
                            (rising edge-triggered cell DSP48E1 clocked by sys_clk  {rise@0.000ns fall@5.750ns period=11.500ns})
  Path Group:             sys_clk
  Path Type:              Hold (Min at Fast Process Corner)
  Requirement:            0.000ns  (sys_clk rise@0.000ns - sys_clk rise@0.000ns)
  Data Path Delay:        0.439ns  (logic 0.164ns (37.346%)  route 0.275ns (62.654%))
  Logic Levels:           0  
  Clock Path Skew:        0.124ns (DCD - SCD - CPR)
    Destination Clock Delay (DCD):    2.208ns
    Source Clock Delay      (SCD):    1.600ns
    Clock Pessimism Removal (CPR):    0.484ns

    Location             Delay type                Incr(ns)  Path(ns)    Netlist Resource(s)
  -------------------------------------------------------------------    -------------------
                         (clock sys_clk rise edge)    0.000     0.000 r  <hidden>
    U14                                               0.000     0.000 r  clk
                         net (fo=0)                   0.000     0.000    clk
    U14                  IBUF (Prop_ibuf_I_O)         0.302     0.302 r  clk_IBUF_inst/O
                         net (fo=1, routed)           0.674     0.976    clk_IBUF
    BUFGCTRL_X0Y16       BUFG (Prop_bufg_I_O)         0.026     1.002 r  clk_IBUF_BUFG_inst/O
                         net (fo=35, routed)          0.598     1.600    clk_IBUF_BUFG
    SLICE_X104Y77        FDCE                                         r  d_reg_reg[2]/C
  -------------------------------------------------------------------    -------------------
    SLICE_X104Y77        FDCE (Prop_fdce_C_Q)         0.164     1.764 r  d_reg_reg[2]/Q
                         net (fo=2, routed)           0.275     2.039    d_reg[2]
    DSP48_X4Y31          DSP48E1                                      r  expression/A[2]
  -------------------------------------------------------------------    -------------------

                         (clock sys_clk rise edge)    0.000     0.000 r  <hidden>
    U14                                               0.000     0.000 r  clk
                         net (fo=0)                   0.000     0.000    clk
    U14                  IBUF (Prop_ibuf_I_O)         0.492     0.492 r  clk_IBUF_inst/O
                         net (fo=1, routed)           0.731     1.223    clk_IBUF
    BUFGCTRL_X0Y16       BUFG (Prop_bufg_I_O)         0.029     1.252 r  clk_IBUF_BUFG_inst/O
                         net (fo=35, routed)          0.956     2.208    clk_IBUF_BUFG
    DSP48_X4Y31          DSP48E1                                      r  expression/CLK
                         clock pessimism             -0.484     1.724    <hidden>
    DSP48_X4Y31          DSP48E1 (Hold_dsp48e1_CLK_A[2])
                                                     -0.491     1.233    expression
  -------------------------------------------------------------------
                         required time                         -1.233    <hidden>
                         arrival time                           2.039    <hidden>
  -------------------------------------------------------------------
                         slack                                  0.807    <hidden>

Slack (MET) :             0.854ns  (arrival time - required time)
  Source:                 a_reg_reg[5]/C
                            (rising edge-triggered cell FDCE clocked by sys_clk  {rise@0.000ns fall@5.750ns period=11.500ns})
  Destination:            expression/D[5]
                            (rising edge-triggered cell DSP48E1 clocked by sys_clk  {rise@0.000ns fall@5.750ns period=11.500ns})
  Path Group:             sys_clk
  Path Type:              Hold (Min at Fast Process Corner)
  Requirement:            0.000ns  (sys_clk rise@0.000ns - sys_clk rise@0.000ns)
  Data Path Delay:        0.544ns  (logic 0.141ns (25.910%)  route 0.403ns (74.090%))
  Logic Levels:           0  
  Clock Path Skew:        0.124ns (DCD - SCD - CPR)
    Destination Clock Delay (DCD):    2.208ns
    Source Clock Delay      (SCD):    1.600ns
    Clock Pessimism Removal (CPR):    0.484ns

    Location             Delay type                Incr(ns)  Path(ns)    Netlist Resource(s)
  -------------------------------------------------------------------    -------------------
                         (clock sys_clk rise edge)    0.000     0.000 r  <hidden>
    U14                                               0.000     0.000 r  clk
                         net (fo=0)                   0.000     0.000    clk
    U14                  IBUF (Prop_ibuf_I_O)         0.302     0.302 r  clk_IBUF_inst/O
                         net (fo=1, routed)           0.674     0.976    clk_IBUF
    BUFGCTRL_X0Y16       BUFG (Prop_bufg_I_O)         0.026     1.002 r  clk_IBUF_BUFG_inst/O
                         net (fo=35, routed)          0.598     1.600    clk_IBUF_BUFG
    SLICE_X105Y78        FDCE                                         r  a_reg_reg[5]/C
  -------------------------------------------------------------------    -------------------
    SLICE_X105Y78        FDCE (Prop_fdce_C_Q)         0.141     1.741 r  a_reg_reg[5]/Q
                         net (fo=3, routed)           0.403     2.144    a_reg[5]
    DSP48_X4Y31          DSP48E1                                      r  expression/D[5]
  -------------------------------------------------------------------    -------------------

                         (clock sys_clk rise edge)    0.000     0.000 r  <hidden>
    U14                                               0.000     0.000 r  clk
                         net (fo=0)                   0.000     0.000    clk
    U14                  IBUF (Prop_ibuf_I_O)         0.492     0.492 r  clk_IBUF_inst/O
                         net (fo=1, routed)           0.731     1.223    clk_IBUF
    BUFGCTRL_X0Y16       BUFG (Prop_bufg_I_O)         0.029     1.252 r  clk_IBUF_BUFG_inst/O
                         net (fo=35, routed)          0.956     2.208    clk_IBUF_BUFG
    DSP48_X4Y31          DSP48E1                                      r  expression/CLK
                         clock pessimism             -0.484     1.724    <hidden>
    DSP48_X4Y31          DSP48E1 (Hold_dsp48e1_CLK_D[5])
                                                     -0.433     1.291    expression
  -------------------------------------------------------------------
                         required time                         -1.291    <hidden>
                         arrival time                           2.144    <hidden>
  -------------------------------------------------------------------
                         slack                                  0.854    <hidden>

Slack (MET) :             0.855ns  (arrival time - required time)
  Source:                 d_reg_reg[7]/C
                            (rising edge-triggered cell FDCE clocked by sys_clk  {rise@0.000ns fall@5.750ns period=11.500ns})
  Destination:            expression/A[7]
                            (rising edge-triggered cell DSP48E1 clocked by sys_clk  {rise@0.000ns fall@5.750ns period=11.500ns})
  Path Group:             sys_clk
  Path Type:              Hold (Min at Fast Process Corner)
  Requirement:            0.000ns  (sys_clk rise@0.000ns - sys_clk rise@0.000ns)
  Data Path Delay:        0.484ns  (logic 0.164ns (33.882%)  route 0.320ns (66.118%))
  Logic Levels:           0  
  Clock Path Skew:        0.121ns (DCD - SCD - CPR)
    Destination Clock Delay (DCD):    2.208ns
    Source Clock Delay      (SCD):    1.603ns
    Clock Pessimism Removal (CPR):    0.484ns

    Location             Delay type                Incr(ns)  Path(ns)    Netlist Resource(s)
  -------------------------------------------------------------------    -------------------
                         (clock sys_clk rise edge)    0.000     0.000 r  <hidden>
    U14                                               0.000     0.000 r  clk
                         net (fo=0)                   0.000     0.000    clk
    U14                  IBUF (Prop_ibuf_I_O)         0.302     0.302 r  clk_IBUF_inst/O
                         net (fo=1, routed)           0.674     0.976    clk_IBUF
    BUFGCTRL_X0Y16       BUFG (Prop_bufg_I_O)         0.026     1.002 r  clk_IBUF_BUFG_inst/O
                         net (fo=35, routed)          0.601     1.603    clk_IBUF_BUFG
    SLICE_X104Y81        FDCE                                         r  d_reg_reg[7]/C
  -------------------------------------------------------------------    -------------------
    SLICE_X104Y81        FDCE (Prop_fdce_C_Q)         0.164     1.767 r  d_reg_reg[7]/Q
                         net (fo=2, routed)           0.320     2.087    d_reg[7]
    DSP48_X4Y31          DSP48E1                                      r  expression/A[7]
  -------------------------------------------------------------------    -------------------

                         (clock sys_clk rise edge)    0.000     0.000 r  <hidden>
    U14                                               0.000     0.000 r  clk
                         net (fo=0)                   0.000     0.000    clk
    U14                  IBUF (Prop_ibuf_I_O)         0.492     0.492 r  clk_IBUF_inst/O
                         net (fo=1, routed)           0.731     1.223    clk_IBUF
    BUFGCTRL_X0Y16       BUFG (Prop_bufg_I_O)         0.029     1.252 r  clk_IBUF_BUFG_inst/O
                         net (fo=35, routed)          0.956     2.208    clk_IBUF_BUFG
    DSP48_X4Y31          DSP48E1                                      r  expression/CLK
                         clock pessimism             -0.484     1.724    <hidden>
    DSP48_X4Y31          DSP48E1 (Hold_dsp48e1_CLK_A[7])
                                                     -0.491     1.233    expression
  -------------------------------------------------------------------
                         required time                         -1.233    <hidden>
                         arrival time                           2.087    <hidden>
  -------------------------------------------------------------------
                         slack                                  0.855    <hidden>

Slack (MET) :             0.859ns  (arrival time - required time)
  Source:                 a_reg_reg[2]/C
                            (rising edge-triggered cell FDCE clocked by sys_clk  {rise@0.000ns fall@5.750ns period=11.500ns})
  Destination:            expression/D[2]
                            (rising edge-triggered cell DSP48E1 clocked by sys_clk  {rise@0.000ns fall@5.750ns period=11.500ns})
  Path Group:             sys_clk
  Path Type:              Hold (Min at Fast Process Corner)
  Requirement:            0.000ns  (sys_clk rise@0.000ns - sys_clk rise@0.000ns)
  Data Path Delay:        0.552ns  (logic 0.164ns (29.716%)  route 0.388ns (70.284%))
  Logic Levels:           0  
  Clock Path Skew:        0.126ns (DCD - SCD - CPR)
    Destination Clock Delay (DCD):    2.208ns
    Source Clock Delay      (SCD):    1.598ns
    Clock Pessimism Removal (CPR):    0.484ns

    Location             Delay type                Incr(ns)  Path(ns)    Netlist Resource(s)
  -------------------------------------------------------------------    -------------------
                         (clock sys_clk rise edge)    0.000     0.000 r  <hidden>
    U14                                               0.000     0.000 r  clk
                         net (fo=0)                   0.000     0.000    clk
    U14                  IBUF (Prop_ibuf_I_O)         0.302     0.302 r  clk_IBUF_inst/O
                         net (fo=1, routed)           0.674     0.976    clk_IBUF
    BUFGCTRL_X0Y16       BUFG (Prop_bufg_I_O)         0.026     1.002 r  clk_IBUF_BUFG_inst/O
                         net (fo=35, routed)          0.596     1.598    clk_IBUF_BUFG
    SLICE_X104Y76        FDCE                                         r  a_reg_reg[2]/C
  -------------------------------------------------------------------    -------------------
    SLICE_X104Y76        FDCE (Prop_fdce_C_Q)         0.164     1.762 r  a_reg_reg[2]/Q
                         net (fo=3, routed)           0.388     2.150    a_reg[2]
    DSP48_X4Y31          DSP48E1                                      r  expression/D[2]
  -------------------------------------------------------------------    -------------------

                         (clock sys_clk rise edge)    0.000     0.000 r  <hidden>
    U14                                               0.000     0.000 r  clk
                         net (fo=0)                   0.000     0.000    clk
    U14                  IBUF (Prop_ibuf_I_O)         0.492     0.492 r  clk_IBUF_inst/O
                         net (fo=1, routed)           0.731     1.223    clk_IBUF
    BUFGCTRL_X0Y16       BUFG (Prop_bufg_I_O)         0.029     1.252 r  clk_IBUF_BUFG_inst/O
                         net (fo=35, routed)          0.956     2.208    clk_IBUF_BUFG
    DSP48_X4Y31          DSP48E1                                      r  expression/CLK
                         clock pessimism             -0.484     1.724    <hidden>
    DSP48_X4Y31          DSP48E1 (Hold_dsp48e1_CLK_D[2])
                                                     -0.433     1.291    expression
  -------------------------------------------------------------------
                         required time                         -1.291    <hidden>
                         arrival time                           2.150    <hidden>
  -------------------------------------------------------------------
                         slack                                  0.859    <hidden>

Slack (MET) :             0.868ns  (arrival time - required time)
  Source:                 a_reg_reg[7]/C
                            (rising edge-triggered cell FDCE clocked by sys_clk  {rise@0.000ns fall@5.750ns period=11.500ns})
  Destination:            expression/D[7]
                            (rising edge-triggered cell DSP48E1 clocked by sys_clk  {rise@0.000ns fall@5.750ns period=11.500ns})
  Path Group:             sys_clk
  Path Type:              Hold (Min at Fast Process Corner)
  Requirement:            0.000ns  (sys_clk rise@0.000ns - sys_clk rise@0.000ns)
  Data Path Delay:        0.558ns  (logic 0.164ns (29.382%)  route 0.394ns (70.618%))
  Logic Levels:           0  
  Clock Path Skew:        0.124ns (DCD - SCD - CPR)
    Destination Clock Delay (DCD):    2.208ns
    Source Clock Delay      (SCD):    1.600ns
    Clock Pessimism Removal (CPR):    0.484ns

    Location             Delay type                Incr(ns)  Path(ns)    Netlist Resource(s)
  -------------------------------------------------------------------    -------------------
                         (clock sys_clk rise edge)    0.000     0.000 r  <hidden>
    U14                                               0.000     0.000 r  clk
                         net (fo=0)                   0.000     0.000    clk
    U14                  IBUF (Prop_ibuf_I_O)         0.302     0.302 r  clk_IBUF_inst/O
                         net (fo=1, routed)           0.674     0.976    clk_IBUF
    BUFGCTRL_X0Y16       BUFG (Prop_bufg_I_O)         0.026     1.002 r  clk_IBUF_BUFG_inst/O
                         net (fo=35, routed)          0.598     1.600    clk_IBUF_BUFG
    SLICE_X104Y78        FDCE                                         r  a_reg_reg[7]/C
  -------------------------------------------------------------------    -------------------
    SLICE_X104Y78        FDCE (Prop_fdce_C_Q)         0.164     1.764 r  a_reg_reg[7]/Q
                         net (fo=3, routed)           0.394     2.158    a_reg[7]
    DSP48_X4Y31          DSP48E1                                      r  expression/D[7]
  -------------------------------------------------------------------    -------------------

                         (clock sys_clk rise edge)    0.000     0.000 r  <hidden>
    U14                                               0.000     0.000 r  clk
                         net (fo=0)                   0.000     0.000    clk
    U14                  IBUF (Prop_ibuf_I_O)         0.492     0.492 r  clk_IBUF_inst/O
                         net (fo=1, routed)           0.731     1.223    clk_IBUF
    BUFGCTRL_X0Y16       BUFG (Prop_bufg_I_O)         0.029     1.252 r  clk_IBUF_BUFG_inst/O
                         net (fo=35, routed)          0.956     2.208    clk_IBUF_BUFG
    DSP48_X4Y31          DSP48E1                                      r  expression/CLK
                         clock pessimism             -0.484     1.724    <hidden>
    DSP48_X4Y31          DSP48E1 (Hold_dsp48e1_CLK_D[7])
                                                     -0.433     1.291    expression
  -------------------------------------------------------------------
                         required time                         -1.291    <hidden>
                         arrival time                           2.158    <hidden>
  -------------------------------------------------------------------
                         slack                                  0.868    <hidden>

Slack (MET) :             0.886ns  (arrival time - required time)
  Source:                 d_reg_reg[6]/C
                            (rising edge-triggered cell FDCE clocked by sys_clk  {rise@0.000ns fall@5.750ns period=11.500ns})
  Destination:            expression/A[6]
                            (rising edge-triggered cell DSP48E1 clocked by sys_clk  {rise@0.000ns fall@5.750ns period=11.500ns})
  Path Group:             sys_clk
  Path Type:              Hold (Min at Fast Process Corner)
  Requirement:            0.000ns  (sys_clk rise@0.000ns - sys_clk rise@0.000ns)
  Data Path Delay:        0.515ns  (logic 0.164ns (31.833%)  route 0.351ns (68.167%))
  Logic Levels:           0  
  Clock Path Skew:        0.121ns (DCD - SCD - CPR)
    Destination Clock Delay (DCD):    2.208ns
    Source Clock Delay      (SCD):    1.603ns
    Clock Pessimism Removal (CPR):    0.484ns

    Location             Delay type                Incr(ns)  Path(ns)    Netlist Resource(s)
  -------------------------------------------------------------------    -------------------
                         (clock sys_clk rise edge)    0.000     0.000 r  <hidden>
    U14                                               0.000     0.000 r  clk
                         net (fo=0)                   0.000     0.000    clk
    U14                  IBUF (Prop_ibuf_I_O)         0.302     0.302 r  clk_IBUF_inst/O
                         net (fo=1, routed)           0.674     0.976    clk_IBUF
    BUFGCTRL_X0Y16       BUFG (Prop_bufg_I_O)         0.026     1.002 r  clk_IBUF_BUFG_inst/O
                         net (fo=35, routed)          0.601     1.603    clk_IBUF_BUFG
    SLICE_X104Y81        FDCE                                         r  d_reg_reg[6]/C
  -------------------------------------------------------------------    -------------------
    SLICE_X104Y81        FDCE (Prop_fdce_C_Q)         0.164     1.767 r  d_reg_reg[6]/Q
                         net (fo=2, routed)           0.351     2.118    d_reg[6]
    DSP48_X4Y31          DSP48E1                                      r  expression/A[6]
  -------------------------------------------------------------------    -------------------

                         (clock sys_clk rise edge)    0.000     0.000 r  <hidden>
    U14                                               0.000     0.000 r  clk
                         net (fo=0)                   0.000     0.000    clk
    U14                  IBUF (Prop_ibuf_I_O)         0.492     0.492 r  clk_IBUF_inst/O
                         net (fo=1, routed)           0.731     1.223    clk_IBUF
    BUFGCTRL_X0Y16       BUFG (Prop_bufg_I_O)         0.029     1.252 r  clk_IBUF_BUFG_inst/O
                         net (fo=35, routed)          0.956     2.208    clk_IBUF_BUFG
    DSP48_X4Y31          DSP48E1                                      r  expression/CLK
                         clock pessimism             -0.484     1.724    <hidden>
    DSP48_X4Y31          DSP48E1 (Hold_dsp48e1_CLK_A[6])
                                                     -0.491     1.233    expression
  -------------------------------------------------------------------
                         required time                         -1.233    <hidden>
                         arrival time                           2.118    <hidden>
  -------------------------------------------------------------------
                         slack                                  0.886    <hidden>

Slack (MET) :             0.903ns  (arrival time - required time)
  Source:                 d_reg_reg[5]/C
                            (rising edge-triggered cell FDCE clocked by sys_clk  {rise@0.000ns fall@5.750ns period=11.500ns})
  Destination:            expression/A[5]
                            (rising edge-triggered cell DSP48E1 clocked by sys_clk  {rise@0.000ns fall@5.750ns period=11.500ns})
  Path Group:             sys_clk
  Path Type:              Hold (Min at Fast Process Corner)
  Requirement:            0.000ns  (sys_clk rise@0.000ns - sys_clk rise@0.000ns)
  Data Path Delay:        0.534ns  (logic 0.164ns (30.688%)  route 0.370ns (69.312%))
  Logic Levels:           0  
  Clock Path Skew:        0.123ns (DCD - SCD - CPR)
    Destination Clock Delay (DCD):    2.208ns
    Source Clock Delay      (SCD):    1.601ns
    Clock Pessimism Removal (CPR):    0.484ns

    Location             Delay type                Incr(ns)  Path(ns)    Netlist Resource(s)
  -------------------------------------------------------------------    -------------------
                         (clock sys_clk rise edge)    0.000     0.000 r  <hidden>
    U14                                               0.000     0.000 r  clk
                         net (fo=0)                   0.000     0.000    clk
    U14                  IBUF (Prop_ibuf_I_O)         0.302     0.302 r  clk_IBUF_inst/O
                         net (fo=1, routed)           0.674     0.976    clk_IBUF
    BUFGCTRL_X0Y16       BUFG (Prop_bufg_I_O)         0.026     1.002 r  clk_IBUF_BUFG_inst/O
                         net (fo=35, routed)          0.599     1.601    clk_IBUF_BUFG
    SLICE_X104Y79        FDCE                                         r  d_reg_reg[5]/C
  -------------------------------------------------------------------    -------------------
    SLICE_X104Y79        FDCE (Prop_fdce_C_Q)         0.164     1.765 r  d_reg_reg[5]/Q
                         net (fo=2, routed)           0.370     2.136    d_reg[5]
    DSP48_X4Y31          DSP48E1                                      r  expression/A[5]
  -------------------------------------------------------------------    -------------------

                         (clock sys_clk rise edge)    0.000     0.000 r  <hidden>
    U14                                               0.000     0.000 r  clk
                         net (fo=0)                   0.000     0.000    clk
    U14                  IBUF (Prop_ibuf_I_O)         0.492     0.492 r  clk_IBUF_inst/O
                         net (fo=1, routed)           0.731     1.223    clk_IBUF
    BUFGCTRL_X0Y16       BUFG (Prop_bufg_I_O)         0.029     1.252 r  clk_IBUF_BUFG_inst/O
                         net (fo=35, routed)          0.956     2.208    clk_IBUF_BUFG
    DSP48_X4Y31          DSP48E1                                      r  expression/CLK
                         clock pessimism             -0.484     1.724    <hidden>
    DSP48_X4Y31          DSP48E1 (Hold_dsp48e1_CLK_A[5])
                                                     -0.491     1.233    expression
  -------------------------------------------------------------------
                         required time                         -1.233    <hidden>
                         arrival time                           2.136    <hidden>
  -------------------------------------------------------------------
                         slack                                  0.903    <hidden>

Slack (MET) :             0.942ns  (arrival time - required time)
  Source:                 d_reg_reg[0]/C
                            (rising edge-triggered cell FDCE clocked by sys_clk  {rise@0.000ns fall@5.750ns period=11.500ns})
  Destination:            expression/A[0]
                            (rising edge-triggered cell DSP48E1 clocked by sys_clk  {rise@0.000ns fall@5.750ns period=11.500ns})
  Path Group:             sys_clk
  Path Type:              Hold (Min at Fast Process Corner)
  Requirement:            0.000ns  (sys_clk rise@0.000ns - sys_clk rise@0.000ns)
  Data Path Delay:        0.577ns  (logic 0.164ns (28.404%)  route 0.413ns (71.596%))
  Logic Levels:           0  
  Clock Path Skew:        0.127ns (DCD - SCD - CPR)
    Destination Clock Delay (DCD):    2.208ns
    Source Clock Delay      (SCD):    1.597ns
    Clock Pessimism Removal (CPR):    0.484ns

    Location             Delay type                Incr(ns)  Path(ns)    Netlist Resource(s)
  -------------------------------------------------------------------    -------------------
                         (clock sys_clk rise edge)    0.000     0.000 r  <hidden>
    U14                                               0.000     0.000 r  clk
                         net (fo=0)                   0.000     0.000    clk
    U14                  IBUF (Prop_ibuf_I_O)         0.302     0.302 r  clk_IBUF_inst/O
                         net (fo=1, routed)           0.674     0.976    clk_IBUF
    BUFGCTRL_X0Y16       BUFG (Prop_bufg_I_O)         0.026     1.002 r  clk_IBUF_BUFG_inst/O
                         net (fo=35, routed)          0.595     1.597    clk_IBUF_BUFG
    SLICE_X104Y75        FDCE                                         r  d_reg_reg[0]/C
  -------------------------------------------------------------------    -------------------
    SLICE_X104Y75        FDCE (Prop_fdce_C_Q)         0.164     1.761 r  d_reg_reg[0]/Q
                         net (fo=2, routed)           0.413     2.174    d_reg[0]
    DSP48_X4Y31          DSP48E1                                      r  expression/A[0]
  -------------------------------------------------------------------    -------------------

                         (clock sys_clk rise edge)    0.000     0.000 r  <hidden>
    U14                                               0.000     0.000 r  clk
                         net (fo=0)                   0.000     0.000    clk
    U14                  IBUF (Prop_ibuf_I_O)         0.492     0.492 r  clk_IBUF_inst/O
                         net (fo=1, routed)           0.731     1.223    clk_IBUF
    BUFGCTRL_X0Y16       BUFG (Prop_bufg_I_O)         0.029     1.252 r  clk_IBUF_BUFG_inst/O
                         net (fo=35, routed)          0.956     2.208    clk_IBUF_BUFG
    DSP48_X4Y31          DSP48E1                                      r  expression/CLK
                         clock pessimism             -0.484     1.724    <hidden>
    DSP48_X4Y31          DSP48E1 (Hold_dsp48e1_CLK_A[0])
                                                     -0.491     1.233    expression
  -------------------------------------------------------------------
                         required time                         -1.233    <hidden>
                         arrival time                           2.174    <hidden>
  -------------------------------------------------------------------
                         slack                                  0.942    <hidden>

Slack (MET) :             0.951ns  (arrival time - required time)
  Source:                 a_reg_reg[0]/C
                            (rising edge-triggered cell FDCE clocked by sys_clk  {rise@0.000ns fall@5.750ns period=11.500ns})
  Destination:            expression/D[0]
                            (rising edge-triggered cell DSP48E1 clocked by sys_clk  {rise@0.000ns fall@5.750ns period=11.500ns})
  Path Group:             sys_clk
  Path Type:              Hold (Min at Fast Process Corner)
  Requirement:            0.000ns  (sys_clk rise@0.000ns - sys_clk rise@0.000ns)
  Data Path Delay:        0.641ns  (logic 0.141ns (21.983%)  route 0.500ns (78.017%))
  Logic Levels:           0  
  Clock Path Skew:        0.124ns (DCD - SCD - CPR)
    Destination Clock Delay (DCD):    2.208ns
    Source Clock Delay      (SCD):    1.600ns
    Clock Pessimism Removal (CPR):    0.484ns

    Location             Delay type                Incr(ns)  Path(ns)    Netlist Resource(s)
  -------------------------------------------------------------------    -------------------
                         (clock sys_clk rise edge)    0.000     0.000 r  <hidden>
    U14                                               0.000     0.000 r  clk
                         net (fo=0)                   0.000     0.000    clk
    U14                  IBUF (Prop_ibuf_I_O)         0.302     0.302 r  clk_IBUF_inst/O
                         net (fo=1, routed)           0.674     0.976    clk_IBUF
    BUFGCTRL_X0Y16       BUFG (Prop_bufg_I_O)         0.026     1.002 r  clk_IBUF_BUFG_inst/O
                         net (fo=35, routed)          0.598     1.600    clk_IBUF_BUFG
    SLICE_X105Y77        FDCE                                         r  a_reg_reg[0]/C
  -------------------------------------------------------------------    -------------------
    SLICE_X105Y77        FDCE (Prop_fdce_C_Q)         0.141     1.741 r  a_reg_reg[0]/Q
                         net (fo=3, routed)           0.500     2.241    a_reg[0]
    DSP48_X4Y31          DSP48E1                                      r  expression/D[0]
  -------------------------------------------------------------------    -------------------

                         (clock sys_clk rise edge)    0.000     0.000 r  <hidden>
    U14                                               0.000     0.000 r  clk
                         net (fo=0)                   0.000     0.000    clk
    U14                  IBUF (Prop_ibuf_I_O)         0.492     0.492 r  clk_IBUF_inst/O
                         net (fo=1, routed)           0.731     1.223    clk_IBUF
    BUFGCTRL_X0Y16       BUFG (Prop_bufg_I_O)         0.029     1.252 r  clk_IBUF_BUFG_inst/O
                         net (fo=35, routed)          0.956     2.208    clk_IBUF_BUFG
    DSP48_X4Y31          DSP48E1                                      r  expression/CLK
                         clock pessimism             -0.484     1.724    <hidden>
    DSP48_X4Y31          DSP48E1 (Hold_dsp48e1_CLK_D[0])
                                                     -0.433     1.291    expression
  -------------------------------------------------------------------
                         required time                         -1.291    <hidden>
                         arrival time                           2.241    <hidden>
  -------------------------------------------------------------------
                         slack                                  0.951    <hidden>





Pulse Width Checks
--------------------------------------------------------------------------------------
Clock Name:         sys_clk
Waveform(ns):       { 0.000 5.750 }
Period(ns):         11.500
Sources:            { clk }

Check Type        Corner  Lib Pin      Reference Pin  Required(ns)  Actual(ns)  Slack(ns)  Location        Pin
Min Period        n/a     BUFG/I       n/a            2.155         11.500      9.345      BUFGCTRL_X0Y16  clk_IBUF_BUFG_inst/I
Min Period        n/a     DSP48E1/CLK  n/a            2.154         11.500      9.346      DSP48_X4Y31     expression/CLK
Min Period        n/a     FDCE/C       n/a            1.000         11.500      10.500     SLICE_X105Y77   a_reg_reg[0]/C
Min Period        n/a     FDCE/C       n/a            1.000         11.500      10.500     SLICE_X104Y76   a_reg_reg[1]/C
Min Period        n/a     FDCE/C       n/a            1.000         11.500      10.500     SLICE_X104Y75   a_reg_reg[1]_replica/C
Min Period        n/a     FDCE/C       n/a            1.000         11.500      10.500     SLICE_X104Y76   a_reg_reg[2]/C
Min Period        n/a     FDCE/C       n/a            1.000         11.500      10.500     SLICE_X105Y77   a_reg_reg[3]/C
Min Period        n/a     FDCE/C       n/a            1.000         11.500      10.500     SLICE_X105Y79   a_reg_reg[4]/C
Min Period        n/a     FDCE/C       n/a            1.000         11.500      10.500     SLICE_X105Y78   a_reg_reg[5]/C
Min Period        n/a     FDCE/C       n/a            1.000         11.500      10.500     SLICE_X105Y78   a_reg_reg[6]/C
Low Pulse Width   Slow    FDCE/C       n/a            0.500         5.750       5.250      SLICE_X105Y77   a_reg_reg[0]/C
Low Pulse Width   Fast    FDCE/C       n/a            0.500         5.750       5.250      SLICE_X105Y77   a_reg_reg[0]/C
Low Pulse Width   Slow    FDCE/C       n/a            0.500         5.750       5.250      SLICE_X104Y76   a_reg_reg[1]/C
Low Pulse Width   Fast    FDCE/C       n/a            0.500         5.750       5.250      SLICE_X104Y76   a_reg_reg[1]/C
Low Pulse Width   Slow    FDCE/C       n/a            0.500         5.750       5.250      SLICE_X104Y75   a_reg_reg[1]_replica/C
Low Pulse Width   Fast    FDCE/C       n/a            0.500         5.750       5.250      SLICE_X104Y75   a_reg_reg[1]_replica/C
Low Pulse Width   Slow    FDCE/C       n/a            0.500         5.750       5.250      SLICE_X104Y76   a_reg_reg[2]/C
Low Pulse Width   Fast    FDCE/C       n/a            0.500         5.750       5.250      SLICE_X104Y76   a_reg_reg[2]/C
Low Pulse Width   Slow    FDCE/C       n/a            0.500         5.750       5.250      SLICE_X105Y77   a_reg_reg[3]/C
Low Pulse Width   Fast    FDCE/C       n/a            0.500         5.750       5.250      SLICE_X105Y77   a_reg_reg[3]/C
High Pulse Width  Slow    FDCE/C       n/a            0.500         5.750       5.250      SLICE_X105Y77   a_reg_reg[0]/C
High Pulse Width  Fast    FDCE/C       n/a            0.500         5.750       5.250      SLICE_X105Y77   a_reg_reg[0]/C
High Pulse Width  Slow    FDCE/C       n/a            0.500         5.750       5.250      SLICE_X104Y76   a_reg_reg[1]/C
High Pulse Width  Fast    FDCE/C       n/a            0.500         5.750       5.250      SLICE_X104Y76   a_reg_reg[1]/C
High Pulse Width  Slow    FDCE/C       n/a            0.500         5.750       5.250      SLICE_X104Y75   a_reg_reg[1]_replica/C
High Pulse Width  Fast    FDCE/C       n/a            0.500         5.750       5.250      SLICE_X104Y75   a_reg_reg[1]_replica/C
High Pulse Width  Slow    FDCE/C       n/a            0.500         5.750       5.250      SLICE_X104Y76   a_reg_reg[2]/C
High Pulse Width  Fast    FDCE/C       n/a            0.500         5.750       5.250      SLICE_X104Y76   a_reg_reg[2]/C
High Pulse Width  Slow    FDCE/C       n/a            0.500         5.750       5.250      SLICE_X105Y77   a_reg_reg[3]/C
High Pulse Width  Fast    FDCE/C       n/a            0.500         5.750       5.250      SLICE_X105Y77   a_reg_reg[3]/C



--------------------------------------------------------------------------------------
Path Group:  (none)
From Clock:  sys_clk
  To Clock:  

Max Delay            26 Endpoints
Min Delay            26 Endpoints
--------------------------------------------------------------------------------------


Max Delay Paths
--------------------------------------------------------------------------------------
Slack:                    inf
  Source:                 expression/CLK
                            (rising edge-triggered cell DSP48E1 clocked by sys_clk  {rise@0.000ns fall@5.750ns period=11.500ns})
  Destination:            result[25]
                            (output port)
  Path Group:             (none)
  Path Type:              Max at Slow Process Corner
  Data Path Delay:        8.154ns  (logic 3.447ns (42.271%)  route 4.707ns (57.729%))
  Logic Levels:           2  (LUT2=1 OBUF=1)
  Clock Uncertainty:      0.025ns  ((TSJ^2 + TIJ^2)^1/2 + DJ) / 2 + PE
    Total System Jitter     (TSJ):    0.050ns
    Total Input Jitter      (TIJ):    0.000ns
    Discrete Jitter          (DJ):    0.000ns
    Phase Error              (PE):    0.000ns

    Location             Delay type                Incr(ns)  Path(ns)    Netlist Resource(s)
  -------------------------------------------------------------------    -------------------
                         (clock sys_clk rise edge)    0.000     0.000 r  <hidden>
    U14                                               0.000     0.000 r  clk
                         net (fo=0)                   0.000     0.000    clk
    U14                  IBUF (Prop_ibuf_I_O)         1.075     1.075 r  clk_IBUF_inst/O
                         net (fo=1, routed)           2.205     3.280    clk_IBUF
    BUFGCTRL_X0Y16       BUFG (Prop_bufg_I_O)         0.101     3.381 r  clk_IBUF_BUFG_inst/O
                         net (fo=35, routed)          1.861     5.241    clk_IBUF_BUFG
    DSP48_X4Y31          DSP48E1                                      r  expression/CLK
  -------------------------------------------------------------------    -------------------
    DSP48_X4Y31          DSP48E1 (Prop_dsp48e1_CLK_P[25])
                                                      0.434     5.675 r  expression/P[25]
                         net (fo=1, routed)           1.181     6.856    expression_n_80
    SLICE_X104Y81        LUT2 (Prop_lut2_I0_O)        0.152     7.008 r  result_OBUF[25]_inst_i_1/O
                         net (fo=1, routed)           3.526    10.534    result_OBUF[25]
    K18                  OBUF (Prop_obuf_I_O)         2.861    13.395 r  result_OBUF[25]_inst/O
                         net (fo=0)                   0.000    13.395    result[25]
    K18                                                               r  result[25]
  -------------------------------------------------------------------    -------------------

Slack:                    inf
  Source:                 expression/CLK
                            (rising edge-triggered cell DSP48E1 clocked by sys_clk  {rise@0.000ns fall@5.750ns period=11.500ns})
  Destination:            result[21]
                            (output port)
  Path Group:             (none)
  Path Type:              Max at Slow Process Corner
  Data Path Delay:        7.906ns  (logic 3.395ns (42.949%)  route 4.510ns (57.051%))
  Logic Levels:           2  (LUT2=1 OBUF=1)
  Clock Uncertainty:      0.025ns  ((TSJ^2 + TIJ^2)^1/2 + DJ) / 2 + PE
    Total System Jitter     (TSJ):    0.050ns
    Total Input Jitter      (TIJ):    0.000ns
    Discrete Jitter          (DJ):    0.000ns
    Phase Error              (PE):    0.000ns

    Location             Delay type                Incr(ns)  Path(ns)    Netlist Resource(s)
  -------------------------------------------------------------------    -------------------
                         (clock sys_clk rise edge)    0.000     0.000 r  <hidden>
    U14                                               0.000     0.000 r  clk
                         net (fo=0)                   0.000     0.000    clk
    U14                  IBUF (Prop_ibuf_I_O)         1.075     1.075 r  clk_IBUF_inst/O
                         net (fo=1, routed)           2.205     3.280    clk_IBUF
    BUFGCTRL_X0Y16       BUFG (Prop_bufg_I_O)         0.101     3.381 r  clk_IBUF_BUFG_inst/O
                         net (fo=35, routed)          1.861     5.241    clk_IBUF_BUFG
    DSP48_X4Y31          DSP48E1                                      r  expression/CLK
  -------------------------------------------------------------------    -------------------
    DSP48_X4Y31          DSP48E1 (Prop_dsp48e1_CLK_P[21])
                                                      0.434     5.675 r  expression/P[21]
                         net (fo=1, routed)           1.445     7.120    expression_n_84
    SLICE_X106Y82        LUT2 (Prop_lut2_I0_O)        0.152     7.272 r  result_OBUF[21]_inst_i_1/O
                         net (fo=1, routed)           3.066    10.337    result_OBUF[21]
    H18                  OBUF (Prop_obuf_I_O)         2.809    13.147 r  result_OBUF[21]_inst/O
                         net (fo=0)                   0.000    13.147    result[21]
    H18                                                               r  result[21]
  -------------------------------------------------------------------    -------------------

Slack:                    inf
  Source:                 expression/CLK
                            (rising edge-triggered cell DSP48E1 clocked by sys_clk  {rise@0.000ns fall@5.750ns period=11.500ns})
  Destination:            result[19]
                            (output port)
  Path Group:             (none)
  Path Type:              Max at Slow Process Corner
  Data Path Delay:        7.693ns  (logic 3.397ns (44.158%)  route 4.296ns (55.842%))
  Logic Levels:           2  (LUT2=1 OBUF=1)
  Clock Uncertainty:      0.025ns  ((TSJ^2 + TIJ^2)^1/2 + DJ) / 2 + PE
    Total System Jitter     (TSJ):    0.050ns
    Total Input Jitter      (TIJ):    0.000ns
    Discrete Jitter          (DJ):    0.000ns
    Phase Error              (PE):    0.000ns

    Location             Delay type                Incr(ns)  Path(ns)    Netlist Resource(s)
  -------------------------------------------------------------------    -------------------
                         (clock sys_clk rise edge)    0.000     0.000 r  <hidden>
    U14                                               0.000     0.000 r  clk
                         net (fo=0)                   0.000     0.000    clk
    U14                  IBUF (Prop_ibuf_I_O)         1.075     1.075 r  clk_IBUF_inst/O
                         net (fo=1, routed)           2.205     3.280    clk_IBUF
    BUFGCTRL_X0Y16       BUFG (Prop_bufg_I_O)         0.101     3.381 r  clk_IBUF_BUFG_inst/O
                         net (fo=35, routed)          1.861     5.241    clk_IBUF_BUFG
    DSP48_X4Y31          DSP48E1                                      r  expression/CLK
  -------------------------------------------------------------------    -------------------
    DSP48_X4Y31          DSP48E1 (Prop_dsp48e1_CLK_P[19])
                                                      0.434     5.675 r  expression/P[19]
                         net (fo=1, routed)           1.156     6.832    expression_n_86
    SLICE_X105Y80        LUT2 (Prop_lut2_I0_O)        0.149     6.981 r  result_OBUF[19]_inst_i_1/O
                         net (fo=1, routed)           3.139    10.120    result_OBUF[19]
    F20                  OBUF (Prop_obuf_I_O)         2.814    12.934 r  result_OBUF[19]_inst/O
                         net (fo=0)                   0.000    12.934    result[19]
    F20                                                               r  result[19]
  -------------------------------------------------------------------    -------------------

Slack:                    inf
  Source:                 expression/CLK
                            (rising edge-triggered cell DSP48E1 clocked by sys_clk  {rise@0.000ns fall@5.750ns period=11.500ns})
  Destination:            result[17]
                            (output port)
  Path Group:             (none)
  Path Type:              Max at Slow Process Corner
  Data Path Delay:        7.672ns  (logic 3.381ns (44.060%)  route 4.292ns (55.940%))
  Logic Levels:           2  (LUT2=1 OBUF=1)
  Clock Uncertainty:      0.025ns  ((TSJ^2 + TIJ^2)^1/2 + DJ) / 2 + PE
    Total System Jitter     (TSJ):    0.050ns
    Total Input Jitter      (TIJ):    0.000ns
    Discrete Jitter          (DJ):    0.000ns
    Phase Error              (PE):    0.000ns

    Location             Delay type                Incr(ns)  Path(ns)    Netlist Resource(s)
  -------------------------------------------------------------------    -------------------
                         (clock sys_clk rise edge)    0.000     0.000 r  <hidden>
    U14                                               0.000     0.000 r  clk
                         net (fo=0)                   0.000     0.000    clk
    U14                  IBUF (Prop_ibuf_I_O)         1.075     1.075 r  clk_IBUF_inst/O
                         net (fo=1, routed)           2.205     3.280    clk_IBUF
    BUFGCTRL_X0Y16       BUFG (Prop_bufg_I_O)         0.101     3.381 r  clk_IBUF_BUFG_inst/O
                         net (fo=35, routed)          1.861     5.241    clk_IBUF_BUFG
    DSP48_X4Y31          DSP48E1                                      r  expression/CLK
  -------------------------------------------------------------------    -------------------
    DSP48_X4Y31          DSP48E1 (Prop_dsp48e1_CLK_P[17])
                                                      0.434     5.675 r  expression/P[17]
                         net (fo=1, routed)           1.149     6.824    expression_n_88
    SLICE_X105Y80        LUT2 (Prop_lut2_I0_O)        0.154     6.978 r  result_OBUF[17]_inst_i_1/O
                         net (fo=1, routed)           3.142    10.121    result_OBUF[17]
    G18                  OBUF (Prop_obuf_I_O)         2.793    12.913 r  result_OBUF[17]_inst/O
                         net (fo=0)                   0.000    12.913    result[17]
    G18                                                               r  result[17]
  -------------------------------------------------------------------    -------------------

Slack:                    inf
  Source:                 result_OBUF[25]_inst_i_2/C
                            (rising edge-triggered cell FDCE clocked by sys_clk  {rise@0.000ns fall@5.750ns period=11.500ns})
  Destination:            result[15]
                            (output port)
  Path Group:             (none)
  Path Type:              Max at Slow Process Corner
  Data Path Delay:        7.687ns  (logic 3.495ns (45.467%)  route 4.192ns (54.533%))
  Logic Levels:           2  (LUT2=1 OBUF=1)
  Clock Uncertainty:      0.025ns  ((TSJ^2 + TIJ^2)^1/2 + DJ) / 2 + PE
    Total System Jitter     (TSJ):    0.050ns
    Total Input Jitter      (TIJ):    0.000ns
    Discrete Jitter          (DJ):    0.000ns
    Phase Error              (PE):    0.000ns

    Location             Delay type                Incr(ns)  Path(ns)    Netlist Resource(s)
  -------------------------------------------------------------------    -------------------
                         (clock sys_clk rise edge)    0.000     0.000 r  <hidden>
    U14                                               0.000     0.000 r  clk
                         net (fo=0)                   0.000     0.000    clk
    U14                  IBUF (Prop_ibuf_I_O)         1.075     1.075 r  clk_IBUF_inst/O
                         net (fo=1, routed)           2.205     3.280    clk_IBUF
    BUFGCTRL_X0Y16       BUFG (Prop_bufg_I_O)         0.101     3.381 r  clk_IBUF_BUFG_inst/O
                         net (fo=35, routed)          1.774     5.155    clk_IBUF_BUFG
    SLICE_X104Y81        FDCE                                         r  result_OBUF[25]_inst_i_2/C
  -------------------------------------------------------------------    -------------------
    SLICE_X104Y81        FDCE (Prop_fdce_C_Q)         0.518     5.673 r  result_OBUF[25]_inst_i_2/Q
                         net (fo=26, routed)          1.075     6.747    result_OBUF[25]_inst_i_2_n_0
    SLICE_X105Y80        LUT2 (Prop_lut2_I1_O)        0.152     6.899 r  result_OBUF[15]_inst_i_1/O
                         net (fo=1, routed)           3.117    10.017    result_OBUF[15]
    H20                  OBUF (Prop_obuf_I_O)         2.825    12.842 r  result_OBUF[15]_inst/O
                         net (fo=0)                   0.000    12.842    result[15]
    H20                                                               r  result[15]
  -------------------------------------------------------------------    -------------------

Slack:                    inf
  Source:                 result_OBUF[25]_inst_i_2/C
                            (rising edge-triggered cell FDCE clocked by sys_clk  {rise@0.000ns fall@5.750ns period=11.500ns})
  Destination:            result[11]
                            (output port)
  Path Group:             (none)
  Path Type:              Max at Slow Process Corner
  Data Path Delay:        7.682ns  (logic 3.493ns (45.477%)  route 4.188ns (54.523%))
  Logic Levels:           2  (LUT2=1 OBUF=1)
  Clock Uncertainty:      0.025ns  ((TSJ^2 + TIJ^2)^1/2 + DJ) / 2 + PE
    Total System Jitter     (TSJ):    0.050ns
    Total Input Jitter      (TIJ):    0.000ns
    Discrete Jitter          (DJ):    0.000ns
    Phase Error              (PE):    0.000ns

    Location             Delay type                Incr(ns)  Path(ns)    Netlist Resource(s)
  -------------------------------------------------------------------    -------------------
                         (clock sys_clk rise edge)    0.000     0.000 r  <hidden>
    U14                                               0.000     0.000 r  clk
                         net (fo=0)                   0.000     0.000    clk
    U14                  IBUF (Prop_ibuf_I_O)         1.075     1.075 r  clk_IBUF_inst/O
                         net (fo=1, routed)           2.205     3.280    clk_IBUF
    BUFGCTRL_X0Y16       BUFG (Prop_bufg_I_O)         0.101     3.381 r  clk_IBUF_BUFG_inst/O
                         net (fo=35, routed)          1.774     5.155    clk_IBUF_BUFG
    SLICE_X104Y81        FDCE                                         r  result_OBUF[25]_inst_i_2/C
  -------------------------------------------------------------------    -------------------
    SLICE_X104Y81        FDCE (Prop_fdce_C_Q)         0.518     5.673 r  result_OBUF[25]_inst_i_2/Q
                         net (fo=26, routed)          1.355     7.027    result_OBUF[25]_inst_i_2_n_0
    SLICE_X106Y81        LUT2 (Prop_lut2_I1_O)        0.152     7.179 r  result_OBUF[11]_inst_i_1/O
                         net (fo=1, routed)           2.833    10.013    result_OBUF[11]
    G15                  OBUF (Prop_obuf_I_O)         2.823    12.836 r  result_OBUF[11]_inst/O
                         net (fo=0)                   0.000    12.836    result[11]
    G15                                                               r  result[11]
  -------------------------------------------------------------------    -------------------

Slack:                    inf
  Source:                 result_OBUF[25]_inst_i_2/C
                            (rising edge-triggered cell FDCE clocked by sys_clk  {rise@0.000ns fall@5.750ns period=11.500ns})
  Destination:            result[13]
                            (output port)
  Path Group:             (none)
  Path Type:              Max at Slow Process Corner
  Data Path Delay:        7.636ns  (logic 3.472ns (45.469%)  route 4.164ns (54.531%))
  Logic Levels:           2  (LUT2=1 OBUF=1)
  Clock Uncertainty:      0.025ns  ((TSJ^2 + TIJ^2)^1/2 + DJ) / 2 + PE
    Total System Jitter     (TSJ):    0.050ns
    Total Input Jitter      (TIJ):    0.000ns
    Discrete Jitter          (DJ):    0.000ns
    Phase Error              (PE):    0.000ns

    Location             Delay type                Incr(ns)  Path(ns)    Netlist Resource(s)
  -------------------------------------------------------------------    -------------------
                         (clock sys_clk rise edge)    0.000     0.000 r  <hidden>
    U14                                               0.000     0.000 r  clk
                         net (fo=0)                   0.000     0.000    clk
    U14                  IBUF (Prop_ibuf_I_O)         1.075     1.075 r  clk_IBUF_inst/O
                         net (fo=1, routed)           2.205     3.280    clk_IBUF
    BUFGCTRL_X0Y16       BUFG (Prop_bufg_I_O)         0.101     3.381 r  clk_IBUF_BUFG_inst/O
                         net (fo=35, routed)          1.774     5.155    clk_IBUF_BUFG
    SLICE_X104Y81        FDCE                                         r  result_OBUF[25]_inst_i_2/C
  -------------------------------------------------------------------    -------------------
    SLICE_X104Y81        FDCE (Prop_fdce_C_Q)         0.518     5.673 r  result_OBUF[25]_inst_i_2/Q
                         net (fo=26, routed)          1.073     6.745    result_OBUF[25]_inst_i_2_n_0
    SLICE_X105Y80        LUT2 (Prop_lut2_I1_O)        0.152     6.897 r  result_OBUF[13]_inst_i_1/O
                         net (fo=1, routed)           3.091     9.988    result_OBUF[13]
    G20                  OBUF (Prop_obuf_I_O)         2.802    12.790 r  result_OBUF[13]_inst/O
                         net (fo=0)                   0.000    12.790    result[13]
    G20                                                               r  result[13]
  -------------------------------------------------------------------    -------------------

Slack:                    inf
  Source:                 expression/CLK
                            (rising edge-triggered cell DSP48E1 clocked by sys_clk  {rise@0.000ns fall@5.750ns period=11.500ns})
  Destination:            result[24]
                            (output port)
  Path Group:             (none)
  Path Type:              Max at Slow Process Corner
  Data Path Delay:        7.536ns  (logic 3.156ns (41.885%)  route 4.380ns (58.115%))
  Logic Levels:           2  (LUT2=1 OBUF=1)
  Clock Uncertainty:      0.025ns  ((TSJ^2 + TIJ^2)^1/2 + DJ) / 2 + PE
    Total System Jitter     (TSJ):    0.050ns
    Total Input Jitter      (TIJ):    0.000ns
    Discrete Jitter          (DJ):    0.000ns
    Phase Error              (PE):    0.000ns

    Location             Delay type                Incr(ns)  Path(ns)    Netlist Resource(s)
  -------------------------------------------------------------------    -------------------
                         (clock sys_clk rise edge)    0.000     0.000 r  <hidden>
    U14                                               0.000     0.000 r  clk
                         net (fo=0)                   0.000     0.000    clk
    U14                  IBUF (Prop_ibuf_I_O)         1.075     1.075 r  clk_IBUF_inst/O
                         net (fo=1, routed)           2.205     3.280    clk_IBUF
    BUFGCTRL_X0Y16       BUFG (Prop_bufg_I_O)         0.101     3.381 r  clk_IBUF_BUFG_inst/O
                         net (fo=35, routed)          1.861     5.241    clk_IBUF_BUFG
    DSP48_X4Y31          DSP48E1                                      r  expression/CLK
  -------------------------------------------------------------------    -------------------
    DSP48_X4Y31          DSP48E1 (Prop_dsp48e1_CLK_P[24])
                                                      0.434     5.675 r  expression/P[24]
                         net (fo=1, routed)           1.198     6.873    expression_n_81
    SLICE_X104Y81        LUT2 (Prop_lut2_I0_O)        0.124     6.997 r  result_OBUF[24]_inst_i_1/O
                         net (fo=1, routed)           3.182    10.179    result_OBUF[24]
    H16                  OBUF (Prop_obuf_I_O)         2.598    12.777 r  result_OBUF[24]_inst/O
                         net (fo=0)                   0.000    12.777    result[24]
    H16                                                               r  result[24]
  -------------------------------------------------------------------    -------------------

Slack:                    inf
  Source:                 expression/CLK
                            (rising edge-triggered cell DSP48E1 clocked by sys_clk  {rise@0.000ns fall@5.750ns period=11.500ns})
  Destination:            result[9]
                            (output port)
  Path Group:             (none)
  Path Type:              Max at Slow Process Corner
  Data Path Delay:        7.459ns  (logic 3.504ns (46.977%)  route 3.955ns (53.023%))
  Logic Levels:           2  (LUT2=1 OBUF=1)
  Clock Uncertainty:      0.025ns  ((TSJ^2 + TIJ^2)^1/2 + DJ) / 2 + PE
    Total System Jitter     (TSJ):    0.050ns
    Total Input Jitter      (TIJ):    0.000ns
    Discrete Jitter          (DJ):    0.000ns
    Phase Error              (PE):    0.000ns

    Location             Delay type                Incr(ns)  Path(ns)    Netlist Resource(s)
  -------------------------------------------------------------------    -------------------
                         (clock sys_clk rise edge)    0.000     0.000 r  <hidden>
    U14                                               0.000     0.000 r  clk
                         net (fo=0)                   0.000     0.000    clk
    U14                  IBUF (Prop_ibuf_I_O)         1.075     1.075 r  clk_IBUF_inst/O
                         net (fo=1, routed)           2.205     3.280    clk_IBUF
    BUFGCTRL_X0Y16       BUFG (Prop_bufg_I_O)         0.101     3.381 r  clk_IBUF_BUFG_inst/O
                         net (fo=35, routed)          1.861     5.241    clk_IBUF_BUFG
    DSP48_X4Y31          DSP48E1                                      r  expression/CLK
  -------------------------------------------------------------------    -------------------
    DSP48_X4Y31          DSP48E1 (Prop_dsp48e1_CLK_P[9])
                                                      0.434     5.675 r  expression/P[9]
                         net (fo=1, routed)           1.389     7.064    expression_n_96
    SLICE_X106Y81        LUT2 (Prop_lut2_I0_O)        0.153     7.217 r  result_OBUF[9]_inst_i_1/O
                         net (fo=1, routed)           2.566     9.783    result_OBUF[9]
    J14                  OBUF (Prop_obuf_I_O)         2.917    12.700 r  result_OBUF[9]_inst/O
                         net (fo=0)                   0.000    12.700    result[9]
    J14                                                               r  result[9]
  -------------------------------------------------------------------    -------------------

Slack:                    inf
  Source:                 expression/CLK
                            (rising edge-triggered cell DSP48E1 clocked by sys_clk  {rise@0.000ns fall@5.750ns period=11.500ns})
  Destination:            result[22]
                            (output port)
  Path Group:             (none)
  Path Type:              Max at Slow Process Corner
  Data Path Delay:        7.452ns  (logic 3.181ns (42.692%)  route 4.270ns (57.308%))
  Logic Levels:           2  (LUT2=1 OBUF=1)
  Clock Uncertainty:      0.025ns  ((TSJ^2 + TIJ^2)^1/2 + DJ) / 2 + PE
    Total System Jitter     (TSJ):    0.050ns
    Total Input Jitter      (TIJ):    0.000ns
    Discrete Jitter          (DJ):    0.000ns
    Phase Error              (PE):    0.000ns

    Location             Delay type                Incr(ns)  Path(ns)    Netlist Resource(s)
  -------------------------------------------------------------------    -------------------
                         (clock sys_clk rise edge)    0.000     0.000 r  <hidden>
    U14                                               0.000     0.000 r  clk
                         net (fo=0)                   0.000     0.000    clk
    U14                  IBUF (Prop_ibuf_I_O)         1.075     1.075 r  clk_IBUF_inst/O
                         net (fo=1, routed)           2.205     3.280    clk_IBUF
    BUFGCTRL_X0Y16       BUFG (Prop_bufg_I_O)         0.101     3.381 r  clk_IBUF_BUFG_inst/O
                         net (fo=35, routed)          1.861     5.241    clk_IBUF_BUFG
    DSP48_X4Y31          DSP48E1                                      r  expression/CLK
  -------------------------------------------------------------------    -------------------
    DSP48_X4Y31          DSP48E1 (Prop_dsp48e1_CLK_P[22])
                                                      0.434     5.675 r  expression/P[22]
                         net (fo=1, routed)           1.196     6.871    expression_n_83
    SLICE_X104Y81        LUT2 (Prop_lut2_I0_O)        0.124     6.995 r  result_OBUF[22]_inst_i_1/O
                         net (fo=1, routed)           3.075    10.069    result_OBUF[22]
    J18                  OBUF (Prop_obuf_I_O)         2.623    12.693 r  result_OBUF[22]_inst/O
                         net (fo=0)                   0.000    12.693    result[22]
    J18                                                               r  result[22]
  -------------------------------------------------------------------    -------------------





Min Delay Paths
--------------------------------------------------------------------------------------
Slack:                    inf
  Source:                 result_OBUF[25]_inst_i_2/C
                            (rising edge-triggered cell FDCE clocked by sys_clk  {rise@0.000ns fall@5.750ns period=11.500ns})
  Destination:            result[2]
                            (output port)
  Path Group:             (none)
  Path Type:              Min at Fast Process Corner
  Data Path Delay:        2.337ns  (logic 1.346ns (57.622%)  route 0.990ns (42.378%))
  Logic Levels:           2  (LUT2=1 OBUF=1)
  Clock Uncertainty:      0.025ns  ((TSJ^2 + TIJ^2)^1/2 + DJ) / 2 + PE
    Total System Jitter     (TSJ):    0.050ns
    Total Input Jitter      (TIJ):    0.000ns
    Discrete Jitter          (DJ):    0.000ns
    Phase Error              (PE):    0.000ns

    Location             Delay type                Incr(ns)  Path(ns)    Netlist Resource(s)
  -------------------------------------------------------------------    -------------------
                         (clock sys_clk rise edge)    0.000     0.000 r  <hidden>
    U14                                               0.000     0.000 r  clk
                         net (fo=0)                   0.000     0.000    clk
    U14                  IBUF (Prop_ibuf_I_O)         0.302     0.302 r  clk_IBUF_inst/O
                         net (fo=1, routed)           0.674     0.976    clk_IBUF
    BUFGCTRL_X0Y16       BUFG (Prop_bufg_I_O)         0.026     1.002 r  clk_IBUF_BUFG_inst/O
                         net (fo=35, routed)          0.601     1.603    clk_IBUF_BUFG
    SLICE_X104Y81        FDCE                                         r  result_OBUF[25]_inst_i_2/C
  -------------------------------------------------------------------    -------------------
    SLICE_X104Y81        FDCE (Prop_fdce_C_Q)         0.164     1.767 r  result_OBUF[25]_inst_i_2/Q
                         net (fo=26, routed)          0.380     2.147    result_OBUF[25]_inst_i_2_n_0
    SLICE_X106Y82        LUT2 (Prop_lut2_I1_O)        0.045     2.192 r  result_OBUF[2]_inst_i_1/O
                         net (fo=1, routed)           0.610     2.802    result_OBUF[2]
    K16                  OBUF (Prop_obuf_I_O)         1.137     3.940 r  result_OBUF[2]_inst/O
                         net (fo=0)                   0.000     3.940    result[2]
    K16                                                               r  result[2]
  -------------------------------------------------------------------    -------------------

Slack:                    inf
  Source:                 result_OBUF[25]_inst_i_2/C
                            (rising edge-triggered cell FDCE clocked by sys_clk  {rise@0.000ns fall@5.750ns period=11.500ns})
  Destination:            result[4]
                            (output port)
  Path Group:             (none)
  Path Type:              Min at Fast Process Corner
  Data Path Delay:        2.473ns  (logic 1.399ns (56.592%)  route 1.073ns (43.408%))
  Logic Levels:           2  (LUT2=1 OBUF=1)
  Clock Uncertainty:      0.025ns  ((TSJ^2 + TIJ^2)^1/2 + DJ) / 2 + PE
    Total System Jitter     (TSJ):    0.050ns
    Total Input Jitter      (TIJ):    0.000ns
    Discrete Jitter          (DJ):    0.000ns
    Phase Error              (PE):    0.000ns

    Location             Delay type                Incr(ns)  Path(ns)    Netlist Resource(s)
  -------------------------------------------------------------------    -------------------
                         (clock sys_clk rise edge)    0.000     0.000 r  <hidden>
    U14                                               0.000     0.000 r  clk
                         net (fo=0)                   0.000     0.000    clk
    U14                  IBUF (Prop_ibuf_I_O)         0.302     0.302 r  clk_IBUF_inst/O
                         net (fo=1, routed)           0.674     0.976    clk_IBUF
    BUFGCTRL_X0Y16       BUFG (Prop_bufg_I_O)         0.026     1.002 r  clk_IBUF_BUFG_inst/O
                         net (fo=35, routed)          0.601     1.603    clk_IBUF_BUFG
    SLICE_X104Y81        FDCE                                         r  result_OBUF[25]_inst_i_2/C
  -------------------------------------------------------------------    -------------------
    SLICE_X104Y81        FDCE (Prop_fdce_C_Q)         0.164     1.767 r  result_OBUF[25]_inst_i_2/Q
                         net (fo=26, routed)          0.267     2.035    result_OBUF[25]_inst_i_2_n_0
    SLICE_X104Y81        LUT2 (Prop_lut2_I1_O)        0.045     2.080 r  result_OBUF[4]_inst_i_1/O
                         net (fo=1, routed)           0.806     2.885    result_OBUF[4]
    M14                  OBUF (Prop_obuf_I_O)         1.190     4.076 r  result_OBUF[4]_inst/O
                         net (fo=0)                   0.000     4.076    result[4]
    M14                                                               r  result[4]
  -------------------------------------------------------------------    -------------------

Slack:                    inf
  Source:                 result_OBUF[25]_inst_i_2/C
                            (rising edge-triggered cell FDCE clocked by sys_clk  {rise@0.000ns fall@5.750ns period=11.500ns})
  Destination:            result[6]
                            (output port)
  Path Group:             (none)
  Path Type:              Min at Fast Process Corner
  Data Path Delay:        2.484ns  (logic 1.414ns (56.908%)  route 1.070ns (43.092%))
  Logic Levels:           2  (LUT2=1 OBUF=1)
  Clock Uncertainty:      0.025ns  ((TSJ^2 + TIJ^2)^1/2 + DJ) / 2 + PE
    Total System Jitter     (TSJ):    0.050ns
    Total Input Jitter      (TIJ):    0.000ns
    Discrete Jitter          (DJ):    0.000ns
    Phase Error              (PE):    0.000ns

    Location             Delay type                Incr(ns)  Path(ns)    Netlist Resource(s)
  -------------------------------------------------------------------    -------------------
                         (clock sys_clk rise edge)    0.000     0.000 r  <hidden>
    U14                                               0.000     0.000 r  clk
                         net (fo=0)                   0.000     0.000    clk
    U14                  IBUF (Prop_ibuf_I_O)         0.302     0.302 r  clk_IBUF_inst/O
                         net (fo=1, routed)           0.674     0.976    clk_IBUF
    BUFGCTRL_X0Y16       BUFG (Prop_bufg_I_O)         0.026     1.002 r  clk_IBUF_BUFG_inst/O
                         net (fo=35, routed)          0.601     1.603    clk_IBUF_BUFG
    SLICE_X104Y81        FDCE                                         r  result_OBUF[25]_inst_i_2/C
  -------------------------------------------------------------------    -------------------
    SLICE_X104Y81        FDCE (Prop_fdce_C_Q)         0.164     1.767 r  result_OBUF[25]_inst_i_2/Q
                         net (fo=26, routed)          0.236     2.004    result_OBUF[25]_inst_i_2_n_0
    SLICE_X104Y81        LUT2 (Prop_lut2_I1_O)        0.045     2.049 r  result_OBUF[6]_inst_i_1/O
                         net (fo=1, routed)           0.834     2.882    result_OBUF[6]
    L14                  OBUF (Prop_obuf_I_O)         1.205     4.087 r  result_OBUF[6]_inst/O
                         net (fo=0)                   0.000     4.087    result[6]
    L14                                                               r  result[6]
  -------------------------------------------------------------------    -------------------

Slack:                    inf
  Source:                 result_OBUF[25]_inst_i_2/C
                            (rising edge-triggered cell FDCE clocked by sys_clk  {rise@0.000ns fall@5.750ns period=11.500ns})
  Destination:            result[20]
                            (output port)
  Path Group:             (none)
  Path Type:              Min at Fast Process Corner
  Data Path Delay:        2.487ns  (logic 1.327ns (53.351%)  route 1.160ns (46.649%))
  Logic Levels:           2  (LUT2=1 OBUF=1)
  Clock Uncertainty:      0.025ns  ((TSJ^2 + TIJ^2)^1/2 + DJ) / 2 + PE
    Total System Jitter     (TSJ):    0.050ns
    Total Input Jitter      (TIJ):    0.000ns
    Discrete Jitter          (DJ):    0.000ns
    Phase Error              (PE):    0.000ns

    Location             Delay type                Incr(ns)  Path(ns)    Netlist Resource(s)
  -------------------------------------------------------------------    -------------------
                         (clock sys_clk rise edge)    0.000     0.000 r  <hidden>
    U14                                               0.000     0.000 r  clk
                         net (fo=0)                   0.000     0.000    clk
    U14                  IBUF (Prop_ibuf_I_O)         0.302     0.302 r  clk_IBUF_inst/O
                         net (fo=1, routed)           0.674     0.976    clk_IBUF
    BUFGCTRL_X0Y16       BUFG (Prop_bufg_I_O)         0.026     1.002 r  clk_IBUF_BUFG_inst/O
                         net (fo=35, routed)          0.601     1.603    clk_IBUF_BUFG
    SLICE_X104Y81        FDCE                                         r  result_OBUF[25]_inst_i_2/C
  -------------------------------------------------------------------    -------------------
    SLICE_X104Y81        FDCE (Prop_fdce_C_Q)         0.164     1.767 r  result_OBUF[25]_inst_i_2/Q
                         net (fo=26, routed)          0.379     2.146    result_OBUF[25]_inst_i_2_n_0
    SLICE_X106Y82        LUT2 (Prop_lut2_I1_O)        0.045     2.191 r  result_OBUF[20]_inst_i_1/O
                         net (fo=1, routed)           0.781     2.972    result_OBUF[20]
    F19                  OBUF (Prop_obuf_I_O)         1.118     4.090 r  result_OBUF[20]_inst/O
                         net (fo=0)                   0.000     4.090    result[20]
    F19                                                               r  result[20]
  -------------------------------------------------------------------    -------------------

Slack:                    inf
  Source:                 result_OBUF[25]_inst_i_2/C
                            (rising edge-triggered cell FDCE clocked by sys_clk  {rise@0.000ns fall@5.750ns period=11.500ns})
  Destination:            result[3]
                            (output port)
  Path Group:             (none)
  Path Type:              Min at Fast Process Corner
  Data Path Delay:        2.515ns  (logic 1.472ns (58.527%)  route 1.043ns (41.473%))
  Logic Levels:           2  (LUT2=1 OBUF=1)
  Clock Uncertainty:      0.025ns  ((TSJ^2 + TIJ^2)^1/2 + DJ) / 2 + PE
    Total System Jitter     (TSJ):    0.050ns
    Total Input Jitter      (TIJ):    0.000ns
    Discrete Jitter          (DJ):    0.000ns
    Phase Error              (PE):    0.000ns

    Location             Delay type                Incr(ns)  Path(ns)    Netlist Resource(s)
  -------------------------------------------------------------------    -------------------
                         (clock sys_clk rise edge)    0.000     0.000 r  <hidden>
    U14                                               0.000     0.000 r  clk
                         net (fo=0)                   0.000     0.000    clk
    U14                  IBUF (Prop_ibuf_I_O)         0.302     0.302 r  clk_IBUF_inst/O
                         net (fo=1, routed)           0.674     0.976    clk_IBUF
    BUFGCTRL_X0Y16       BUFG (Prop_bufg_I_O)         0.026     1.002 r  clk_IBUF_BUFG_inst/O
                         net (fo=35, routed)          0.601     1.603    clk_IBUF_BUFG
    SLICE_X104Y81        FDCE                                         r  result_OBUF[25]_inst_i_2/C
  -------------------------------------------------------------------    -------------------
    SLICE_X104Y81        FDCE (Prop_fdce_C_Q)         0.164     1.767 r  result_OBUF[25]_inst_i_2/Q
                         net (fo=26, routed)          0.380     2.147    result_OBUF[25]_inst_i_2_n_0
    SLICE_X106Y82        LUT2 (Prop_lut2_I1_O)        0.049     2.196 r  result_OBUF[3]_inst_i_1/O
                         net (fo=1, routed)           0.663     2.859    result_OBUF[3]
    M15                  OBUF (Prop_obuf_I_O)         1.259     4.118 r  result_OBUF[3]_inst/O
                         net (fo=0)                   0.000     4.118    result[3]
    M15                                                               r  result[3]
  -------------------------------------------------------------------    -------------------

Slack:                    inf
  Source:                 result_OBUF[25]_inst_i_2/C
                            (rising edge-triggered cell FDCE clocked by sys_clk  {rise@0.000ns fall@5.750ns period=11.500ns})
  Destination:            result[5]
                            (output port)
  Path Group:             (none)
  Path Type:              Min at Fast Process Corner
  Data Path Delay:        2.522ns  (logic 1.459ns (57.838%)  route 1.063ns (42.162%))
  Logic Levels:           2  (LUT2=1 OBUF=1)
  Clock Uncertainty:      0.025ns  ((TSJ^2 + TIJ^2)^1/2 + DJ) / 2 + PE
    Total System Jitter     (TSJ):    0.050ns
    Total Input Jitter      (TIJ):    0.000ns
    Discrete Jitter          (DJ):    0.000ns
    Phase Error              (PE):    0.000ns

    Location             Delay type                Incr(ns)  Path(ns)    Netlist Resource(s)
  -------------------------------------------------------------------    -------------------
                         (clock sys_clk rise edge)    0.000     0.000 r  <hidden>
    U14                                               0.000     0.000 r  clk
                         net (fo=0)                   0.000     0.000    clk
    U14                  IBUF (Prop_ibuf_I_O)         0.302     0.302 r  clk_IBUF_inst/O
                         net (fo=1, routed)           0.674     0.976    clk_IBUF
    BUFGCTRL_X0Y16       BUFG (Prop_bufg_I_O)         0.026     1.002 r  clk_IBUF_BUFG_inst/O
                         net (fo=35, routed)          0.601     1.603    clk_IBUF_BUFG
    SLICE_X104Y81        FDCE                                         r  result_OBUF[25]_inst_i_2/C
  -------------------------------------------------------------------    -------------------
    SLICE_X104Y81        FDCE (Prop_fdce_C_Q)         0.164     1.767 r  result_OBUF[25]_inst_i_2/Q
                         net (fo=26, routed)          0.267     2.035    result_OBUF[25]_inst_i_2_n_0
    SLICE_X104Y81        LUT2 (Prop_lut2_I1_O)        0.045     2.080 r  result_OBUF[5]_inst_i_1/O
                         net (fo=1, routed)           0.796     2.875    result_OBUF[5]
    L15                  OBUF (Prop_obuf_I_O)         1.250     4.125 r  result_OBUF[5]_inst/O
                         net (fo=0)                   0.000     4.125    result[5]
    L15                                                               r  result[5]
  -------------------------------------------------------------------    -------------------

Slack:                    inf
  Source:                 result_OBUF[25]_inst_i_2/C
                            (rising edge-triggered cell FDCE clocked by sys_clk  {rise@0.000ns fall@5.750ns period=11.500ns})
  Destination:            result[7]
                            (output port)
  Path Group:             (none)
  Path Type:              Min at Fast Process Corner
  Data Path Delay:        2.531ns  (logic 1.466ns (57.915%)  route 1.065ns (42.085%))
  Logic Levels:           2  (LUT2=1 OBUF=1)
  Clock Uncertainty:      0.025ns  ((TSJ^2 + TIJ^2)^1/2 + DJ) / 2 + PE
    Total System Jitter     (TSJ):    0.050ns
    Total Input Jitter      (TIJ):    0.000ns
    Discrete Jitter          (DJ):    0.000ns
    Phase Error              (PE):    0.000ns

    Location             Delay type                Incr(ns)  Path(ns)    Netlist Resource(s)
  -------------------------------------------------------------------    -------------------
                         (clock sys_clk rise edge)    0.000     0.000 r  <hidden>
    U14                                               0.000     0.000 r  clk
                         net (fo=0)                   0.000     0.000    clk
    U14                  IBUF (Prop_ibuf_I_O)         0.302     0.302 r  clk_IBUF_inst/O
                         net (fo=1, routed)           0.674     0.976    clk_IBUF
    BUFGCTRL_X0Y16       BUFG (Prop_bufg_I_O)         0.026     1.002 r  clk_IBUF_BUFG_inst/O
                         net (fo=35, routed)          0.601     1.603    clk_IBUF_BUFG
    SLICE_X104Y81        FDCE                                         r  result_OBUF[25]_inst_i_2/C
  -------------------------------------------------------------------    -------------------
    SLICE_X104Y81        FDCE (Prop_fdce_C_Q)         0.164     1.767 r  result_OBUF[25]_inst_i_2/Q
                         net (fo=26, routed)          0.236     2.004    result_OBUF[25]_inst_i_2_n_0
    SLICE_X104Y81        LUT2 (Prop_lut2_I1_O)        0.046     2.050 r  result_OBUF[7]_inst_i_1/O
                         net (fo=1, routed)           0.829     2.878    result_OBUF[7]
    N16                  OBUF (Prop_obuf_I_O)         1.256     4.134 r  result_OBUF[7]_inst/O
                         net (fo=0)                   0.000     4.134    result[7]
    N16                                                               r  result[7]
  -------------------------------------------------------------------    -------------------

Slack:                    inf
  Source:                 result_OBUF[25]_inst_i_2/C
                            (rising edge-triggered cell FDCE clocked by sys_clk  {rise@0.000ns fall@5.750ns period=11.500ns})
  Destination:            result[22]
                            (output port)
  Path Group:             (none)
  Path Type:              Min at Fast Process Corner
  Data Path Delay:        2.549ns  (logic 1.349ns (52.924%)  route 1.200ns (47.076%))
  Logic Levels:           2  (LUT2=1 OBUF=1)
  Clock Uncertainty:      0.025ns  ((TSJ^2 + TIJ^2)^1/2 + DJ) / 2 + PE
    Total System Jitter     (TSJ):    0.050ns
    Total Input Jitter      (TIJ):    0.000ns
    Discrete Jitter          (DJ):    0.000ns
    Phase Error              (PE):    0.000ns

    Location             Delay type                Incr(ns)  Path(ns)    Netlist Resource(s)
  -------------------------------------------------------------------    -------------------
                         (clock sys_clk rise edge)    0.000     0.000 r  <hidden>
    U14                                               0.000     0.000 r  clk
                         net (fo=0)                   0.000     0.000    clk
    U14                  IBUF (Prop_ibuf_I_O)         0.302     0.302 r  clk_IBUF_inst/O
                         net (fo=1, routed)           0.674     0.976    clk_IBUF
    BUFGCTRL_X0Y16       BUFG (Prop_bufg_I_O)         0.026     1.002 r  clk_IBUF_BUFG_inst/O
                         net (fo=35, routed)          0.601     1.603    clk_IBUF_BUFG
    SLICE_X104Y81        FDCE                                         r  result_OBUF[25]_inst_i_2/C
  -------------------------------------------------------------------    -------------------
    SLICE_X104Y81        FDCE (Prop_fdce_C_Q)         0.164     1.767 r  result_OBUF[25]_inst_i_2/Q
                         net (fo=26, routed)          0.258     2.025    result_OBUF[25]_inst_i_2_n_0
    SLICE_X104Y81        LUT2 (Prop_lut2_I1_O)        0.045     2.070 r  result_OBUF[22]_inst_i_1/O
                         net (fo=1, routed)           0.942     3.012    result_OBUF[22]
    J18                  OBUF (Prop_obuf_I_O)         1.140     4.152 r  result_OBUF[22]_inst/O
                         net (fo=0)                   0.000     4.152    result[22]
    J18                                                               r  result[22]
  -------------------------------------------------------------------    -------------------

Slack:                    inf
  Source:                 expression/CLK
                            (rising edge-triggered cell DSP48E1 clocked by sys_clk  {rise@0.000ns fall@5.750ns period=11.500ns})
  Destination:            result[1]
                            (output port)
  Path Group:             (none)
  Path Type:              Min at Fast Process Corner
  Data Path Delay:        2.465ns  (logic 1.364ns (55.322%)  route 1.102ns (44.678%))
  Logic Levels:           2  (LUT2=1 OBUF=1)
  Clock Uncertainty:      0.025ns  ((TSJ^2 + TIJ^2)^1/2 + DJ) / 2 + PE
    Total System Jitter     (TSJ):    0.050ns
    Total Input Jitter      (TIJ):    0.000ns
    Discrete Jitter          (DJ):    0.000ns
    Phase Error              (PE):    0.000ns

    Location             Delay type                Incr(ns)  Path(ns)    Netlist Resource(s)
  -------------------------------------------------------------------    -------------------
                         (clock sys_clk rise edge)    0.000     0.000 r  <hidden>
    U14                                               0.000     0.000 r  clk
                         net (fo=0)                   0.000     0.000    clk
    U14                  IBUF (Prop_ibuf_I_O)         0.302     0.302 r  clk_IBUF_inst/O
                         net (fo=1, routed)           0.674     0.976    clk_IBUF
    BUFGCTRL_X0Y16       BUFG (Prop_bufg_I_O)         0.026     1.002 r  clk_IBUF_BUFG_inst/O
                         net (fo=35, routed)          0.687     1.690    clk_IBUF_BUFG
    DSP48_X4Y31          DSP48E1                                      r  expression/CLK
  -------------------------------------------------------------------    -------------------
    DSP48_X4Y31          DSP48E1 (Prop_dsp48e1_CLK_P[1])
                                                      0.126     1.816 r  expression/P[1]
                         net (fo=1, routed)           0.497     2.313    expression_n_104
    SLICE_X106Y81        LUT2 (Prop_lut2_I0_O)        0.046     2.359 r  result_OBUF[1]_inst_i_1/O
                         net (fo=1, routed)           0.605     2.963    result_OBUF[1]
    J16                  OBUF (Prop_obuf_I_O)         1.192     4.155 r  result_OBUF[1]_inst/O
                         net (fo=0)                   0.000     4.155    result[1]
    J16                                                               r  result[1]
  -------------------------------------------------------------------    -------------------

Slack:                    inf
  Source:                 result_OBUF[25]_inst_i_2/C
                            (rising edge-triggered cell FDCE clocked by sys_clk  {rise@0.000ns fall@5.750ns period=11.500ns})
  Destination:            result[8]
                            (output port)
  Path Group:             (none)
  Path Type:              Min at Fast Process Corner
  Data Path Delay:        2.555ns  (logic 1.393ns (54.526%)  route 1.162ns (45.474%))
  Logic Levels:           2  (LUT2=1 OBUF=1)
  Clock Uncertainty:      0.025ns  ((TSJ^2 + TIJ^2)^1/2 + DJ) / 2 + PE
    Total System Jitter     (TSJ):    0.050ns
    Total Input Jitter      (TIJ):    0.000ns
    Discrete Jitter          (DJ):    0.000ns
    Phase Error              (PE):    0.000ns

    Location             Delay type                Incr(ns)  Path(ns)    Netlist Resource(s)
  -------------------------------------------------------------------    -------------------
                         (clock sys_clk rise edge)    0.000     0.000 r  <hidden>
    U14                                               0.000     0.000 r  clk
                         net (fo=0)                   0.000     0.000    clk
    U14                  IBUF (Prop_ibuf_I_O)         0.302     0.302 r  clk_IBUF_inst/O
                         net (fo=1, routed)           0.674     0.976    clk_IBUF
    BUFGCTRL_X0Y16       BUFG (Prop_bufg_I_O)         0.026     1.002 r  clk_IBUF_BUFG_inst/O
                         net (fo=35, routed)          0.601     1.603    clk_IBUF_BUFG
    SLICE_X104Y81        FDCE                                         r  result_OBUF[25]_inst_i_2/C
  -------------------------------------------------------------------    -------------------
    SLICE_X104Y81        FDCE (Prop_fdce_C_Q)         0.164     1.767 r  result_OBUF[25]_inst_i_2/Q
                         net (fo=26, routed)          0.426     2.193    result_OBUF[25]_inst_i_2_n_0
    SLICE_X106Y81        LUT2 (Prop_lut2_I1_O)        0.045     2.238 r  result_OBUF[8]_inst_i_1/O
                         net (fo=1, routed)           0.736     2.974    result_OBUF[8]
    N15                  OBUF (Prop_obuf_I_O)         1.184     4.159 r  result_OBUF[8]_inst/O
                         net (fo=0)                   0.000     4.159    result[8]
    N15                                                               r  result[8]
  -------------------------------------------------------------------    -------------------





--------------------------------------------------------------------------------------
Path Group:  (none)
From Clock:  
  To Clock:  sys_clk

Max Delay            67 Endpoints
Min Delay            67 Endpoints
--------------------------------------------------------------------------------------


Max Delay Paths
--------------------------------------------------------------------------------------
Slack:                    inf
  Source:                 rst
                            (input port)
  Destination:            a_reg_reg[0]/CLR
                            (recovery check against rising-edge clock sys_clk  {rise@0.000ns fall@5.750ns period=11.500ns})
  Path Group:             (none)
  Path Type:              Recovery (Max at Slow Process Corner)
  Data Path Delay:        3.507ns  (logic 1.074ns (30.615%)  route 2.434ns (69.385%))
  Logic Levels:           1  (IBUF=1)
  Clock Path Skew:        4.632ns (DCD - SCD + CPR)
    Destination Clock Delay (DCD):    4.632ns
    Source Clock Delay      (SCD):    0.000ns
    Clock Pessimism Removal (CPR):    0.000ns
  Clock Uncertainty:      0.025ns  ((TSJ^2 + TIJ^2)^1/2 + DJ) / 2 + PE
    Total System Jitter     (TSJ):    0.050ns
    Total Input Jitter      (TIJ):    0.000ns
    Discrete Jitter          (DJ):    0.000ns
    Phase Error              (PE):    0.000ns

    Location             Delay type                Incr(ns)  Path(ns)    Netlist Resource(s)
  -------------------------------------------------------------------    -------------------
    Y14                                               0.000     0.000 f  rst
                         net (fo=0)                   0.000     0.000    rst
    Y14                  IBUF (Prop_ibuf_I_O)         1.074     1.074 f  rst_IBUF_inst/O
                         net (fo=34, routed)          2.434     3.507    rst_IBUF
    SLICE_X105Y77        FDCE                                         f  a_reg_reg[0]/CLR
  -------------------------------------------------------------------    -------------------

                         (clock sys_clk rise edge)    0.000     0.000 r  <hidden>
    U14                                               0.000     0.000 r  clk
                         net (fo=0)                   0.000     0.000    clk
    U14                  IBUF (Prop_ibuf_I_O)         0.940     0.940 r  clk_IBUF_inst/O
                         net (fo=1, routed)           2.006     2.946    clk_IBUF
    BUFGCTRL_X0Y16       BUFG (Prop_bufg_I_O)         0.091     3.037 r  clk_IBUF_BUFG_inst/O
                         net (fo=35, routed)          1.595     4.632    clk_IBUF_BUFG
    SLICE_X105Y77        FDCE                                         r  a_reg_reg[0]/C

Slack:                    inf
  Source:                 rst
                            (input port)
  Destination:            a_reg_reg[3]/CLR
                            (recovery check against rising-edge clock sys_clk  {rise@0.000ns fall@5.750ns period=11.500ns})
  Path Group:             (none)
  Path Type:              Recovery (Max at Slow Process Corner)
  Data Path Delay:        3.507ns  (logic 1.074ns (30.615%)  route 2.434ns (69.385%))
  Logic Levels:           1  (IBUF=1)
  Clock Path Skew:        4.632ns (DCD - SCD + CPR)
    Destination Clock Delay (DCD):    4.632ns
    Source Clock Delay      (SCD):    0.000ns
    Clock Pessimism Removal (CPR):    0.000ns
  Clock Uncertainty:      0.025ns  ((TSJ^2 + TIJ^2)^1/2 + DJ) / 2 + PE
    Total System Jitter     (TSJ):    0.050ns
    Total Input Jitter      (TIJ):    0.000ns
    Discrete Jitter          (DJ):    0.000ns
    Phase Error              (PE):    0.000ns

    Location             Delay type                Incr(ns)  Path(ns)    Netlist Resource(s)
  -------------------------------------------------------------------    -------------------
    Y14                                               0.000     0.000 f  rst
                         net (fo=0)                   0.000     0.000    rst
    Y14                  IBUF (Prop_ibuf_I_O)         1.074     1.074 f  rst_IBUF_inst/O
                         net (fo=34, routed)          2.434     3.507    rst_IBUF
    SLICE_X105Y77        FDCE                                         f  a_reg_reg[3]/CLR
  -------------------------------------------------------------------    -------------------

                         (clock sys_clk rise edge)    0.000     0.000 r  <hidden>
    U14                                               0.000     0.000 r  clk
                         net (fo=0)                   0.000     0.000    clk
    U14                  IBUF (Prop_ibuf_I_O)         0.940     0.940 r  clk_IBUF_inst/O
                         net (fo=1, routed)           2.006     2.946    clk_IBUF
    BUFGCTRL_X0Y16       BUFG (Prop_bufg_I_O)         0.091     3.037 r  clk_IBUF_BUFG_inst/O
                         net (fo=35, routed)          1.595     4.632    clk_IBUF_BUFG
    SLICE_X105Y77        FDCE                                         r  a_reg_reg[3]/C

Slack:                    inf
  Source:                 rst
                            (input port)
  Destination:            b_reg_reg[1]/CLR
                            (recovery check against rising-edge clock sys_clk  {rise@0.000ns fall@5.750ns period=11.500ns})
  Path Group:             (none)
  Path Type:              Recovery (Max at Slow Process Corner)
  Data Path Delay:        3.507ns  (logic 1.074ns (30.615%)  route 2.434ns (69.385%))
  Logic Levels:           1  (IBUF=1)
  Clock Path Skew:        4.632ns (DCD - SCD + CPR)
    Destination Clock Delay (DCD):    4.632ns
    Source Clock Delay      (SCD):    0.000ns
    Clock Pessimism Removal (CPR):    0.000ns
  Clock Uncertainty:      0.025ns  ((TSJ^2 + TIJ^2)^1/2 + DJ) / 2 + PE
    Total System Jitter     (TSJ):    0.050ns
    Total Input Jitter      (TIJ):    0.000ns
    Discrete Jitter          (DJ):    0.000ns
    Phase Error              (PE):    0.000ns

    Location             Delay type                Incr(ns)  Path(ns)    Netlist Resource(s)
  -------------------------------------------------------------------    -------------------
    Y14                                               0.000     0.000 f  rst
                         net (fo=0)                   0.000     0.000    rst
    Y14                  IBUF (Prop_ibuf_I_O)         1.074     1.074 f  rst_IBUF_inst/O
                         net (fo=34, routed)          2.434     3.507    rst_IBUF
    SLICE_X105Y77        FDCE                                         f  b_reg_reg[1]/CLR
  -------------------------------------------------------------------    -------------------

                         (clock sys_clk rise edge)    0.000     0.000 r  <hidden>
    U14                                               0.000     0.000 r  clk
                         net (fo=0)                   0.000     0.000    clk
    U14                  IBUF (Prop_ibuf_I_O)         0.940     0.940 r  clk_IBUF_inst/O
                         net (fo=1, routed)           2.006     2.946    clk_IBUF
    BUFGCTRL_X0Y16       BUFG (Prop_bufg_I_O)         0.091     3.037 r  clk_IBUF_BUFG_inst/O
                         net (fo=35, routed)          1.595     4.632    clk_IBUF_BUFG
    SLICE_X105Y77        FDCE                                         r  b_reg_reg[1]/C

Slack:                    inf
  Source:                 rst
                            (input port)
  Destination:            b_reg_reg[2]/CLR
                            (recovery check against rising-edge clock sys_clk  {rise@0.000ns fall@5.750ns period=11.500ns})
  Path Group:             (none)
  Path Type:              Recovery (Max at Slow Process Corner)
  Data Path Delay:        3.507ns  (logic 1.074ns (30.615%)  route 2.434ns (69.385%))
  Logic Levels:           1  (IBUF=1)
  Clock Path Skew:        4.632ns (DCD - SCD + CPR)
    Destination Clock Delay (DCD):    4.632ns
    Source Clock Delay      (SCD):    0.000ns
    Clock Pessimism Removal (CPR):    0.000ns
  Clock Uncertainty:      0.025ns  ((TSJ^2 + TIJ^2)^1/2 + DJ) / 2 + PE
    Total System Jitter     (TSJ):    0.050ns
    Total Input Jitter      (TIJ):    0.000ns
    Discrete Jitter          (DJ):    0.000ns
    Phase Error              (PE):    0.000ns

    Location             Delay type                Incr(ns)  Path(ns)    Netlist Resource(s)
  -------------------------------------------------------------------    -------------------
    Y14                                               0.000     0.000 f  rst
                         net (fo=0)                   0.000     0.000    rst
    Y14                  IBUF (Prop_ibuf_I_O)         1.074     1.074 f  rst_IBUF_inst/O
                         net (fo=34, routed)          2.434     3.507    rst_IBUF
    SLICE_X105Y77        FDCE                                         f  b_reg_reg[2]/CLR
  -------------------------------------------------------------------    -------------------

                         (clock sys_clk rise edge)    0.000     0.000 r  <hidden>
    U14                                               0.000     0.000 r  clk
                         net (fo=0)                   0.000     0.000    clk
    U14                  IBUF (Prop_ibuf_I_O)         0.940     0.940 r  clk_IBUF_inst/O
                         net (fo=1, routed)           2.006     2.946    clk_IBUF
    BUFGCTRL_X0Y16       BUFG (Prop_bufg_I_O)         0.091     3.037 r  clk_IBUF_BUFG_inst/O
                         net (fo=35, routed)          1.595     4.632    clk_IBUF_BUFG
    SLICE_X105Y77        FDCE                                         r  b_reg_reg[2]/C

Slack:                    inf
  Source:                 rst
                            (input port)
  Destination:            c_reg_reg[0]/CLR
                            (recovery check against rising-edge clock sys_clk  {rise@0.000ns fall@5.750ns period=11.500ns})
  Path Group:             (none)
  Path Type:              Recovery (Max at Slow Process Corner)
  Data Path Delay:        3.507ns  (logic 1.074ns (30.615%)  route 2.434ns (69.385%))
  Logic Levels:           1  (IBUF=1)
  Clock Path Skew:        4.632ns (DCD - SCD + CPR)
    Destination Clock Delay (DCD):    4.632ns
    Source Clock Delay      (SCD):    0.000ns
    Clock Pessimism Removal (CPR):    0.000ns
  Clock Uncertainty:      0.025ns  ((TSJ^2 + TIJ^2)^1/2 + DJ) / 2 + PE
    Total System Jitter     (TSJ):    0.050ns
    Total Input Jitter      (TIJ):    0.000ns
    Discrete Jitter          (DJ):    0.000ns
    Phase Error              (PE):    0.000ns

    Location             Delay type                Incr(ns)  Path(ns)    Netlist Resource(s)
  -------------------------------------------------------------------    -------------------
    Y14                                               0.000     0.000 f  rst
                         net (fo=0)                   0.000     0.000    rst
    Y14                  IBUF (Prop_ibuf_I_O)         1.074     1.074 f  rst_IBUF_inst/O
                         net (fo=34, routed)          2.434     3.507    rst_IBUF
    SLICE_X104Y77        FDCE                                         f  c_reg_reg[0]/CLR
  -------------------------------------------------------------------    -------------------

                         (clock sys_clk rise edge)    0.000     0.000 r  <hidden>
    U14                                               0.000     0.000 r  clk
                         net (fo=0)                   0.000     0.000    clk
    U14                  IBUF (Prop_ibuf_I_O)         0.940     0.940 r  clk_IBUF_inst/O
                         net (fo=1, routed)           2.006     2.946    clk_IBUF
    BUFGCTRL_X0Y16       BUFG (Prop_bufg_I_O)         0.091     3.037 r  clk_IBUF_BUFG_inst/O
                         net (fo=35, routed)          1.595     4.632    clk_IBUF_BUFG
    SLICE_X104Y77        FDCE                                         r  c_reg_reg[0]/C

Slack:                    inf
  Source:                 rst
                            (input port)
  Destination:            c_reg_reg[2]/CLR
                            (recovery check against rising-edge clock sys_clk  {rise@0.000ns fall@5.750ns period=11.500ns})
  Path Group:             (none)
  Path Type:              Recovery (Max at Slow Process Corner)
  Data Path Delay:        3.507ns  (logic 1.074ns (30.615%)  route 2.434ns (69.385%))
  Logic Levels:           1  (IBUF=1)
  Clock Path Skew:        4.632ns (DCD - SCD + CPR)
    Destination Clock Delay (DCD):    4.632ns
    Source Clock Delay      (SCD):    0.000ns
    Clock Pessimism Removal (CPR):    0.000ns
  Clock Uncertainty:      0.025ns  ((TSJ^2 + TIJ^2)^1/2 + DJ) / 2 + PE
    Total System Jitter     (TSJ):    0.050ns
    Total Input Jitter      (TIJ):    0.000ns
    Discrete Jitter          (DJ):    0.000ns
    Phase Error              (PE):    0.000ns

    Location             Delay type                Incr(ns)  Path(ns)    Netlist Resource(s)
  -------------------------------------------------------------------    -------------------
    Y14                                               0.000     0.000 f  rst
                         net (fo=0)                   0.000     0.000    rst
    Y14                  IBUF (Prop_ibuf_I_O)         1.074     1.074 f  rst_IBUF_inst/O
                         net (fo=34, routed)          2.434     3.507    rst_IBUF
    SLICE_X104Y77        FDCE                                         f  c_reg_reg[2]/CLR
  -------------------------------------------------------------------    -------------------

                         (clock sys_clk rise edge)    0.000     0.000 r  <hidden>
    U14                                               0.000     0.000 r  clk
                         net (fo=0)                   0.000     0.000    clk
    U14                  IBUF (Prop_ibuf_I_O)         0.940     0.940 r  clk_IBUF_inst/O
                         net (fo=1, routed)           2.006     2.946    clk_IBUF
    BUFGCTRL_X0Y16       BUFG (Prop_bufg_I_O)         0.091     3.037 r  clk_IBUF_BUFG_inst/O
                         net (fo=35, routed)          1.595     4.632    clk_IBUF_BUFG
    SLICE_X104Y77        FDCE                                         r  c_reg_reg[2]/C

Slack:                    inf
  Source:                 rst
                            (input port)
  Destination:            d_reg_reg[2]/CLR
                            (recovery check against rising-edge clock sys_clk  {rise@0.000ns fall@5.750ns period=11.500ns})
  Path Group:             (none)
  Path Type:              Recovery (Max at Slow Process Corner)
  Data Path Delay:        3.507ns  (logic 1.074ns (30.615%)  route 2.434ns (69.385%))
  Logic Levels:           1  (IBUF=1)
  Clock Path Skew:        4.632ns (DCD - SCD + CPR)
    Destination Clock Delay (DCD):    4.632ns
    Source Clock Delay      (SCD):    0.000ns
    Clock Pessimism Removal (CPR):    0.000ns
  Clock Uncertainty:      0.025ns  ((TSJ^2 + TIJ^2)^1/2 + DJ) / 2 + PE
    Total System Jitter     (TSJ):    0.050ns
    Total Input Jitter      (TIJ):    0.000ns
    Discrete Jitter          (DJ):    0.000ns
    Phase Error              (PE):    0.000ns

    Location             Delay type                Incr(ns)  Path(ns)    Netlist Resource(s)
  -------------------------------------------------------------------    -------------------
    Y14                                               0.000     0.000 f  rst
                         net (fo=0)                   0.000     0.000    rst
    Y14                  IBUF (Prop_ibuf_I_O)         1.074     1.074 f  rst_IBUF_inst/O
                         net (fo=34, routed)          2.434     3.507    rst_IBUF
    SLICE_X104Y77        FDCE                                         f  d_reg_reg[2]/CLR
  -------------------------------------------------------------------    -------------------

                         (clock sys_clk rise edge)    0.000     0.000 r  <hidden>
    U14                                               0.000     0.000 r  clk
                         net (fo=0)                   0.000     0.000    clk
    U14                  IBUF (Prop_ibuf_I_O)         0.940     0.940 r  clk_IBUF_inst/O
                         net (fo=1, routed)           2.006     2.946    clk_IBUF
    BUFGCTRL_X0Y16       BUFG (Prop_bufg_I_O)         0.091     3.037 r  clk_IBUF_BUFG_inst/O
                         net (fo=35, routed)          1.595     4.632    clk_IBUF_BUFG
    SLICE_X104Y77        FDCE                                         r  d_reg_reg[2]/C

Slack:                    inf
  Source:                 rst
                            (input port)
  Destination:            d_reg_reg[3]/CLR
                            (recovery check against rising-edge clock sys_clk  {rise@0.000ns fall@5.750ns period=11.500ns})
  Path Group:             (none)
  Path Type:              Recovery (Max at Slow Process Corner)
  Data Path Delay:        3.507ns  (logic 1.074ns (30.615%)  route 2.434ns (69.385%))
  Logic Levels:           1  (IBUF=1)
  Clock Path Skew:        4.632ns (DCD - SCD + CPR)
    Destination Clock Delay (DCD):    4.632ns
    Source Clock Delay      (SCD):    0.000ns
    Clock Pessimism Removal (CPR):    0.000ns
  Clock Uncertainty:      0.025ns  ((TSJ^2 + TIJ^2)^1/2 + DJ) / 2 + PE
    Total System Jitter     (TSJ):    0.050ns
    Total Input Jitter      (TIJ):    0.000ns
    Discrete Jitter          (DJ):    0.000ns
    Phase Error              (PE):    0.000ns

    Location             Delay type                Incr(ns)  Path(ns)    Netlist Resource(s)
  -------------------------------------------------------------------    -------------------
    Y14                                               0.000     0.000 f  rst
                         net (fo=0)                   0.000     0.000    rst
    Y14                  IBUF (Prop_ibuf_I_O)         1.074     1.074 f  rst_IBUF_inst/O
                         net (fo=34, routed)          2.434     3.507    rst_IBUF
    SLICE_X104Y77        FDCE                                         f  d_reg_reg[3]/CLR
  -------------------------------------------------------------------    -------------------

                         (clock sys_clk rise edge)    0.000     0.000 r  <hidden>
    U14                                               0.000     0.000 r  clk
                         net (fo=0)                   0.000     0.000    clk
    U14                  IBUF (Prop_ibuf_I_O)         0.940     0.940 r  clk_IBUF_inst/O
                         net (fo=1, routed)           2.006     2.946    clk_IBUF
    BUFGCTRL_X0Y16       BUFG (Prop_bufg_I_O)         0.091     3.037 r  clk_IBUF_BUFG_inst/O
                         net (fo=35, routed)          1.595     4.632    clk_IBUF_BUFG
    SLICE_X104Y77        FDCE                                         r  d_reg_reg[3]/C

Slack:                    inf
  Source:                 a[1]
                            (input port)
  Destination:            a_reg_reg[1]/D
                            (rising edge-triggered cell FDCE clocked by sys_clk  {rise@0.000ns fall@5.750ns period=11.500ns})
  Path Group:             (none)
  Path Type:              Setup (Max at Slow Process Corner)
  Data Path Delay:        3.438ns  (logic 0.970ns (28.205%)  route 2.468ns (71.795%))
  Logic Levels:           1  (IBUF=1)
  Clock Path Skew:        4.631ns (DCD - SCD + CPR)
    Destination Clock Delay (DCD):    4.631ns
    Source Clock Delay      (SCD):    0.000ns
    Clock Pessimism Removal (CPR):    0.000ns
  Clock Uncertainty:      0.025ns  ((TSJ^2 + TIJ^2)^1/2 + DJ) / 2 + PE
    Total System Jitter     (TSJ):    0.050ns
    Total Input Jitter      (TIJ):    0.000ns
    Discrete Jitter          (DJ):    0.000ns
    Phase Error              (PE):    0.000ns

    Location             Delay type                Incr(ns)  Path(ns)    Netlist Resource(s)
  -------------------------------------------------------------------    -------------------
    P16                                               0.000     0.000 r  a[1]
                         net (fo=0)                   0.000     0.000    a[1]
    P16                  IBUF (Prop_ibuf_I_O)         0.970     0.970 r  a_IBUF[1]_inst/O
                         net (fo=2, routed)           2.468     3.438    a_IBUF[1]
    SLICE_X104Y76        FDCE                                         r  a_reg_reg[1]/D
  -------------------------------------------------------------------    -------------------

                         (clock sys_clk rise edge)    0.000     0.000 r  <hidden>
    U14                                               0.000     0.000 r  clk
                         net (fo=0)                   0.000     0.000    clk
    U14                  IBUF (Prop_ibuf_I_O)         0.940     0.940 r  clk_IBUF_inst/O
                         net (fo=1, routed)           2.006     2.946    clk_IBUF
    BUFGCTRL_X0Y16       BUFG (Prop_bufg_I_O)         0.091     3.037 r  clk_IBUF_BUFG_inst/O
                         net (fo=35, routed)          1.594     4.631    clk_IBUF_BUFG
    SLICE_X104Y76        FDCE                                         r  a_reg_reg[1]/C

Slack:                    inf
  Source:                 a[7]
                            (input port)
  Destination:            a_reg_reg[7]/D
                            (rising edge-triggered cell FDCE clocked by sys_clk  {rise@0.000ns fall@5.750ns period=11.500ns})
  Path Group:             (none)
  Path Type:              Setup (Max at Slow Process Corner)
  Data Path Delay:        3.359ns  (logic 0.988ns (29.422%)  route 2.371ns (70.578%))
  Logic Levels:           1  (IBUF=1)
  Clock Path Skew:        4.634ns (DCD - SCD + CPR)
    Destination Clock Delay (DCD):    4.634ns
    Source Clock Delay      (SCD):    0.000ns
    Clock Pessimism Removal (CPR):    0.000ns
  Clock Uncertainty:      0.025ns  ((TSJ^2 + TIJ^2)^1/2 + DJ) / 2 + PE
    Total System Jitter     (TSJ):    0.050ns
    Total Input Jitter      (TIJ):    0.000ns
    Discrete Jitter          (DJ):    0.000ns
    Phase Error              (PE):    0.000ns

    Location             Delay type                Incr(ns)  Path(ns)    Netlist Resource(s)
  -------------------------------------------------------------------    -------------------
    V18                                               0.000     0.000 r  a[7]
                         net (fo=0)                   0.000     0.000    a[7]
    V18                  IBUF (Prop_ibuf_I_O)         0.988     0.988 r  a_IBUF[7]_inst/O
                         net (fo=1, routed)           2.371     3.359    a_IBUF[7]
    SLICE_X104Y78        FDCE                                         r  a_reg_reg[7]/D
  -------------------------------------------------------------------    -------------------

                         (clock sys_clk rise edge)    0.000     0.000 r  <hidden>
    U14                                               0.000     0.000 r  clk
                         net (fo=0)                   0.000     0.000    clk
    U14                  IBUF (Prop_ibuf_I_O)         0.940     0.940 r  clk_IBUF_inst/O
                         net (fo=1, routed)           2.006     2.946    clk_IBUF
    BUFGCTRL_X0Y16       BUFG (Prop_bufg_I_O)         0.091     3.037 r  clk_IBUF_BUFG_inst/O
                         net (fo=35, routed)          1.597     4.634    clk_IBUF_BUFG
    SLICE_X104Y78        FDCE                                         r  a_reg_reg[7]/C





Min Delay Paths
--------------------------------------------------------------------------------------
Slack:                    inf
  Source:                 d[0]
                            (input port)
  Destination:            d_reg_reg[0]/D
                            (rising edge-triggered cell FDCE clocked by sys_clk  {rise@0.000ns fall@5.750ns period=11.500ns})
  Path Group:             (none)
  Path Type:              Hold (Min at Fast Process Corner)
  Data Path Delay:        0.695ns  (logic 0.175ns (25.210%)  route 0.520ns (74.790%))
  Logic Levels:           1  (IBUF=1)
  Clock Path Skew:        2.115ns (DCD - SCD - CPR)
    Destination Clock Delay (DCD):    2.115ns
    Source Clock Delay      (SCD):    0.000ns
    Clock Pessimism Removal (CPR):    -0.000ns

    Location             Delay type                Incr(ns)  Path(ns)    Netlist Resource(s)
  -------------------------------------------------------------------    -------------------
    N18                                               0.000     0.000 r  d[0]
                         net (fo=0)                   0.000     0.000    d[0]
    N18                  IBUF (Prop_ibuf_I_O)         0.175     0.175 r  d_IBUF[0]_inst/O
                         net (fo=1, routed)           0.520     0.695    d_IBUF[0]
    SLICE_X104Y75        FDCE                                         r  d_reg_reg[0]/D
  -------------------------------------------------------------------    -------------------

                         (clock sys_clk rise edge)    0.000     0.000 r  <hidden>
    U14                                               0.000     0.000 r  clk
                         net (fo=0)                   0.000     0.000    clk
    U14                  IBUF (Prop_ibuf_I_O)         0.492     0.492 r  clk_IBUF_inst/O
                         net (fo=1, routed)           0.731     1.223    clk_IBUF
    BUFGCTRL_X0Y16       BUFG (Prop_bufg_I_O)         0.029     1.252 r  clk_IBUF_BUFG_inst/O
                         net (fo=35, routed)          0.863     2.115    clk_IBUF_BUFG
    SLICE_X104Y75        FDCE                                         r  d_reg_reg[0]/C

Slack:                    inf
  Source:                 d[7]
                            (input port)
  Destination:            d_reg_reg[7]/D
                            (rising edge-triggered cell FDCE clocked by sys_clk  {rise@0.000ns fall@5.750ns period=11.500ns})
  Path Group:             (none)
  Path Type:              Hold (Min at Fast Process Corner)
  Data Path Delay:        0.727ns  (logic 0.243ns (33.513%)  route 0.483ns (66.487%))
  Logic Levels:           1  (IBUF=1)
  Clock Path Skew:        2.122ns (DCD - SCD - CPR)
    Destination Clock Delay (DCD):    2.122ns
    Source Clock Delay      (SCD):    0.000ns
    Clock Pessimism Removal (CPR):    -0.000ns

    Location             Delay type                Incr(ns)  Path(ns)    Netlist Resource(s)
  -------------------------------------------------------------------    -------------------
    T16                                               0.000     0.000 r  d[7]
                         net (fo=0)                   0.000     0.000    d[7]
    T16                  IBUF (Prop_ibuf_I_O)         0.243     0.243 r  d_IBUF[7]_inst/O
                         net (fo=1, routed)           0.483     0.727    d_IBUF[7]
    SLICE_X104Y81        FDCE                                         r  d_reg_reg[7]/D
  -------------------------------------------------------------------    -------------------

                         (clock sys_clk rise edge)    0.000     0.000 r  <hidden>
    U14                                               0.000     0.000 r  clk
                         net (fo=0)                   0.000     0.000    clk
    U14                  IBUF (Prop_ibuf_I_O)         0.492     0.492 r  clk_IBUF_inst/O
                         net (fo=1, routed)           0.731     1.223    clk_IBUF
    BUFGCTRL_X0Y16       BUFG (Prop_bufg_I_O)         0.029     1.252 r  clk_IBUF_BUFG_inst/O
                         net (fo=35, routed)          0.870     2.122    clk_IBUF_BUFG
    SLICE_X104Y81        FDCE                                         r  d_reg_reg[7]/C

Slack:                    inf
  Source:                 d[1]
                            (input port)
  Destination:            d_reg_reg[1]/D
                            (rising edge-triggered cell FDCE clocked by sys_clk  {rise@0.000ns fall@5.750ns period=11.500ns})
  Path Group:             (none)
  Path Type:              Hold (Min at Fast Process Corner)
  Data Path Delay:        0.731ns  (logic 0.217ns (29.658%)  route 0.514ns (70.342%))
  Logic Levels:           1  (IBUF=1)
  Clock Path Skew:        2.115ns (DCD - SCD - CPR)
    Destination Clock Delay (DCD):    2.115ns
    Source Clock Delay      (SCD):    0.000ns
    Clock Pessimism Removal (CPR):    -0.000ns

    Location             Delay type                Incr(ns)  Path(ns)    Netlist Resource(s)
  -------------------------------------------------------------------    -------------------
    U19                                               0.000     0.000 r  d[1]
                         net (fo=0)                   0.000     0.000    d[1]
    U19                  IBUF (Prop_ibuf_I_O)         0.217     0.217 r  d_IBUF[1]_inst/O
                         net (fo=1, routed)           0.514     0.731    d_IBUF[1]
    SLICE_X104Y75        FDCE                                         r  d_reg_reg[1]/D
  -------------------------------------------------------------------    -------------------

                         (clock sys_clk rise edge)    0.000     0.000 r  <hidden>
    U14                                               0.000     0.000 r  clk
                         net (fo=0)                   0.000     0.000    clk
    U14                  IBUF (Prop_ibuf_I_O)         0.492     0.492 r  clk_IBUF_inst/O
                         net (fo=1, routed)           0.731     1.223    clk_IBUF
    BUFGCTRL_X0Y16       BUFG (Prop_bufg_I_O)         0.029     1.252 r  clk_IBUF_BUFG_inst/O
                         net (fo=35, routed)          0.863     2.115    clk_IBUF_BUFG
    SLICE_X104Y75        FDCE                                         r  d_reg_reg[1]/C

Slack:                    inf
  Source:                 d[6]
                            (input port)
  Destination:            d_reg_reg[6]/D
                            (rising edge-triggered cell FDCE clocked by sys_clk  {rise@0.000ns fall@5.750ns period=11.500ns})
  Path Group:             (none)
  Path Type:              Hold (Min at Fast Process Corner)
  Data Path Delay:        0.746ns  (logic 0.261ns (35.001%)  route 0.485ns (64.999%))
  Logic Levels:           1  (IBUF=1)
  Clock Path Skew:        2.122ns (DCD - SCD - CPR)
    Destination Clock Delay (DCD):    2.122ns
    Source Clock Delay      (SCD):    0.000ns
    Clock Pessimism Removal (CPR):    -0.000ns

    Location             Delay type                Incr(ns)  Path(ns)    Netlist Resource(s)
  -------------------------------------------------------------------    -------------------
    U17                                               0.000     0.000 r  d[6]
                         net (fo=0)                   0.000     0.000    d[6]
    U17                  IBUF (Prop_ibuf_I_O)         0.261     0.261 r  d_IBUF[6]_inst/O
                         net (fo=1, routed)           0.485     0.746    d_IBUF[6]
    SLICE_X104Y81        FDCE                                         r  d_reg_reg[6]/D
  -------------------------------------------------------------------    -------------------

                         (clock sys_clk rise edge)    0.000     0.000 r  <hidden>
    U14                                               0.000     0.000 r  clk
                         net (fo=0)                   0.000     0.000    clk
    U14                  IBUF (Prop_ibuf_I_O)         0.492     0.492 r  clk_IBUF_inst/O
                         net (fo=1, routed)           0.731     1.223    clk_IBUF
    BUFGCTRL_X0Y16       BUFG (Prop_bufg_I_O)         0.029     1.252 r  clk_IBUF_BUFG_inst/O
                         net (fo=35, routed)          0.870     2.122    clk_IBUF_BUFG
    SLICE_X104Y81        FDCE                                         r  d_reg_reg[6]/C

Slack:                    inf
  Source:                 c[7]
                            (input port)
  Destination:            c_reg_reg[7]/D
                            (rising edge-triggered cell FDCE clocked by sys_clk  {rise@0.000ns fall@5.750ns period=11.500ns})
  Path Group:             (none)
  Path Type:              Hold (Min at Fast Process Corner)
  Data Path Delay:        0.756ns  (logic 0.190ns (25.157%)  route 0.565ns (74.843%))
  Logic Levels:           1  (IBUF=1)
  Clock Path Skew:        2.114ns (DCD - SCD - CPR)
    Destination Clock Delay (DCD):    2.114ns
    Source Clock Delay      (SCD):    0.000ns
    Clock Pessimism Removal (CPR):    -0.000ns

    Location             Delay type                Incr(ns)  Path(ns)    Netlist Resource(s)
  -------------------------------------------------------------------    -------------------
    P19                                               0.000     0.000 r  c[7]
                         net (fo=0)                   0.000     0.000    c[7]
    P19                  IBUF (Prop_ibuf_I_O)         0.190     0.190 r  c_IBUF[7]_inst/O
                         net (fo=1, routed)           0.565     0.756    c_IBUF[7]
    SLICE_X103Y75        FDCE                                         r  c_reg_reg[7]/D
  -------------------------------------------------------------------    -------------------

                         (clock sys_clk rise edge)    0.000     0.000 r  <hidden>
    U14                                               0.000     0.000 r  clk
                         net (fo=0)                   0.000     0.000    clk
    U14                  IBUF (Prop_ibuf_I_O)         0.492     0.492 r  clk_IBUF_inst/O
                         net (fo=1, routed)           0.731     1.223    clk_IBUF
    BUFGCTRL_X0Y16       BUFG (Prop_bufg_I_O)         0.029     1.252 r  clk_IBUF_BUFG_inst/O
                         net (fo=35, routed)          0.862     2.114    clk_IBUF_BUFG
    SLICE_X103Y75        FDCE                                         r  c_reg_reg[7]/C

Slack:                    inf
  Source:                 c[6]
                            (input port)
  Destination:            c_reg_reg[6]/D
                            (rising edge-triggered cell FDCE clocked by sys_clk  {rise@0.000ns fall@5.750ns period=11.500ns})
  Path Group:             (none)
  Path Type:              Hold (Min at Fast Process Corner)
  Data Path Delay:        0.765ns  (logic 0.169ns (22.056%)  route 0.596ns (77.944%))
  Logic Levels:           1  (IBUF=1)
  Clock Path Skew:        2.116ns (DCD - SCD - CPR)
    Destination Clock Delay (DCD):    2.116ns
    Source Clock Delay      (SCD):    0.000ns
    Clock Pessimism Removal (CPR):    -0.000ns

    Location             Delay type                Incr(ns)  Path(ns)    Netlist Resource(s)
  -------------------------------------------------------------------    -------------------
    N20                                               0.000     0.000 r  c[6]
                         net (fo=0)                   0.000     0.000    c[6]
    N20                  IBUF (Prop_ibuf_I_O)         0.169     0.169 r  c_IBUF[6]_inst/O
                         net (fo=1, routed)           0.596     0.765    c_IBUF[6]
    SLICE_X105Y76        FDCE                                         r  c_reg_reg[6]/D
  -------------------------------------------------------------------    -------------------

                         (clock sys_clk rise edge)    0.000     0.000 r  <hidden>
    U14                                               0.000     0.000 r  clk
                         net (fo=0)                   0.000     0.000    clk
    U14                  IBUF (Prop_ibuf_I_O)         0.492     0.492 r  clk_IBUF_inst/O
                         net (fo=1, routed)           0.731     1.223    clk_IBUF
    BUFGCTRL_X0Y16       BUFG (Prop_bufg_I_O)         0.029     1.252 r  clk_IBUF_BUFG_inst/O
                         net (fo=35, routed)          0.864     2.116    clk_IBUF_BUFG
    SLICE_X105Y76        FDCE                                         r  c_reg_reg[6]/C

Slack:                    inf
  Source:                 c[4]
                            (input port)
  Destination:            c_reg_reg[4]/D
                            (rising edge-triggered cell FDCE clocked by sys_clk  {rise@0.000ns fall@5.750ns period=11.500ns})
  Path Group:             (none)
  Path Type:              Hold (Min at Fast Process Corner)
  Data Path Delay:        0.817ns  (logic 0.198ns (24.295%)  route 0.618ns (75.705%))
  Logic Levels:           1  (IBUF=1)
  Clock Path Skew:        2.116ns (DCD - SCD - CPR)
    Destination Clock Delay (DCD):    2.116ns
    Source Clock Delay      (SCD):    0.000ns
    Clock Pessimism Removal (CPR):    -0.000ns

    Location             Delay type                Incr(ns)  Path(ns)    Netlist Resource(s)
  -------------------------------------------------------------------    -------------------
    T20                                               0.000     0.000 r  c[4]
                         net (fo=0)                   0.000     0.000    c[4]
    T20                  IBUF (Prop_ibuf_I_O)         0.198     0.198 r  c_IBUF[4]_inst/O
                         net (fo=1, routed)           0.618     0.817    c_IBUF[4]
    SLICE_X105Y76        FDCE                                         r  c_reg_reg[4]/D
  -------------------------------------------------------------------    -------------------

                         (clock sys_clk rise edge)    0.000     0.000 r  <hidden>
    U14                                               0.000     0.000 r  clk
                         net (fo=0)                   0.000     0.000    clk
    U14                  IBUF (Prop_ibuf_I_O)         0.492     0.492 r  clk_IBUF_inst/O
                         net (fo=1, routed)           0.731     1.223    clk_IBUF
    BUFGCTRL_X0Y16       BUFG (Prop_bufg_I_O)         0.029     1.252 r  clk_IBUF_BUFG_inst/O
                         net (fo=35, routed)          0.864     2.116    clk_IBUF_BUFG
    SLICE_X105Y76        FDCE                                         r  c_reg_reg[4]/C

Slack:                    inf
  Source:                 d[2]
                            (input port)
  Destination:            d_reg_reg[2]/D
                            (rising edge-triggered cell FDCE clocked by sys_clk  {rise@0.000ns fall@5.750ns period=11.500ns})
  Path Group:             (none)
  Path Type:              Hold (Min at Fast Process Corner)
  Data Path Delay:        0.864ns  (logic 0.212ns (24.533%)  route 0.652ns (75.467%))
  Logic Levels:           1  (IBUF=1)
  Clock Path Skew:        2.118ns (DCD - SCD - CPR)
    Destination Clock Delay (DCD):    2.118ns
    Source Clock Delay      (SCD):    0.000ns
    Clock Pessimism Removal (CPR):    -0.000ns

    Location             Delay type                Incr(ns)  Path(ns)    Netlist Resource(s)
  -------------------------------------------------------------------    -------------------
    U18                                               0.000     0.000 r  d[2]
                         net (fo=0)                   0.000     0.000    d[2]
    U18                  IBUF (Prop_ibuf_I_O)         0.212     0.212 r  d_IBUF[2]_inst/O
                         net (fo=1, routed)           0.652     0.864    d_IBUF[2]
    SLICE_X104Y77        FDCE                                         r  d_reg_reg[2]/D
  -------------------------------------------------------------------    -------------------

                         (clock sys_clk rise edge)    0.000     0.000 r  <hidden>
    U14                                               0.000     0.000 r  clk
                         net (fo=0)                   0.000     0.000    clk
    U14                  IBUF (Prop_ibuf_I_O)         0.492     0.492 r  clk_IBUF_inst/O
                         net (fo=1, routed)           0.731     1.223    clk_IBUF
    BUFGCTRL_X0Y16       BUFG (Prop_bufg_I_O)         0.029     1.252 r  clk_IBUF_BUFG_inst/O
                         net (fo=35, routed)          0.866     2.118    clk_IBUF_BUFG
    SLICE_X104Y77        FDCE                                         r  d_reg_reg[2]/C

Slack:                    inf
  Source:                 rst
                            (input port)
  Destination:            a_reg_reg[4]/CLR
                            (removal check against rising-edge clock sys_clk  {rise@0.000ns fall@5.750ns period=11.500ns})
  Path Group:             (none)
  Path Type:              Removal (Min at Fast Process Corner)
  Data Path Delay:        0.868ns  (logic 0.302ns (34.731%)  route 0.567ns (65.269%))
  Logic Levels:           1  (IBUF=1)
  Clock Path Skew:        2.120ns (DCD - SCD - CPR)
    Destination Clock Delay (DCD):    2.120ns
    Source Clock Delay      (SCD):    0.000ns
    Clock Pessimism Removal (CPR):    -0.000ns

    Location             Delay type                Incr(ns)  Path(ns)    Netlist Resource(s)
  -------------------------------------------------------------------    -------------------
    Y14                                               0.000     0.000 f  rst
                         net (fo=0)                   0.000     0.000    rst
    Y14                  IBUF (Prop_ibuf_I_O)         0.302     0.302 f  rst_IBUF_inst/O
                         net (fo=34, routed)          0.567     0.868    rst_IBUF
    SLICE_X105Y79        FDCE                                         f  a_reg_reg[4]/CLR
  -------------------------------------------------------------------    -------------------

                         (clock sys_clk rise edge)    0.000     0.000 r  <hidden>
    U14                                               0.000     0.000 r  clk
                         net (fo=0)                   0.000     0.000    clk
    U14                  IBUF (Prop_ibuf_I_O)         0.492     0.492 r  clk_IBUF_inst/O
                         net (fo=1, routed)           0.731     1.223    clk_IBUF
    BUFGCTRL_X0Y16       BUFG (Prop_bufg_I_O)         0.029     1.252 r  clk_IBUF_BUFG_inst/O
                         net (fo=35, routed)          0.868     2.120    clk_IBUF_BUFG
    SLICE_X105Y79        FDCE                                         r  a_reg_reg[4]/C

Slack:                    inf
  Source:                 rst
                            (input port)
  Destination:            d_reg_reg[4]/CLR
                            (removal check against rising-edge clock sys_clk  {rise@0.000ns fall@5.750ns period=11.500ns})
  Path Group:             (none)
  Path Type:              Removal (Min at Fast Process Corner)
  Data Path Delay:        0.868ns  (logic 0.302ns (34.731%)  route 0.567ns (65.269%))
  Logic Levels:           1  (IBUF=1)
  Clock Path Skew:        2.120ns (DCD - SCD - CPR)
    Destination Clock Delay (DCD):    2.120ns
    Source Clock Delay      (SCD):    0.000ns
    Clock Pessimism Removal (CPR):    -0.000ns

    Location             Delay type                Incr(ns)  Path(ns)    Netlist Resource(s)
  -------------------------------------------------------------------    -------------------
    Y14                                               0.000     0.000 f  rst
                         net (fo=0)                   0.000     0.000    rst
    Y14                  IBUF (Prop_ibuf_I_O)         0.302     0.302 f  rst_IBUF_inst/O
                         net (fo=34, routed)          0.567     0.868    rst_IBUF
    SLICE_X104Y79        FDCE                                         f  d_reg_reg[4]/CLR
  -------------------------------------------------------------------    -------------------

                         (clock sys_clk rise edge)    0.000     0.000 r  <hidden>
    U14                                               0.000     0.000 r  clk
                         net (fo=0)                   0.000     0.000    clk
    U14                  IBUF (Prop_ibuf_I_O)         0.492     0.492 r  clk_IBUF_inst/O
                         net (fo=1, routed)           0.731     1.223    clk_IBUF
    BUFGCTRL_X0Y16       BUFG (Prop_bufg_I_O)         0.029     1.252 r  clk_IBUF_BUFG_inst/O
                         net (fo=35, routed)          0.868     2.120    clk_IBUF_BUFG
    SLICE_X104Y79        FDCE                                         r  d_reg_reg[4]/C





