Copyright 1986-2022 Xilinx, Inc. All Rights Reserved. Copyright 2022-2026 Advanced Micro Devices, Inc. All Rights Reserved.
---------------------------------------------------------------------------------------------------------------------------------------------------------------------------------------------------------------------
| Tool Version : Vivado v.2026.1 (win64) Build 6511674 Tue Jun 16 11:02:23 MDT 2026
| Date         : Wed Sep  9 20:24:37 2026
| Host         : Saviel running 64-bit major release  (build 9200)
| Command      : report_timing_summary -max_paths 10 -routable_nets -report_unconstrained -file alu_timing_summary_routed.rpt -pb alu_timing_summary_routed.pb -rpx alu_timing_summary_routed.rpx -warn_on_violation
| Design       : alu
| Device       : 7z020-clg400
| Speed File   : -1  PRODUCTION 1.12 2019-11-22
| Design State : Routed
---------------------------------------------------------------------------------------------------------------------------------------------------------------------------------------------------------------------

Timing Summary Report

------------------------------------------------------------------------------------------------
| Timer Settings
| --------------
------------------------------------------------------------------------------------------------

  Enable Multi Corner Analysis               :  Yes
  Enable Pessimism Removal                   :  Yes
  Pessimism Removal Resolution               :  Nearest Common Node
  Enable Input Delay Default Clock           :  No
  Enable Preset / Clear Arcs                 :  No
  Disable Flight Delays                      :  No
  Ignore I/O Paths                           :  No
  Timing Early Launch at Borrowing Latches   :  No
  Borrow Time for Max Delay Exceptions       :  Yes
  Merge Timing Exceptions                    :  Yes
  Inter-SLR Compensation                     :  Conservative

  Corner  Analyze    Analyze    
  Name    Max Paths  Min Paths  
  ------  ---------  ---------  
  Slow    Yes        Yes        
  Fast    Yes        Yes        


------------------------------------------------------------------------------------------------
| Report Methodology
| ------------------
------------------------------------------------------------------------------------------------

Rule       Severity  Description                    Violations  
---------  --------  -----------------------------  ----------  
TIMING-18  Warning   Missing input or output delay  15          

Note: This report is based on the most recent report_methodology run and may not be up-to-date. Run report_methodology on the current design for the latest report.



check_timing report

Table of Contents
-----------------
1. checking no_clock (0)
2. checking constant_clock (0)
3. checking pulse_width_clock (0)
4. checking unconstrained_internal_endpoints (0)
5. checking no_input_delay (11)
6. checking no_output_delay (4)
7. checking multiple_clock (0)
8. checking generated_clocks (0)
9. checking loops (0)
10. checking partial_input_delay (0)
11. checking partial_output_delay (0)
12. checking latch_loops (0)

1. checking no_clock (0)
------------------------
 There are 0 register/latch pins with no clock.


2. checking constant_clock (0)
------------------------------
 There are 0 register/latch pins with constant_clock.


3. checking pulse_width_clock (0)
---------------------------------
 There are 0 register/latch pins which need pulse_width check


4. checking unconstrained_internal_endpoints (0)
------------------------------------------------
 There are 0 pins that are not constrained for maximum delay.

 There are 0 pins that are not constrained for maximum delay due to constant clock.


5. checking no_input_delay (11)
-------------------------------
 There are 11 input ports with no input delay specified. (HIGH)

 There are 0 input ports with no input delay but user has a false path constraint.


6. checking no_output_delay (4)
-------------------------------
 There are 4 ports with no output delay specified. (HIGH)

 There are 0 ports with no output delay but user has a false path constraint

 There are 0 ports with no output delay but with a timing clock defined on it or propagating through it


7. checking multiple_clock (0)
------------------------------
 There are 0 register/latch pins with multiple clocks.


8. checking generated_clocks (0)
--------------------------------
 There are 0 generated clocks that are not connected to a clock source.


9. checking loops (0)
---------------------
 There are 0 combinational loops in the design.


10. checking partial_input_delay (0)
------------------------------------
 There are 0 input ports with partial input delay specified.


11. checking partial_output_delay (0)
-------------------------------------
 There are 0 ports with partial output delay specified.


12. checking latch_loops (0)
----------------------------
 There are 0 combinational latch loops in the design through latch input



------------------------------------------------------------------------------------------------
| Design Timing Summary
| ---------------------
------------------------------------------------------------------------------------------------

    WNS(ns)      TNS(ns)  TNS Failing Endpoints  TNS Total Endpoints      WHS(ns)      THS(ns)  THS Failing Endpoints  THS Total Endpoints     WPWS(ns)     TPWS(ns)  TPWS Failing Endpoints  TPWS Total Endpoints  
    -------      -------  ---------------------  -------------------      -------      -------  ---------------------  -------------------     --------     --------  ----------------------  --------------------  
      7.621        0.000                      0                    4        0.143        0.000                      0                    4        4.500        0.000                       0                    15  


All user specified timing constraints are met.


------------------------------------------------------------------------------------------------
| Clock Summary
| -------------
------------------------------------------------------------------------------------------------

Clock    Waveform(ns)       Period(ns)      Frequency(MHz)
-----    ------------       ----------      --------------
sys_clk  {0.000 5.000}      10.000          100.000         


------------------------------------------------------------------------------------------------
| Intra Clock Table
| -----------------
------------------------------------------------------------------------------------------------

Clock             WNS(ns)      TNS(ns)  TNS Failing Endpoints  TNS Total Endpoints      WHS(ns)      THS(ns)  THS Failing Endpoints  THS Total Endpoints     WPWS(ns)     TPWS(ns)  TPWS Failing Endpoints  TPWS Total Endpoints  
-----             -------      -------  ---------------------  -------------------      -------      -------  ---------------------  -------------------     --------     --------  ----------------------  --------------------  
sys_clk             7.621        0.000                      0                    4        0.143        0.000                      0                    4        4.500        0.000                       0                    15  


------------------------------------------------------------------------------------------------
| Inter Clock Table
| -----------------
------------------------------------------------------------------------------------------------

From Clock    To Clock          WNS(ns)      TNS(ns)  TNS Failing Endpoints  TNS Total Endpoints      WHS(ns)      THS(ns)  THS Failing Endpoints  THS Total Endpoints  
----------    --------          -------      -------  ---------------------  -------------------      -------      -------  ---------------------  -------------------  


------------------------------------------------------------------------------------------------
| Other Path Groups Table
| -----------------------
------------------------------------------------------------------------------------------------

Path Group    From Clock    To Clock          WNS(ns)      TNS(ns)  TNS Failing Endpoints  TNS Total Endpoints      WHS(ns)      THS(ns)  THS Failing Endpoints  THS Total Endpoints  
----------    ----------    --------          -------      -------  ---------------------  -------------------      -------      -------  ---------------------  -------------------  


------------------------------------------------------------------------------------------------
| User Ignored Path Table
| -----------------------
------------------------------------------------------------------------------------------------

Path Group    From Clock    To Clock    
----------    ----------    --------    


------------------------------------------------------------------------------------------------
| Unconstrained Path Table
| ------------------------
------------------------------------------------------------------------------------------------

Path Group    From Clock    To Clock    
----------    ----------    --------    
(none)                                    
(none)        sys_clk                     
(none)                      sys_clk       


------------------------------------------------------------------------------------------------
| Timing Details
| --------------
------------------------------------------------------------------------------------------------


---------------------------------------------------------------------------------------------------
From Clock:  sys_clk
  To Clock:  sys_clk

Setup :            0  Failing Endpoints,  Worst Slack        7.621ns,  Total Violation        0.000ns
Hold  :            0  Failing Endpoints,  Worst Slack        0.143ns,  Total Violation        0.000ns
PW    :            0  Failing Endpoints,  Worst Slack        4.500ns,  Total Violation        0.000ns
---------------------------------------------------------------------------------------------------


Max Delay Paths
--------------------------------------------------------------------------------------
Slack (MET) :             7.621ns  (required time - arrival time)
  Source:                 b_reg_reg[2]/C
                            (rising edge-triggered cell FDCE clocked by sys_clk  {rise@0.000ns fall@5.000ns period=10.000ns})
  Destination:            result_reg_reg[3]/D
                            (rising edge-triggered cell FDCE clocked by sys_clk  {rise@0.000ns fall@5.000ns period=10.000ns})
  Path Group:             sys_clk
  Path Type:              Setup (Max at Slow Process Corner)
  Requirement:            10.000ns  (sys_clk rise@10.000ns - sys_clk rise@0.000ns)
  Data Path Delay:        2.399ns  (logic 0.897ns (37.398%)  route 1.502ns (62.602%))
  Logic Levels:           2  (LUT6=2)
  Clock Path Skew:        -0.026ns (DCD - SCD + CPR)
    Destination Clock Delay (DCD):    4.638ns = ( 14.638 - 10.000 ) 
    Source Clock Delay      (SCD):    5.161ns
    Clock Pessimism Removal (CPR):    0.497ns
  Clock Uncertainty:      0.035ns  ((TSJ^2 + TIJ^2)^1/2 + DJ) / 2 + PE
    Total System Jitter     (TSJ):    0.071ns
    Total Input Jitter      (TIJ):    0.000ns
    Discrete Jitter          (DJ):    0.000ns
    Phase Error              (PE):    0.000ns

    Location             Delay type                Incr(ns)  Path(ns)    Netlist Resource(s)
  -------------------------------------------------------------------    -------------------
                         (clock sys_clk rise edge)    0.000     0.000 r  <hidden>
    U7                                                0.000     0.000 r  clk
                         net (fo=0)                   0.000     0.000    clk
    U7                   IBUF (Prop_ibuf_I_O)         1.058     1.058 r  clk_IBUF_inst/O
                         net (fo=1, routed)           2.171     3.229    clk_IBUF
    BUFGCTRL_X0Y0        BUFG (Prop_bufg_I_O)         0.101     3.330 r  clk_IBUF_BUFG_inst/O
                         net (fo=14, routed)          1.831     5.161    clk_IBUF_BUFG
    SLICE_X0Y12          FDCE                                         r  b_reg_reg[2]/C
  -------------------------------------------------------------------    -------------------
    SLICE_X0Y12          FDCE (Prop_fdce_C_Q)         0.478     5.639 r  b_reg_reg[2]/Q
                         net (fo=3, routed)           0.832     6.471    b_reg[2]
    SLICE_X0Y13          LUT6 (Prop_lut6_I0_O)        0.295     6.766 r  result_reg[3]_i_3/O
                         net (fo=1, routed)           0.670     7.436    result_reg[3]_i_3_n_0
    SLICE_X0Y13          LUT6 (Prop_lut6_I1_O)        0.124     7.560 r  result_reg[3]_i_1/O
                         net (fo=1, routed)           0.000     7.560    alu_result[3]
    SLICE_X0Y13          FDCE                                         r  result_reg_reg[3]/D
  -------------------------------------------------------------------    -------------------

                         (clock sys_clk rise edge)   10.000    10.000 r  <hidden>
    U7                                                0.000    10.000 r  clk
                         net (fo=0)                   0.000    10.000    clk
    U7                   IBUF (Prop_ibuf_I_O)         0.924    10.924 r  clk_IBUF_inst/O
                         net (fo=1, routed)           1.972    12.896    clk_IBUF
    BUFGCTRL_X0Y0        BUFG (Prop_bufg_I_O)         0.091    12.987 r  clk_IBUF_BUFG_inst/O
                         net (fo=14, routed)          1.651    14.638    clk_IBUF_BUFG
    SLICE_X0Y13          FDCE                                         r  result_reg_reg[3]/C
                         clock pessimism              0.497    15.135    <hidden>
                         clock uncertainty           -0.035    15.100    <hidden>
    SLICE_X0Y13          FDCE (Setup_fdce_C_D)        0.081    15.181    result_reg_reg[3]
  -------------------------------------------------------------------
                         required time                         15.181    <hidden>
                         arrival time                          -7.560    <hidden>
  -------------------------------------------------------------------
                         slack                                  7.621    <hidden>

Slack (MET) :             7.827ns  (required time - arrival time)
  Source:                 b_reg_reg[1]/C
                            (rising edge-triggered cell FDCE clocked by sys_clk  {rise@0.000ns fall@5.000ns period=10.000ns})
  Destination:            result_reg_reg[2]/D
                            (rising edge-triggered cell FDCE clocked by sys_clk  {rise@0.000ns fall@5.000ns period=10.000ns})
  Path Group:             sys_clk
  Path Type:              Setup (Max at Slow Process Corner)
  Requirement:            10.000ns  (sys_clk rise@10.000ns - sys_clk rise@0.000ns)
  Data Path Delay:        2.189ns  (logic 0.934ns (42.665%)  route 1.255ns (57.335%))
  Logic Levels:           2  (LUT4=1 LUT6=1)
  Clock Path Skew:        -0.026ns (DCD - SCD + CPR)
    Destination Clock Delay (DCD):    4.638ns = ( 14.638 - 10.000 ) 
    Source Clock Delay      (SCD):    5.161ns
    Clock Pessimism Removal (CPR):    0.497ns
  Clock Uncertainty:      0.035ns  ((TSJ^2 + TIJ^2)^1/2 + DJ) / 2 + PE
    Total System Jitter     (TSJ):    0.071ns
    Total Input Jitter      (TIJ):    0.000ns
    Discrete Jitter          (DJ):    0.000ns
    Phase Error              (PE):    0.000ns

    Location             Delay type                Incr(ns)  Path(ns)    Netlist Resource(s)
  -------------------------------------------------------------------    -------------------
                         (clock sys_clk rise edge)    0.000     0.000 r  <hidden>
    U7                                                0.000     0.000 r  clk
                         net (fo=0)                   0.000     0.000    clk
    U7                   IBUF (Prop_ibuf_I_O)         1.058     1.058 r  clk_IBUF_inst/O
                         net (fo=1, routed)           2.171     3.229    clk_IBUF
    BUFGCTRL_X0Y0        BUFG (Prop_bufg_I_O)         0.101     3.330 r  clk_IBUF_BUFG_inst/O
                         net (fo=14, routed)          1.831     5.161    clk_IBUF_BUFG
    SLICE_X1Y12          FDCE                                         r  b_reg_reg[1]/C
  -------------------------------------------------------------------    -------------------
    SLICE_X1Y12          FDCE (Prop_fdce_C_Q)         0.456     5.617 f  b_reg_reg[1]/Q
                         net (fo=5, routed)           0.826     6.444    b_reg[1]
    SLICE_X1Y13          LUT4 (Prop_lut4_I0_O)        0.152     6.596 r  result_reg[2]_i_2/O
                         net (fo=1, routed)           0.429     7.025    result_reg[2]_i_2_n_0
    SLICE_X0Y13          LUT6 (Prop_lut6_I0_O)        0.326     7.351 r  result_reg[2]_i_1/O
                         net (fo=1, routed)           0.000     7.351    alu_result[2]
    SLICE_X0Y13          FDCE                                         r  result_reg_reg[2]/D
  -------------------------------------------------------------------    -------------------

                         (clock sys_clk rise edge)   10.000    10.000 r  <hidden>
    U7                                                0.000    10.000 r  clk
                         net (fo=0)                   0.000    10.000    clk
    U7                   IBUF (Prop_ibuf_I_O)         0.924    10.924 r  clk_IBUF_inst/O
                         net (fo=1, routed)           1.972    12.896    clk_IBUF
    BUFGCTRL_X0Y0        BUFG (Prop_bufg_I_O)         0.091    12.987 r  clk_IBUF_BUFG_inst/O
                         net (fo=14, routed)          1.651    14.638    clk_IBUF_BUFG
    SLICE_X0Y13          FDCE                                         r  result_reg_reg[2]/C
                         clock pessimism              0.497    15.135    <hidden>
                         clock uncertainty           -0.035    15.100    <hidden>
    SLICE_X0Y13          FDCE (Setup_fdce_C_D)        0.077    15.177    result_reg_reg[2]
  -------------------------------------------------------------------
                         required time                         15.177    <hidden>
                         arrival time                          -7.351    <hidden>
  -------------------------------------------------------------------
                         slack                                  7.827    <hidden>

Slack (MET) :             8.383ns  (required time - arrival time)
  Source:                 op_reg_reg[1]/C
                            (rising edge-triggered cell FDCE clocked by sys_clk  {rise@0.000ns fall@5.000ns period=10.000ns})
  Destination:            result_reg_reg[0]/D
                            (rising edge-triggered cell FDCE clocked by sys_clk  {rise@0.000ns fall@5.000ns period=10.000ns})
  Path Group:             sys_clk
  Path Type:              Setup (Max at Slow Process Corner)
  Requirement:            10.000ns  (sys_clk rise@10.000ns - sys_clk rise@0.000ns)
  Data Path Delay:        1.635ns  (logic 0.779ns (47.643%)  route 0.856ns (52.357%))
  Logic Levels:           1  (LUT4=1)
  Clock Path Skew:        -0.024ns (DCD - SCD + CPR)
    Destination Clock Delay (DCD):    4.639ns = ( 14.639 - 10.000 ) 
    Source Clock Delay      (SCD):    5.160ns
    Clock Pessimism Removal (CPR):    0.497ns
  Clock Uncertainty:      0.035ns  ((TSJ^2 + TIJ^2)^1/2 + DJ) / 2 + PE
    Total System Jitter     (TSJ):    0.071ns
    Total Input Jitter      (TIJ):    0.000ns
    Discrete Jitter          (DJ):    0.000ns
    Phase Error              (PE):    0.000ns

    Location             Delay type                Incr(ns)  Path(ns)    Netlist Resource(s)
  -------------------------------------------------------------------    -------------------
                         (clock sys_clk rise edge)    0.000     0.000 r  <hidden>
    U7                                                0.000     0.000 r  clk
                         net (fo=0)                   0.000     0.000    clk
    U7                   IBUF (Prop_ibuf_I_O)         1.058     1.058 r  clk_IBUF_inst/O
                         net (fo=1, routed)           2.171     3.229    clk_IBUF
    BUFGCTRL_X0Y0        BUFG (Prop_bufg_I_O)         0.101     3.330 r  clk_IBUF_BUFG_inst/O
                         net (fo=14, routed)          1.830     5.160    clk_IBUF_BUFG
    SLICE_X0Y13          FDCE                                         r  op_reg_reg[1]/C
  -------------------------------------------------------------------    -------------------
    SLICE_X0Y13          FDCE (Prop_fdce_C_Q)         0.478     5.638 r  op_reg_reg[1]/Q
                         net (fo=4, routed)           0.856     6.495    op_reg[1]
    SLICE_X0Y12          LUT4 (Prop_lut4_I2_O)        0.301     6.796 r  result_reg[0]_i_1/O
                         net (fo=1, routed)           0.000     6.796    alu_result[0]
    SLICE_X0Y12          FDCE                                         r  result_reg_reg[0]/D
  -------------------------------------------------------------------    -------------------

                         (clock sys_clk rise edge)   10.000    10.000 r  <hidden>
    U7                                                0.000    10.000 r  clk
                         net (fo=0)                   0.000    10.000    clk
    U7                   IBUF (Prop_ibuf_I_O)         0.924    10.924 r  clk_IBUF_inst/O
                         net (fo=1, routed)           1.972    12.896    clk_IBUF
    BUFGCTRL_X0Y0        BUFG (Prop_bufg_I_O)         0.091    12.987 r  clk_IBUF_BUFG_inst/O
                         net (fo=14, routed)          1.652    14.639    clk_IBUF_BUFG
    SLICE_X0Y12          FDCE                                         r  result_reg_reg[0]/C
                         clock pessimism              0.497    15.136    <hidden>
                         clock uncertainty           -0.035    15.101    <hidden>
    SLICE_X0Y12          FDCE (Setup_fdce_C_D)        0.077    15.178    result_reg_reg[0]
  -------------------------------------------------------------------
                         required time                         15.178    <hidden>
                         arrival time                          -6.796    <hidden>
  -------------------------------------------------------------------
                         slack                                  8.383    <hidden>

Slack (MET) :             8.466ns  (required time - arrival time)
  Source:                 op_reg_reg[1]/C
                            (rising edge-triggered cell FDCE clocked by sys_clk  {rise@0.000ns fall@5.000ns period=10.000ns})
  Destination:            result_reg_reg[1]/D
                            (rising edge-triggered cell FDCE clocked by sys_clk  {rise@0.000ns fall@5.000ns period=10.000ns})
  Path Group:             sys_clk
  Path Type:              Setup (Max at Slow Process Corner)
  Requirement:            10.000ns  (sys_clk rise@10.000ns - sys_clk rise@0.000ns)
  Data Path Delay:        1.556ns  (logic 0.779ns (50.065%)  route 0.777ns (49.935%))
  Logic Levels:           1  (LUT6=1)
  Clock Path Skew:        -0.024ns (DCD - SCD + CPR)
    Destination Clock Delay (DCD):    4.639ns = ( 14.639 - 10.000 ) 
    Source Clock Delay      (SCD):    5.160ns
    Clock Pessimism Removal (CPR):    0.497ns
  Clock Uncertainty:      0.035ns  ((TSJ^2 + TIJ^2)^1/2 + DJ) / 2 + PE
    Total System Jitter     (TSJ):    0.071ns
    Total Input Jitter      (TIJ):    0.000ns
    Discrete Jitter          (DJ):    0.000ns
    Phase Error              (PE):    0.000ns

    Location             Delay type                Incr(ns)  Path(ns)    Netlist Resource(s)
  -------------------------------------------------------------------    -------------------
                         (clock sys_clk rise edge)    0.000     0.000 r  <hidden>
    U7                                                0.000     0.000 r  clk
                         net (fo=0)                   0.000     0.000    clk
    U7                   IBUF (Prop_ibuf_I_O)         1.058     1.058 r  clk_IBUF_inst/O
                         net (fo=1, routed)           2.171     3.229    clk_IBUF
    BUFGCTRL_X0Y0        BUFG (Prop_bufg_I_O)         0.101     3.330 r  clk_IBUF_BUFG_inst/O
                         net (fo=14, routed)          1.830     5.160    clk_IBUF_BUFG
    SLICE_X0Y13          FDCE                                         r  op_reg_reg[1]/C
  -------------------------------------------------------------------    -------------------
    SLICE_X0Y13          FDCE (Prop_fdce_C_Q)         0.478     5.638 r  op_reg_reg[1]/Q
                         net (fo=4, routed)           0.777     6.415    op_reg[1]
    SLICE_X0Y12          LUT6 (Prop_lut6_I4_O)        0.301     6.716 r  result_reg[1]_i_1/O
                         net (fo=1, routed)           0.000     6.716    alu_result[1]
    SLICE_X0Y12          FDCE                                         r  result_reg_reg[1]/D
  -------------------------------------------------------------------    -------------------

                         (clock sys_clk rise edge)   10.000    10.000 r  <hidden>
    U7                                                0.000    10.000 r  clk
                         net (fo=0)                   0.000    10.000    clk
    U7                   IBUF (Prop_ibuf_I_O)         0.924    10.924 r  clk_IBUF_inst/O
                         net (fo=1, routed)           1.972    12.896    clk_IBUF
    BUFGCTRL_X0Y0        BUFG (Prop_bufg_I_O)         0.091    12.987 r  clk_IBUF_BUFG_inst/O
                         net (fo=14, routed)          1.652    14.639    clk_IBUF_BUFG
    SLICE_X0Y12          FDCE                                         r  result_reg_reg[1]/C
                         clock pessimism              0.497    15.136    <hidden>
                         clock uncertainty           -0.035    15.101    <hidden>
    SLICE_X0Y12          FDCE (Setup_fdce_C_D)        0.081    15.182    result_reg_reg[1]
  -------------------------------------------------------------------
                         required time                         15.182    <hidden>
                         arrival time                          -6.716    <hidden>
  -------------------------------------------------------------------
                         slack                                  8.466    <hidden>





Min Delay Paths
--------------------------------------------------------------------------------------
Slack (MET) :             0.143ns  (arrival time - required time)
  Source:                 a_reg_reg[3]/C
                            (rising edge-triggered cell FDCE clocked by sys_clk  {rise@0.000ns fall@5.000ns period=10.000ns})
  Destination:            result_reg_reg[3]/D
                            (rising edge-triggered cell FDCE clocked by sys_clk  {rise@0.000ns fall@5.000ns period=10.000ns})
  Path Group:             sys_clk
  Path Type:              Hold (Min at Fast Process Corner)
  Requirement:            0.000ns  (sys_clk rise@0.000ns - sys_clk rise@0.000ns)
  Data Path Delay:        0.277ns  (logic 0.186ns (67.123%)  route 0.091ns (32.877%))
  Logic Levels:           1  (LUT6=1)
  Clock Path Skew:        0.013ns (DCD - SCD - CPR)
    Destination Clock Delay (DCD):    2.112ns
    Source Clock Delay      (SCD):    1.594ns
    Clock Pessimism Removal (CPR):    0.505ns

    Location             Delay type                Incr(ns)  Path(ns)    Netlist Resource(s)
  -------------------------------------------------------------------    -------------------
                         (clock sys_clk rise edge)    0.000     0.000 r  <hidden>
    U7                                                0.000     0.000 r  clk
                         net (fo=0)                   0.000     0.000    clk
    U7                   IBUF (Prop_ibuf_I_O)         0.286     0.286 r  clk_IBUF_inst/O
                         net (fo=1, routed)           0.663     0.949    clk_IBUF
    BUFGCTRL_X0Y0        BUFG (Prop_bufg_I_O)         0.026     0.975 r  clk_IBUF_BUFG_inst/O
                         net (fo=14, routed)          0.619     1.594    clk_IBUF_BUFG
    SLICE_X1Y13          FDCE                                         r  a_reg_reg[3]/C
  -------------------------------------------------------------------    -------------------
    SLICE_X1Y13          FDCE (Prop_fdce_C_Q)         0.141     1.735 r  a_reg_reg[3]/Q
                         net (fo=1, routed)           0.091     1.826    a_reg[3]
    SLICE_X0Y13          LUT6 (Prop_lut6_I3_O)        0.045     1.871 r  result_reg[3]_i_1/O
                         net (fo=1, routed)           0.000     1.871    alu_result[3]
    SLICE_X0Y13          FDCE                                         r  result_reg_reg[3]/D
  -------------------------------------------------------------------    -------------------

                         (clock sys_clk rise edge)    0.000     0.000 r  <hidden>
    U7                                                0.000     0.000 r  clk
                         net (fo=0)                   0.000     0.000    clk
    U7                   IBUF (Prop_ibuf_I_O)         0.476     0.476 r  clk_IBUF_inst/O
                         net (fo=1, routed)           0.719     1.195    clk_IBUF
    BUFGCTRL_X0Y0        BUFG (Prop_bufg_I_O)         0.029     1.224 r  clk_IBUF_BUFG_inst/O
                         net (fo=14, routed)          0.888     2.112    clk_IBUF_BUFG
    SLICE_X0Y13          FDCE                                         r  result_reg_reg[3]/C
                         clock pessimism             -0.505     1.607    <hidden>
    SLICE_X0Y13          FDCE (Hold_fdce_C_D)         0.121     1.728    result_reg_reg[3]
  -------------------------------------------------------------------
                         required time                         -1.728    <hidden>
                         arrival time                           1.871    <hidden>
  -------------------------------------------------------------------
                         slack                                  0.143    <hidden>

Slack (MET) :             0.155ns  (arrival time - required time)
  Source:                 a_reg_reg[1]/C
                            (rising edge-triggered cell FDCE clocked by sys_clk  {rise@0.000ns fall@5.000ns period=10.000ns})
  Destination:            result_reg_reg[1]/D
                            (rising edge-triggered cell FDCE clocked by sys_clk  {rise@0.000ns fall@5.000ns period=10.000ns})
  Path Group:             sys_clk
  Path Type:              Hold (Min at Fast Process Corner)
  Requirement:            0.000ns  (sys_clk rise@0.000ns - sys_clk rise@0.000ns)
  Data Path Delay:        0.289ns  (logic 0.186ns (64.293%)  route 0.103ns (35.707%))
  Logic Levels:           1  (LUT6=1)
  Clock Path Skew:        0.013ns (DCD - SCD - CPR)
    Destination Clock Delay (DCD):    2.113ns
    Source Clock Delay      (SCD):    1.595ns
    Clock Pessimism Removal (CPR):    0.505ns

    Location             Delay type                Incr(ns)  Path(ns)    Netlist Resource(s)
  -------------------------------------------------------------------    -------------------
                         (clock sys_clk rise edge)    0.000     0.000 r  <hidden>
    U7                                                0.000     0.000 r  clk
                         net (fo=0)                   0.000     0.000    clk
    U7                   IBUF (Prop_ibuf_I_O)         0.286     0.286 r  clk_IBUF_inst/O
                         net (fo=1, routed)           0.663     0.949    clk_IBUF
    BUFGCTRL_X0Y0        BUFG (Prop_bufg_I_O)         0.026     0.975 r  clk_IBUF_BUFG_inst/O
                         net (fo=14, routed)          0.620     1.595    clk_IBUF_BUFG
    SLICE_X1Y12          FDCE                                         r  a_reg_reg[1]/C
  -------------------------------------------------------------------    -------------------
    SLICE_X1Y12          FDCE (Prop_fdce_C_Q)         0.141     1.736 r  a_reg_reg[1]/Q
                         net (fo=5, routed)           0.103     1.839    a_reg[1]
    SLICE_X0Y12          LUT6 (Prop_lut6_I3_O)        0.045     1.884 r  result_reg[1]_i_1/O
                         net (fo=1, routed)           0.000     1.884    alu_result[1]
    SLICE_X0Y12          FDCE                                         r  result_reg_reg[1]/D
  -------------------------------------------------------------------    -------------------

                         (clock sys_clk rise edge)    0.000     0.000 r  <hidden>
    U7                                                0.000     0.000 r  clk
                         net (fo=0)                   0.000     0.000    clk
    U7                   IBUF (Prop_ibuf_I_O)         0.476     0.476 r  clk_IBUF_inst/O
                         net (fo=1, routed)           0.719     1.195    clk_IBUF
    BUFGCTRL_X0Y0        BUFG (Prop_bufg_I_O)         0.029     1.224 r  clk_IBUF_BUFG_inst/O
                         net (fo=14, routed)          0.889     2.113    clk_IBUF_BUFG
    SLICE_X0Y12          FDCE                                         r  result_reg_reg[1]/C
                         clock pessimism             -0.505     1.608    <hidden>
    SLICE_X0Y12          FDCE (Hold_fdce_C_D)         0.121     1.729    result_reg_reg[1]
  -------------------------------------------------------------------
                         required time                         -1.729    <hidden>
                         arrival time                           1.884    <hidden>
  -------------------------------------------------------------------
                         slack                                  0.155    <hidden>

Slack (MET) :             0.215ns  (arrival time - required time)
  Source:                 op_reg_reg[0]/C
                            (rising edge-triggered cell FDCE clocked by sys_clk  {rise@0.000ns fall@5.000ns period=10.000ns})
  Destination:            result_reg_reg[2]/D
                            (rising edge-triggered cell FDCE clocked by sys_clk  {rise@0.000ns fall@5.000ns period=10.000ns})
  Path Group:             sys_clk
  Path Type:              Hold (Min at Fast Process Corner)
  Requirement:            0.000ns  (sys_clk rise@0.000ns - sys_clk rise@0.000ns)
  Data Path Delay:        0.335ns  (logic 0.246ns (73.470%)  route 0.089ns (26.530%))
  Logic Levels:           1  (LUT6=1)
  Clock Path Skew:        0.000ns (DCD - SCD - CPR)
    Destination Clock Delay (DCD):    2.112ns
    Source Clock Delay      (SCD):    1.594ns
    Clock Pessimism Removal (CPR):    0.518ns

    Location             Delay type                Incr(ns)  Path(ns)    Netlist Resource(s)
  -------------------------------------------------------------------    -------------------
                         (clock sys_clk rise edge)    0.000     0.000 r  <hidden>
    U7                                                0.000     0.000 r  clk
                         net (fo=0)                   0.000     0.000    clk
    U7                   IBUF (Prop_ibuf_I_O)         0.286     0.286 r  clk_IBUF_inst/O
                         net (fo=1, routed)           0.663     0.949    clk_IBUF
    BUFGCTRL_X0Y0        BUFG (Prop_bufg_I_O)         0.026     0.975 r  clk_IBUF_BUFG_inst/O
                         net (fo=14, routed)          0.619     1.594    clk_IBUF_BUFG
    SLICE_X0Y13          FDCE                                         r  op_reg_reg[0]/C
  -------------------------------------------------------------------    -------------------
    SLICE_X0Y13          FDCE (Prop_fdce_C_Q)         0.148     1.742 r  op_reg_reg[0]/Q
                         net (fo=4, routed)           0.089     1.831    op_reg[0]
    SLICE_X0Y13          LUT6 (Prop_lut6_I5_O)        0.098     1.929 r  result_reg[2]_i_1/O
                         net (fo=1, routed)           0.000     1.929    alu_result[2]
    SLICE_X0Y13          FDCE                                         r  result_reg_reg[2]/D
  -------------------------------------------------------------------    -------------------

                         (clock sys_clk rise edge)    0.000     0.000 r  <hidden>
    U7                                                0.000     0.000 r  clk
                         net (fo=0)                   0.000     0.000    clk
    U7                   IBUF (Prop_ibuf_I_O)         0.476     0.476 r  clk_IBUF_inst/O
                         net (fo=1, routed)           0.719     1.195    clk_IBUF
    BUFGCTRL_X0Y0        BUFG (Prop_bufg_I_O)         0.029     1.224 r  clk_IBUF_BUFG_inst/O
                         net (fo=14, routed)          0.888     2.112    clk_IBUF_BUFG
    SLICE_X0Y13          FDCE                                         r  result_reg_reg[2]/C
                         clock pessimism             -0.518     1.594    <hidden>
    SLICE_X0Y13          FDCE (Hold_fdce_C_D)         0.120     1.714    result_reg_reg[2]
  -------------------------------------------------------------------
                         required time                         -1.714    <hidden>
                         arrival time                           1.929    <hidden>
  -------------------------------------------------------------------
                         slack                                  0.215    <hidden>

Slack (MET) :             0.261ns  (arrival time - required time)
  Source:                 op_reg_reg[0]/C
                            (rising edge-triggered cell FDCE clocked by sys_clk  {rise@0.000ns fall@5.000ns period=10.000ns})
  Destination:            result_reg_reg[0]/D
                            (rising edge-triggered cell FDCE clocked by sys_clk  {rise@0.000ns fall@5.000ns period=10.000ns})
  Path Group:             sys_clk
  Path Type:              Hold (Min at Fast Process Corner)
  Requirement:            0.000ns  (sys_clk rise@0.000ns - sys_clk rise@0.000ns)
  Data Path Delay:        0.397ns  (logic 0.246ns (61.980%)  route 0.151ns (38.020%))
  Logic Levels:           1  (LUT4=1)
  Clock Path Skew:        0.016ns (DCD - SCD - CPR)
    Destination Clock Delay (DCD):    2.113ns
    Source Clock Delay      (SCD):    1.594ns
    Clock Pessimism Removal (CPR):    0.503ns

    Location             Delay type                Incr(ns)  Path(ns)    Netlist Resource(s)
  -------------------------------------------------------------------    -------------------
                         (clock sys_clk rise edge)    0.000     0.000 r  <hidden>
    U7                                                0.000     0.000 r  clk
                         net (fo=0)                   0.000     0.000    clk
    U7                   IBUF (Prop_ibuf_I_O)         0.286     0.286 r  clk_IBUF_inst/O
                         net (fo=1, routed)           0.663     0.949    clk_IBUF
    BUFGCTRL_X0Y0        BUFG (Prop_bufg_I_O)         0.026     0.975 r  clk_IBUF_BUFG_inst/O
                         net (fo=14, routed)          0.619     1.594    clk_IBUF_BUFG
    SLICE_X0Y13          FDCE                                         r  op_reg_reg[0]/C
  -------------------------------------------------------------------    -------------------
    SLICE_X0Y13          FDCE (Prop_fdce_C_Q)         0.148     1.742 r  op_reg_reg[0]/Q
                         net (fo=4, routed)           0.151     1.893    op_reg[0]
    SLICE_X0Y12          LUT4 (Prop_lut4_I3_O)        0.098     1.991 r  result_reg[0]_i_1/O
                         net (fo=1, routed)           0.000     1.991    alu_result[0]
    SLICE_X0Y12          FDCE                                         r  result_reg_reg[0]/D
  -------------------------------------------------------------------    -------------------

                         (clock sys_clk rise edge)    0.000     0.000 r  <hidden>
    U7                                                0.000     0.000 r  clk
                         net (fo=0)                   0.000     0.000    clk
    U7                   IBUF (Prop_ibuf_I_O)         0.476     0.476 r  clk_IBUF_inst/O
                         net (fo=1, routed)           0.719     1.195    clk_IBUF
    BUFGCTRL_X0Y0        BUFG (Prop_bufg_I_O)         0.029     1.224 r  clk_IBUF_BUFG_inst/O
                         net (fo=14, routed)          0.889     2.113    clk_IBUF_BUFG
    SLICE_X0Y12          FDCE                                         r  result_reg_reg[0]/C
                         clock pessimism             -0.503     1.610    <hidden>
    SLICE_X0Y12          FDCE (Hold_fdce_C_D)         0.120     1.730    result_reg_reg[0]
  -------------------------------------------------------------------
                         required time                         -1.730    <hidden>
                         arrival time                           1.991    <hidden>
  -------------------------------------------------------------------
                         slack                                  0.261    <hidden>





Pulse Width Checks
--------------------------------------------------------------------------------------
Clock Name:         sys_clk
Waveform(ns):       { 0.000 5.000 }
Period(ns):         10.000
Sources:            { clk }

Check Type        Corner  Lib Pin  Reference Pin  Required(ns)  Actual(ns)  Slack(ns)  Location       Pin
Min Period        n/a     BUFG/I   n/a            2.155         10.000      7.845      BUFGCTRL_X0Y0  clk_IBUF_BUFG_inst/I
Min Period        n/a     FDCE/C   n/a            1.000         10.000      9.000      SLICE_X0Y11    a_reg_reg[0]/C
Min Period        n/a     FDCE/C   n/a            1.000         10.000      9.000      SLICE_X1Y12    a_reg_reg[1]/C
Min Period        n/a     FDCE/C   n/a            1.000         10.000      9.000      SLICE_X1Y12    a_reg_reg[2]/C
Min Period        n/a     FDCE/C   n/a            1.000         10.000      9.000      SLICE_X1Y13    a_reg_reg[3]/C
Min Period        n/a     FDCE/C   n/a            1.000         10.000      9.000      SLICE_X1Y12    b_reg_reg[0]/C
Min Period        n/a     FDCE/C   n/a            1.000         10.000      9.000      SLICE_X1Y12    b_reg_reg[1]/C
Min Period        n/a     FDCE/C   n/a            1.000         10.000      9.000      SLICE_X0Y12    b_reg_reg[2]/C
Min Period        n/a     FDCE/C   n/a            1.000         10.000      9.000      SLICE_X0Y12    b_reg_reg[3]/C
Min Period        n/a     FDCE/C   n/a            1.000         10.000      9.000      SLICE_X0Y13    op_reg_reg[0]/C
Low Pulse Width   Slow    FDCE/C   n/a            0.500         5.000       4.500      SLICE_X0Y11    a_reg_reg[0]/C
Low Pulse Width   Fast    FDCE/C   n/a            0.500         5.000       4.500      SLICE_X0Y11    a_reg_reg[0]/C
Low Pulse Width   Slow    FDCE/C   n/a            0.500         5.000       4.500      SLICE_X1Y12    a_reg_reg[1]/C
Low Pulse Width   Fast    FDCE/C   n/a            0.500         5.000       4.500      SLICE_X1Y12    a_reg_reg[1]/C
Low Pulse Width   Slow    FDCE/C   n/a            0.500         5.000       4.500      SLICE_X1Y12    a_reg_reg[2]/C
Low Pulse Width   Fast    FDCE/C   n/a            0.500         5.000       4.500      SLICE_X1Y12    a_reg_reg[2]/C
Low Pulse Width   Slow    FDCE/C   n/a            0.500         5.000       4.500      SLICE_X1Y13    a_reg_reg[3]/C
Low Pulse Width   Fast    FDCE/C   n/a            0.500         5.000       4.500      SLICE_X1Y13    a_reg_reg[3]/C
Low Pulse Width   Slow    FDCE/C   n/a            0.500         5.000       4.500      SLICE_X1Y12    b_reg_reg[0]/C
Low Pulse Width   Fast    FDCE/C   n/a            0.500         5.000       4.500      SLICE_X1Y12    b_reg_reg[0]/C
High Pulse Width  Slow    FDCE/C   n/a            0.500         5.000       4.500      SLICE_X0Y11    a_reg_reg[0]/C
High Pulse Width  Fast    FDCE/C   n/a            0.500         5.000       4.500      SLICE_X0Y11    a_reg_reg[0]/C
High Pulse Width  Slow    FDCE/C   n/a            0.500         5.000       4.500      SLICE_X1Y12    a_reg_reg[1]/C
High Pulse Width  Fast    FDCE/C   n/a            0.500         5.000       4.500      SLICE_X1Y12    a_reg_reg[1]/C
High Pulse Width  Slow    FDCE/C   n/a            0.500         5.000       4.500      SLICE_X1Y12    a_reg_reg[2]/C
High Pulse Width  Fast    FDCE/C   n/a            0.500         5.000       4.500      SLICE_X1Y12    a_reg_reg[2]/C
High Pulse Width  Slow    FDCE/C   n/a            0.500         5.000       4.500      SLICE_X1Y13    a_reg_reg[3]/C
High Pulse Width  Fast    FDCE/C   n/a            0.500         5.000       4.500      SLICE_X1Y13    a_reg_reg[3]/C
High Pulse Width  Slow    FDCE/C   n/a            0.500         5.000       4.500      SLICE_X1Y12    b_reg_reg[0]/C
High Pulse Width  Fast    FDCE/C   n/a            0.500         5.000       4.500      SLICE_X1Y12    b_reg_reg[0]/C



--------------------------------------------------------------------------------------
Path Group:  (none)
From Clock:  
  To Clock:  

Max Delay             4 Endpoints
Min Delay             4 Endpoints
--------------------------------------------------------------------------------------


Max Delay Paths
--------------------------------------------------------------------------------------
Slack:                    inf
  Source:                 oe
                            (input port)
  Destination:            result[3]
                            (output port)
  Path Group:             (none)
  Path Type:              Max at Slow Process Corner
  Data Path Delay:        7.307ns  (logic 3.858ns (52.802%)  route 3.449ns (47.198%))
  Logic Levels:           3  (IBUF=1 LUT1=1 OBUFT=1)

    Location             Delay type                Incr(ns)  Path(ns)    Netlist Resource(s)
  -------------------------------------------------------------------    -------------------
    U8                                                0.000     0.000 r  oe
                         net (fo=0)                   0.000     0.000    oe
    U8                   IBUF (Prop_ibuf_I_O)         1.004     1.004 r  oe_IBUF_inst/O
                         net (fo=1, routed)           1.227     2.231    oe_IBUF
    SLICE_X0Y16          LUT1 (Prop_lut1_I0_O)        0.124     2.355 f  result_OBUFT[3]_inst_i_1/O
                         net (fo=4, routed)           2.221     4.576    result_TRI[0]
    V8                   OBUFT (TriStatE_obuft_T_O)
                                                      2.730     7.307 r  result_OBUFT[3]_inst/O
                         net (fo=0)                   0.000     7.307    result[3]
    V8                                                                r  result[3]
  -------------------------------------------------------------------    -------------------

Slack:                    inf
  Source:                 oe
                            (input port)
  Destination:            result[2]
                            (output port)
  Path Group:             (none)
  Path Type:              Max at Slow Process Corner
  Data Path Delay:        7.167ns  (logic 3.858ns (53.835%)  route 3.309ns (46.165%))
  Logic Levels:           3  (IBUF=1 LUT1=1 OBUFT=1)

    Location             Delay type                Incr(ns)  Path(ns)    Netlist Resource(s)
  -------------------------------------------------------------------    -------------------
    U8                                                0.000     0.000 r  oe
                         net (fo=0)                   0.000     0.000    oe
    U8                   IBUF (Prop_ibuf_I_O)         1.004     1.004 r  oe_IBUF_inst/O
                         net (fo=1, routed)           1.227     2.231    oe_IBUF
    SLICE_X0Y16          LUT1 (Prop_lut1_I0_O)        0.124     2.355 f  result_OBUFT[3]_inst_i_1/O
                         net (fo=4, routed)           2.081     4.436    result_TRI[0]
    W8                   OBUFT (TriStatE_obuft_T_O)
                                                      2.730     7.167 r  result_OBUFT[2]_inst/O
                         net (fo=0)                   0.000     7.167    result[2]
    W8                                                                r  result[2]
  -------------------------------------------------------------------    -------------------

Slack:                    inf
  Source:                 oe
                            (input port)
  Destination:            result[1]
                            (output port)
  Path Group:             (none)
  Path Type:              Max at Slow Process Corner
  Data Path Delay:        6.983ns  (logic 3.825ns (54.769%)  route 3.159ns (45.231%))
  Logic Levels:           3  (IBUF=1 LUT1=1 OBUFT=1)

    Location             Delay type                Incr(ns)  Path(ns)    Netlist Resource(s)
  -------------------------------------------------------------------    -------------------
    U8                                                0.000     0.000 r  oe
                         net (fo=0)                   0.000     0.000    oe
    U8                   IBUF (Prop_ibuf_I_O)         1.004     1.004 r  oe_IBUF_inst/O
                         net (fo=1, routed)           1.227     2.231    oe_IBUF
    SLICE_X0Y16          LUT1 (Prop_lut1_I0_O)        0.124     2.355 f  result_OBUFT[3]_inst_i_1/O
                         net (fo=4, routed)           1.931     4.286    result_TRI[0]
    W10                  OBUFT (TriStatE_obuft_T_O)
                                                      2.697     6.983 r  result_OBUFT[1]_inst/O
                         net (fo=0)                   0.000     6.983    result[1]
    W10                                                               r  result[1]
  -------------------------------------------------------------------    -------------------

Slack:                    inf
  Source:                 oe
                            (input port)
  Destination:            result[0]
                            (output port)
  Path Group:             (none)
  Path Type:              Max at Slow Process Corner
  Data Path Delay:        6.816ns  (logic 3.807ns (55.857%)  route 3.009ns (44.143%))
  Logic Levels:           3  (IBUF=1 LUT1=1 OBUFT=1)

    Location             Delay type                Incr(ns)  Path(ns)    Netlist Resource(s)
  -------------------------------------------------------------------    -------------------
    U8                                                0.000     0.000 r  oe
                         net (fo=0)                   0.000     0.000    oe
    U8                   IBUF (Prop_ibuf_I_O)         1.004     1.004 r  oe_IBUF_inst/O
                         net (fo=1, routed)           1.227     2.231    oe_IBUF
    SLICE_X0Y16          LUT1 (Prop_lut1_I0_O)        0.124     2.355 f  result_OBUFT[3]_inst_i_1/O
                         net (fo=4, routed)           1.782     4.137    result_TRI[0]
    W9                   OBUFT (TriStatE_obuft_T_O)
                                                      2.679     6.816 r  result_OBUFT[0]_inst/O
                         net (fo=0)                   0.000     6.816    result[0]
    W9                                                                r  result[0]
  -------------------------------------------------------------------    -------------------





Min Delay Paths
--------------------------------------------------------------------------------------
Slack:                    inf
  Source:                 oe
                            (input port)
  Destination:            result[0]
                            (output port)
  Path Group:             (none)
  Path Type:              Min at Fast Process Corner
  Data Path Delay:        2.189ns  (logic 1.101ns (50.312%)  route 1.088ns (49.688%))
  Logic Levels:           3  (IBUF=1 LUT1=1 OBUFT=1)

    Location             Delay type                Incr(ns)  Path(ns)    Netlist Resource(s)
  -------------------------------------------------------------------    -------------------
    U8                                                0.000     0.000 f  oe
                         net (fo=0)                   0.000     0.000    oe
    U8                   IBUF (Prop_ibuf_I_O)         0.232     0.232 f  oe_IBUF_inst/O
                         net (fo=1, routed)           0.457     0.689    oe_IBUF
    SLICE_X0Y16          LUT1 (Prop_lut1_I0_O)        0.045     0.734 r  result_OBUFT[3]_inst_i_1/O
                         net (fo=4, routed)           0.631     1.365    result_TRI[0]
    W9                   OBUFT (TriStatD_obuft_T_O)
                                                      0.824     2.189 r  result_OBUFT[0]_inst/O
                         net (fo=0)                   0.000     2.189    result[0]
    W9                                                                r  result[0]
  -------------------------------------------------------------------    -------------------

Slack:                    inf
  Source:                 oe
                            (input port)
  Destination:            result[1]
                            (output port)
  Path Group:             (none)
  Path Type:              Min at Fast Process Corner
  Data Path Delay:        2.254ns  (logic 1.101ns (48.863%)  route 1.153ns (51.137%))
  Logic Levels:           3  (IBUF=1 LUT1=1 OBUFT=1)

    Location             Delay type                Incr(ns)  Path(ns)    Netlist Resource(s)
  -------------------------------------------------------------------    -------------------
    U8                                                0.000     0.000 f  oe
                         net (fo=0)                   0.000     0.000    oe
    U8                   IBUF (Prop_ibuf_I_O)         0.232     0.232 f  oe_IBUF_inst/O
                         net (fo=1, routed)           0.457     0.689    oe_IBUF
    SLICE_X0Y16          LUT1 (Prop_lut1_I0_O)        0.045     0.734 r  result_OBUFT[3]_inst_i_1/O
                         net (fo=4, routed)           0.695     1.430    result_TRI[0]
    W10                  OBUFT (TriStatD_obuft_T_O)
                                                      0.824     2.254 r  result_OBUFT[1]_inst/O
                         net (fo=0)                   0.000     2.254    result[1]
    W10                                                               r  result[1]
  -------------------------------------------------------------------    -------------------

Slack:                    inf
  Source:                 oe
                            (input port)
  Destination:            result[2]
                            (output port)
  Path Group:             (none)
  Path Type:              Min at Fast Process Corner
  Data Path Delay:        2.319ns  (logic 1.101ns (47.495%)  route 1.218ns (52.505%))
  Logic Levels:           3  (IBUF=1 LUT1=1 OBUFT=1)

    Location             Delay type                Incr(ns)  Path(ns)    Netlist Resource(s)
  -------------------------------------------------------------------    -------------------
    U8                                                0.000     0.000 f  oe
                         net (fo=0)                   0.000     0.000    oe
    U8                   IBUF (Prop_ibuf_I_O)         0.232     0.232 f  oe_IBUF_inst/O
                         net (fo=1, routed)           0.457     0.689    oe_IBUF
    SLICE_X0Y16          LUT1 (Prop_lut1_I0_O)        0.045     0.734 r  result_OBUFT[3]_inst_i_1/O
                         net (fo=4, routed)           0.760     1.495    result_TRI[0]
    W8                   OBUFT (TriStatD_obuft_T_O)
                                                      0.824     2.319 r  result_OBUFT[2]_inst/O
                         net (fo=0)                   0.000     2.319    result[2]
    W8                                                                r  result[2]
  -------------------------------------------------------------------    -------------------

Slack:                    inf
  Source:                 oe
                            (input port)
  Destination:            result[3]
                            (output port)
  Path Group:             (none)
  Path Type:              Min at Fast Process Corner
  Data Path Delay:        2.374ns  (logic 1.101ns (46.393%)  route 1.273ns (53.607%))
  Logic Levels:           3  (IBUF=1 LUT1=1 OBUFT=1)

    Location             Delay type                Incr(ns)  Path(ns)    Netlist Resource(s)
  -------------------------------------------------------------------    -------------------
    U8                                                0.000     0.000 f  oe
                         net (fo=0)                   0.000     0.000    oe
    U8                   IBUF (Prop_ibuf_I_O)         0.232     0.232 f  oe_IBUF_inst/O
                         net (fo=1, routed)           0.457     0.689    oe_IBUF
    SLICE_X0Y16          LUT1 (Prop_lut1_I0_O)        0.045     0.734 r  result_OBUFT[3]_inst_i_1/O
                         net (fo=4, routed)           0.815     1.550    result_TRI[0]
    V8                   OBUFT (TriStatD_obuft_T_O)
                                                      0.824     2.374 r  result_OBUFT[3]_inst/O
                         net (fo=0)                   0.000     2.374    result[3]
    V8                                                                r  result[3]
  -------------------------------------------------------------------    -------------------





--------------------------------------------------------------------------------------
Path Group:  (none)
From Clock:  sys_clk
  To Clock:  

Max Delay             4 Endpoints
Min Delay             4 Endpoints
--------------------------------------------------------------------------------------


Max Delay Paths
--------------------------------------------------------------------------------------
Slack:                    inf
  Source:                 result_reg_reg[3]/C
                            (rising edge-triggered cell FDCE clocked by sys_clk  {rise@0.000ns fall@5.000ns period=10.000ns})
  Destination:            result[3]
                            (output port)
  Path Group:             (none)
  Path Type:              Max at Slow Process Corner
  Data Path Delay:        5.111ns  (logic 3.233ns (63.250%)  route 1.878ns (36.750%))
  Logic Levels:           1  (OBUFT=1)
  Clock Uncertainty:      0.025ns  ((TSJ^2 + TIJ^2)^1/2 + DJ) / 2 + PE
    Total System Jitter     (TSJ):    0.050ns
    Total Input Jitter      (TIJ):    0.000ns
    Discrete Jitter          (DJ):    0.000ns
    Phase Error              (PE):    0.000ns

    Location             Delay type                Incr(ns)  Path(ns)    Netlist Resource(s)
  -------------------------------------------------------------------    -------------------
                         (clock sys_clk rise edge)    0.000     0.000 r  <hidden>
    U7                                                0.000     0.000 r  clk
                         net (fo=0)                   0.000     0.000    clk
    U7                   IBUF (Prop_ibuf_I_O)         1.058     1.058 r  clk_IBUF_inst/O
                         net (fo=1, routed)           2.171     3.229    clk_IBUF
    BUFGCTRL_X0Y0        BUFG (Prop_bufg_I_O)         0.101     3.330 r  clk_IBUF_BUFG_inst/O
                         net (fo=14, routed)          1.830     5.160    clk_IBUF_BUFG
    SLICE_X0Y13          FDCE                                         r  result_reg_reg[3]/C
  -------------------------------------------------------------------    -------------------
    SLICE_X0Y13          FDCE (Prop_fdce_C_Q)         0.518     5.678 r  result_reg_reg[3]/Q
                         net (fo=1, routed)           1.878     7.557    result_OBUF[3]
    V8                   OBUFT (Prop_obuft_I_O)       2.715    10.272 r  result_OBUFT[3]_inst/O
                         net (fo=0)                   0.000    10.272    result[3]
    V8                                                                r  result[3]
  -------------------------------------------------------------------    -------------------

Slack:                    inf
  Source:                 result_reg_reg[2]/C
                            (rising edge-triggered cell FDCE clocked by sys_clk  {rise@0.000ns fall@5.000ns period=10.000ns})
  Destination:            result[2]
                            (output port)
  Path Group:             (none)
  Path Type:              Max at Slow Process Corner
  Data Path Delay:        5.085ns  (logic 3.233ns (63.575%)  route 1.852ns (36.425%))
  Logic Levels:           1  (OBUFT=1)
  Clock Uncertainty:      0.025ns  ((TSJ^2 + TIJ^2)^1/2 + DJ) / 2 + PE
    Total System Jitter     (TSJ):    0.050ns
    Total Input Jitter      (TIJ):    0.000ns
    Discrete Jitter          (DJ):    0.000ns
    Phase Error              (PE):    0.000ns

    Location             Delay type                Incr(ns)  Path(ns)    Netlist Resource(s)
  -------------------------------------------------------------------    -------------------
                         (clock sys_clk rise edge)    0.000     0.000 r  <hidden>
    U7                                                0.000     0.000 r  clk
                         net (fo=0)                   0.000     0.000    clk
    U7                   IBUF (Prop_ibuf_I_O)         1.058     1.058 r  clk_IBUF_inst/O
                         net (fo=1, routed)           2.171     3.229    clk_IBUF
    BUFGCTRL_X0Y0        BUFG (Prop_bufg_I_O)         0.101     3.330 r  clk_IBUF_BUFG_inst/O
                         net (fo=14, routed)          1.830     5.160    clk_IBUF_BUFG
    SLICE_X0Y13          FDCE                                         r  result_reg_reg[2]/C
  -------------------------------------------------------------------    -------------------
    SLICE_X0Y13          FDCE (Prop_fdce_C_Q)         0.518     5.678 r  result_reg_reg[2]/Q
                         net (fo=1, routed)           1.852     7.531    result_OBUF[2]
    W8                   OBUFT (Prop_obuft_I_O)       2.715    10.246 r  result_OBUFT[2]_inst/O
                         net (fo=0)                   0.000    10.246    result[2]
    W8                                                                r  result[2]
  -------------------------------------------------------------------    -------------------

Slack:                    inf
  Source:                 result_reg_reg[0]/C
                            (rising edge-triggered cell FDCE clocked by sys_clk  {rise@0.000ns fall@5.000ns period=10.000ns})
  Destination:            result[0]
                            (output port)
  Path Group:             (none)
  Path Type:              Max at Slow Process Corner
  Data Path Delay:        5.045ns  (logic 3.182ns (63.071%)  route 1.863ns (36.929%))
  Logic Levels:           1  (OBUFT=1)
  Clock Uncertainty:      0.025ns  ((TSJ^2 + TIJ^2)^1/2 + DJ) / 2 + PE
    Total System Jitter     (TSJ):    0.050ns
    Total Input Jitter      (TIJ):    0.000ns
    Discrete Jitter          (DJ):    0.000ns
    Phase Error              (PE):    0.000ns

    Location             Delay type                Incr(ns)  Path(ns)    Netlist Resource(s)
  -------------------------------------------------------------------    -------------------
                         (clock sys_clk rise edge)    0.000     0.000 r  <hidden>
    U7                                                0.000     0.000 r  clk
                         net (fo=0)                   0.000     0.000    clk
    U7                   IBUF (Prop_ibuf_I_O)         1.058     1.058 r  clk_IBUF_inst/O
                         net (fo=1, routed)           2.171     3.229    clk_IBUF
    BUFGCTRL_X0Y0        BUFG (Prop_bufg_I_O)         0.101     3.330 r  clk_IBUF_BUFG_inst/O
                         net (fo=14, routed)          1.831     5.161    clk_IBUF_BUFG
    SLICE_X0Y12          FDCE                                         r  result_reg_reg[0]/C
  -------------------------------------------------------------------    -------------------
    SLICE_X0Y12          FDCE (Prop_fdce_C_Q)         0.518     5.679 r  result_reg_reg[0]/Q
                         net (fo=1, routed)           1.863     7.542    result_OBUF[0]
    W9                   OBUFT (Prop_obuft_I_O)       2.664    10.206 r  result_OBUFT[0]_inst/O
                         net (fo=0)                   0.000    10.206    result[0]
    W9                                                                r  result[0]
  -------------------------------------------------------------------    -------------------

Slack:                    inf
  Source:                 result_reg_reg[1]/C
                            (rising edge-triggered cell FDCE clocked by sys_clk  {rise@0.000ns fall@5.000ns period=10.000ns})
  Destination:            result[1]
                            (output port)
  Path Group:             (none)
  Path Type:              Max at Slow Process Corner
  Data Path Delay:        4.925ns  (logic 3.200ns (64.968%)  route 1.725ns (35.032%))
  Logic Levels:           1  (OBUFT=1)
  Clock Uncertainty:      0.025ns  ((TSJ^2 + TIJ^2)^1/2 + DJ) / 2 + PE
    Total System Jitter     (TSJ):    0.050ns
    Total Input Jitter      (TIJ):    0.000ns
    Discrete Jitter          (DJ):    0.000ns
    Phase Error              (PE):    0.000ns

    Location             Delay type                Incr(ns)  Path(ns)    Netlist Resource(s)
  -------------------------------------------------------------------    -------------------
                         (clock sys_clk rise edge)    0.000     0.000 r  <hidden>
    U7                                                0.000     0.000 r  clk
                         net (fo=0)                   0.000     0.000    clk
    U7                   IBUF (Prop_ibuf_I_O)         1.058     1.058 r  clk_IBUF_inst/O
                         net (fo=1, routed)           2.171     3.229    clk_IBUF
    BUFGCTRL_X0Y0        BUFG (Prop_bufg_I_O)         0.101     3.330 r  clk_IBUF_BUFG_inst/O
                         net (fo=14, routed)          1.831     5.161    clk_IBUF_BUFG
    SLICE_X0Y12          FDCE                                         r  result_reg_reg[1]/C
  -------------------------------------------------------------------    -------------------
    SLICE_X0Y12          FDCE (Prop_fdce_C_Q)         0.518     5.679 r  result_reg_reg[1]/Q
                         net (fo=1, routed)           1.725     7.405    result_OBUF[1]
    W10                  OBUFT (Prop_obuft_I_O)       2.682    10.086 r  result_OBUFT[1]_inst/O
                         net (fo=0)                   0.000    10.086    result[1]
    W10                                                               r  result[1]
  -------------------------------------------------------------------    -------------------





Min Delay Paths
--------------------------------------------------------------------------------------
Slack:                    inf
  Source:                 result_reg_reg[1]/C
                            (rising edge-triggered cell FDCE clocked by sys_clk  {rise@0.000ns fall@5.000ns period=10.000ns})
  Destination:            result[1]
                            (output port)
  Path Group:             (none)
  Path Type:              Min at Fast Process Corner
  Data Path Delay:        1.727ns  (logic 1.362ns (78.852%)  route 0.365ns (21.148%))
  Logic Levels:           1  (OBUFT=1)
  Clock Uncertainty:      0.025ns  ((TSJ^2 + TIJ^2)^1/2 + DJ) / 2 + PE
    Total System Jitter     (TSJ):    0.050ns
    Total Input Jitter      (TIJ):    0.000ns
    Discrete Jitter          (DJ):    0.000ns
    Phase Error              (PE):    0.000ns

    Location             Delay type                Incr(ns)  Path(ns)    Netlist Resource(s)
  -------------------------------------------------------------------    -------------------
                         (clock sys_clk rise edge)    0.000     0.000 r  <hidden>
    U7                                                0.000     0.000 r  clk
                         net (fo=0)                   0.000     0.000    clk
    U7                   IBUF (Prop_ibuf_I_O)         0.286     0.286 r  clk_IBUF_inst/O
                         net (fo=1, routed)           0.663     0.949    clk_IBUF
    BUFGCTRL_X0Y0        BUFG (Prop_bufg_I_O)         0.026     0.975 r  clk_IBUF_BUFG_inst/O
                         net (fo=14, routed)          0.620     1.595    clk_IBUF_BUFG
    SLICE_X0Y12          FDCE                                         r  result_reg_reg[1]/C
  -------------------------------------------------------------------    -------------------
    SLICE_X0Y12          FDCE (Prop_fdce_C_Q)         0.164     1.759 r  result_reg_reg[1]/Q
                         net (fo=1, routed)           0.365     2.124    result_OBUF[1]
    W10                  OBUFT (Prop_obuft_I_O)       1.198     3.322 r  result_OBUFT[1]_inst/O
                         net (fo=0)                   0.000     3.322    result[1]
    W10                                                               r  result[1]
  -------------------------------------------------------------------    -------------------

Slack:                    inf
  Source:                 result_reg_reg[0]/C
                            (rising edge-triggered cell FDCE clocked by sys_clk  {rise@0.000ns fall@5.000ns period=10.000ns})
  Destination:            result[0]
                            (output port)
  Path Group:             (none)
  Path Type:              Min at Fast Process Corner
  Data Path Delay:        1.745ns  (logic 1.344ns (77.024%)  route 0.401ns (22.976%))
  Logic Levels:           1  (OBUFT=1)
  Clock Uncertainty:      0.025ns  ((TSJ^2 + TIJ^2)^1/2 + DJ) / 2 + PE
    Total System Jitter     (TSJ):    0.050ns
    Total Input Jitter      (TIJ):    0.000ns
    Discrete Jitter          (DJ):    0.000ns
    Phase Error              (PE):    0.000ns

    Location             Delay type                Incr(ns)  Path(ns)    Netlist Resource(s)
  -------------------------------------------------------------------    -------------------
                         (clock sys_clk rise edge)    0.000     0.000 r  <hidden>
    U7                                                0.000     0.000 r  clk
                         net (fo=0)                   0.000     0.000    clk
    U7                   IBUF (Prop_ibuf_I_O)         0.286     0.286 r  clk_IBUF_inst/O
                         net (fo=1, routed)           0.663     0.949    clk_IBUF
    BUFGCTRL_X0Y0        BUFG (Prop_bufg_I_O)         0.026     0.975 r  clk_IBUF_BUFG_inst/O
                         net (fo=14, routed)          0.620     1.595    clk_IBUF_BUFG
    SLICE_X0Y12          FDCE                                         r  result_reg_reg[0]/C
  -------------------------------------------------------------------    -------------------
    SLICE_X0Y12          FDCE (Prop_fdce_C_Q)         0.164     1.759 r  result_reg_reg[0]/Q
                         net (fo=1, routed)           0.401     2.160    result_OBUF[0]
    W9                   OBUFT (Prop_obuft_I_O)       1.180     3.340 r  result_OBUFT[0]_inst/O
                         net (fo=0)                   0.000     3.340    result[0]
    W9                                                                r  result[0]
  -------------------------------------------------------------------    -------------------

Slack:                    inf
  Source:                 result_reg_reg[2]/C
                            (rising edge-triggered cell FDCE clocked by sys_clk  {rise@0.000ns fall@5.000ns period=10.000ns})
  Destination:            result[2]
                            (output port)
  Path Group:             (none)
  Path Type:              Min at Fast Process Corner
  Data Path Delay:        1.807ns  (logic 1.395ns (77.186%)  route 0.412ns (22.814%))
  Logic Levels:           1  (OBUFT=1)
  Clock Uncertainty:      0.025ns  ((TSJ^2 + TIJ^2)^1/2 + DJ) / 2 + PE
    Total System Jitter     (TSJ):    0.050ns
    Total Input Jitter      (TIJ):    0.000ns
    Discrete Jitter          (DJ):    0.000ns
    Phase Error              (PE):    0.000ns

    Location             Delay type                Incr(ns)  Path(ns)    Netlist Resource(s)
  -------------------------------------------------------------------    -------------------
                         (clock sys_clk rise edge)    0.000     0.000 r  <hidden>
    U7                                                0.000     0.000 r  clk
                         net (fo=0)                   0.000     0.000    clk
    U7                   IBUF (Prop_ibuf_I_O)         0.286     0.286 r  clk_IBUF_inst/O
                         net (fo=1, routed)           0.663     0.949    clk_IBUF
    BUFGCTRL_X0Y0        BUFG (Prop_bufg_I_O)         0.026     0.975 r  clk_IBUF_BUFG_inst/O
                         net (fo=14, routed)          0.619     1.594    clk_IBUF_BUFG
    SLICE_X0Y13          FDCE                                         r  result_reg_reg[2]/C
  -------------------------------------------------------------------    -------------------
    SLICE_X0Y13          FDCE (Prop_fdce_C_Q)         0.164     1.758 r  result_reg_reg[2]/Q
                         net (fo=1, routed)           0.412     2.170    result_OBUF[2]
    W8                   OBUFT (Prop_obuft_I_O)       1.231     3.401 r  result_OBUFT[2]_inst/O
                         net (fo=0)                   0.000     3.401    result[2]
    W8                                                                r  result[2]
  -------------------------------------------------------------------    -------------------

Slack:                    inf
  Source:                 result_reg_reg[3]/C
                            (rising edge-triggered cell FDCE clocked by sys_clk  {rise@0.000ns fall@5.000ns period=10.000ns})
  Destination:            result[3]
                            (output port)
  Path Group:             (none)
  Path Type:              Min at Fast Process Corner
  Data Path Delay:        1.809ns  (logic 1.395ns (77.097%)  route 0.414ns (22.903%))
  Logic Levels:           1  (OBUFT=1)
  Clock Uncertainty:      0.025ns  ((TSJ^2 + TIJ^2)^1/2 + DJ) / 2 + PE
    Total System Jitter     (TSJ):    0.050ns
    Total Input Jitter      (TIJ):    0.000ns
    Discrete Jitter          (DJ):    0.000ns
    Phase Error              (PE):    0.000ns

    Location             Delay type                Incr(ns)  Path(ns)    Netlist Resource(s)
  -------------------------------------------------------------------    -------------------
                         (clock sys_clk rise edge)    0.000     0.000 r  <hidden>
    U7                                                0.000     0.000 r  clk
                         net (fo=0)                   0.000     0.000    clk
    U7                   IBUF (Prop_ibuf_I_O)         0.286     0.286 r  clk_IBUF_inst/O
                         net (fo=1, routed)           0.663     0.949    clk_IBUF
    BUFGCTRL_X0Y0        BUFG (Prop_bufg_I_O)         0.026     0.975 r  clk_IBUF_BUFG_inst/O
                         net (fo=14, routed)          0.619     1.594    clk_IBUF_BUFG
    SLICE_X0Y13          FDCE                                         r  result_reg_reg[3]/C
  -------------------------------------------------------------------    -------------------
    SLICE_X0Y13          FDCE (Prop_fdce_C_Q)         0.164     1.758 r  result_reg_reg[3]/Q
                         net (fo=1, routed)           0.414     2.172    result_OBUF[3]
    V8                   OBUFT (Prop_obuft_I_O)       1.231     3.403 r  result_OBUFT[3]_inst/O
                         net (fo=0)                   0.000     3.403    result[3]
    V8                                                                r  result[3]
  -------------------------------------------------------------------    -------------------





--------------------------------------------------------------------------------------
Path Group:  (none)
From Clock:  
  To Clock:  sys_clk

Max Delay            24 Endpoints
Min Delay            24 Endpoints
--------------------------------------------------------------------------------------


Max Delay Paths
--------------------------------------------------------------------------------------
Slack:                    inf
  Source:                 rst
                            (input port)
  Destination:            a_reg_reg[0]/CLR
                            (recovery check against rising-edge clock sys_clk  {rise@0.000ns fall@5.000ns period=10.000ns})
  Path Group:             (none)
  Path Type:              Recovery (Max at Slow Process Corner)
  Data Path Delay:        2.507ns  (logic 1.025ns (40.876%)  route 1.482ns (59.124%))
  Logic Levels:           1  (IBUF=1)
  Clock Path Skew:        4.640ns (DCD - SCD + CPR)
    Destination Clock Delay (DCD):    4.640ns
    Source Clock Delay      (SCD):    0.000ns
    Clock Pessimism Removal (CPR):    0.000ns
  Clock Uncertainty:      0.025ns  ((TSJ^2 + TIJ^2)^1/2 + DJ) / 2 + PE
    Total System Jitter     (TSJ):    0.050ns
    Total Input Jitter      (TIJ):    0.000ns
    Discrete Jitter          (DJ):    0.000ns
    Phase Error              (PE):    0.000ns

    Location             Delay type                Incr(ns)  Path(ns)    Netlist Resource(s)
  -------------------------------------------------------------------    -------------------
    U9                                                0.000     0.000 f  rst
                         net (fo=0)                   0.000     0.000    rst
    U9                   IBUF (Prop_ibuf_I_O)         1.025     1.025 f  rst_IBUF_inst/O
                         net (fo=14, routed)          1.482     2.507    rst_IBUF
    SLICE_X0Y11          FDCE                                         f  a_reg_reg[0]/CLR
  -------------------------------------------------------------------    -------------------

                         (clock sys_clk rise edge)    0.000     0.000 r  <hidden>
    U7                                                0.000     0.000 r  clk
                         net (fo=0)                   0.000     0.000    clk
    U7                   IBUF (Prop_ibuf_I_O)         0.924     0.924 r  clk_IBUF_inst/O
                         net (fo=1, routed)           1.972     2.896    clk_IBUF
    BUFGCTRL_X0Y0        BUFG (Prop_bufg_I_O)         0.091     2.987 r  clk_IBUF_BUFG_inst/O
                         net (fo=14, routed)          1.653     4.640    clk_IBUF_BUFG
    SLICE_X0Y11          FDCE                                         r  a_reg_reg[0]/C

Slack:                    inf
  Source:                 rst
                            (input port)
  Destination:            a_reg_reg[1]/CLR
                            (recovery check against rising-edge clock sys_clk  {rise@0.000ns fall@5.000ns period=10.000ns})
  Path Group:             (none)
  Path Type:              Recovery (Max at Slow Process Corner)
  Data Path Delay:        2.377ns  (logic 1.025ns (43.116%)  route 1.352ns (56.884%))
  Logic Levels:           1  (IBUF=1)
  Clock Path Skew:        4.639ns (DCD - SCD + CPR)
    Destination Clock Delay (DCD):    4.639ns
    Source Clock Delay      (SCD):    0.000ns
    Clock Pessimism Removal (CPR):    0.000ns
  Clock Uncertainty:      0.025ns  ((TSJ^2 + TIJ^2)^1/2 + DJ) / 2 + PE
    Total System Jitter     (TSJ):    0.050ns
    Total Input Jitter      (TIJ):    0.000ns
    Discrete Jitter          (DJ):    0.000ns
    Phase Error              (PE):    0.000ns

    Location             Delay type                Incr(ns)  Path(ns)    Netlist Resource(s)
  -------------------------------------------------------------------    -------------------
    U9                                                0.000     0.000 f  rst
                         net (fo=0)                   0.000     0.000    rst
    U9                   IBUF (Prop_ibuf_I_O)         1.025     1.025 f  rst_IBUF_inst/O
                         net (fo=14, routed)          1.352     2.377    rst_IBUF
    SLICE_X1Y12          FDCE                                         f  a_reg_reg[1]/CLR
  -------------------------------------------------------------------    -------------------

                         (clock sys_clk rise edge)    0.000     0.000 r  <hidden>
    U7                                                0.000     0.000 r  clk
                         net (fo=0)                   0.000     0.000    clk
    U7                   IBUF (Prop_ibuf_I_O)         0.924     0.924 r  clk_IBUF_inst/O
                         net (fo=1, routed)           1.972     2.896    clk_IBUF
    BUFGCTRL_X0Y0        BUFG (Prop_bufg_I_O)         0.091     2.987 r  clk_IBUF_BUFG_inst/O
                         net (fo=14, routed)          1.652     4.639    clk_IBUF_BUFG
    SLICE_X1Y12          FDCE                                         r  a_reg_reg[1]/C

Slack:                    inf
  Source:                 rst
                            (input port)
  Destination:            a_reg_reg[2]/CLR
                            (recovery check against rising-edge clock sys_clk  {rise@0.000ns fall@5.000ns period=10.000ns})
  Path Group:             (none)
  Path Type:              Recovery (Max at Slow Process Corner)
  Data Path Delay:        2.377ns  (logic 1.025ns (43.116%)  route 1.352ns (56.884%))
  Logic Levels:           1  (IBUF=1)
  Clock Path Skew:        4.639ns (DCD - SCD + CPR)
    Destination Clock Delay (DCD):    4.639ns
    Source Clock Delay      (SCD):    0.000ns
    Clock Pessimism Removal (CPR):    0.000ns
  Clock Uncertainty:      0.025ns  ((TSJ^2 + TIJ^2)^1/2 + DJ) / 2 + PE
    Total System Jitter     (TSJ):    0.050ns
    Total Input Jitter      (TIJ):    0.000ns
    Discrete Jitter          (DJ):    0.000ns
    Phase Error              (PE):    0.000ns

    Location             Delay type                Incr(ns)  Path(ns)    Netlist Resource(s)
  -------------------------------------------------------------------    -------------------
    U9                                                0.000     0.000 f  rst
                         net (fo=0)                   0.000     0.000    rst
    U9                   IBUF (Prop_ibuf_I_O)         1.025     1.025 f  rst_IBUF_inst/O
                         net (fo=14, routed)          1.352     2.377    rst_IBUF
    SLICE_X1Y12          FDCE                                         f  a_reg_reg[2]/CLR
  -------------------------------------------------------------------    -------------------

                         (clock sys_clk rise edge)    0.000     0.000 r  <hidden>
    U7                                                0.000     0.000 r  clk
                         net (fo=0)                   0.000     0.000    clk
    U7                   IBUF (Prop_ibuf_I_O)         0.924     0.924 r  clk_IBUF_inst/O
                         net (fo=1, routed)           1.972     2.896    clk_IBUF
    BUFGCTRL_X0Y0        BUFG (Prop_bufg_I_O)         0.091     2.987 r  clk_IBUF_BUFG_inst/O
                         net (fo=14, routed)          1.652     4.639    clk_IBUF_BUFG
    SLICE_X1Y12          FDCE                                         r  a_reg_reg[2]/C

Slack:                    inf
  Source:                 rst
                            (input port)
  Destination:            b_reg_reg[0]/CLR
                            (recovery check against rising-edge clock sys_clk  {rise@0.000ns fall@5.000ns period=10.000ns})
  Path Group:             (none)
  Path Type:              Recovery (Max at Slow Process Corner)
  Data Path Delay:        2.377ns  (logic 1.025ns (43.116%)  route 1.352ns (56.884%))
  Logic Levels:           1  (IBUF=1)
  Clock Path Skew:        4.639ns (DCD - SCD + CPR)
    Destination Clock Delay (DCD):    4.639ns
    Source Clock Delay      (SCD):    0.000ns
    Clock Pessimism Removal (CPR):    0.000ns
  Clock Uncertainty:      0.025ns  ((TSJ^2 + TIJ^2)^1/2 + DJ) / 2 + PE
    Total System Jitter     (TSJ):    0.050ns
    Total Input Jitter      (TIJ):    0.000ns
    Discrete Jitter          (DJ):    0.000ns
    Phase Error              (PE):    0.000ns

    Location             Delay type                Incr(ns)  Path(ns)    Netlist Resource(s)
  -------------------------------------------------------------------    -------------------
    U9                                                0.000     0.000 f  rst
                         net (fo=0)                   0.000     0.000    rst
    U9                   IBUF (Prop_ibuf_I_O)         1.025     1.025 f  rst_IBUF_inst/O
                         net (fo=14, routed)          1.352     2.377    rst_IBUF
    SLICE_X1Y12          FDCE                                         f  b_reg_reg[0]/CLR
  -------------------------------------------------------------------    -------------------

                         (clock sys_clk rise edge)    0.000     0.000 r  <hidden>
    U7                                                0.000     0.000 r  clk
                         net (fo=0)                   0.000     0.000    clk
    U7                   IBUF (Prop_ibuf_I_O)         0.924     0.924 r  clk_IBUF_inst/O
                         net (fo=1, routed)           1.972     2.896    clk_IBUF
    BUFGCTRL_X0Y0        BUFG (Prop_bufg_I_O)         0.091     2.987 r  clk_IBUF_BUFG_inst/O
                         net (fo=14, routed)          1.652     4.639    clk_IBUF_BUFG
    SLICE_X1Y12          FDCE                                         r  b_reg_reg[0]/C

Slack:                    inf
  Source:                 rst
                            (input port)
  Destination:            b_reg_reg[1]/CLR
                            (recovery check against rising-edge clock sys_clk  {rise@0.000ns fall@5.000ns period=10.000ns})
  Path Group:             (none)
  Path Type:              Recovery (Max at Slow Process Corner)
  Data Path Delay:        2.377ns  (logic 1.025ns (43.116%)  route 1.352ns (56.884%))
  Logic Levels:           1  (IBUF=1)
  Clock Path Skew:        4.639ns (DCD - SCD + CPR)
    Destination Clock Delay (DCD):    4.639ns
    Source Clock Delay      (SCD):    0.000ns
    Clock Pessimism Removal (CPR):    0.000ns
  Clock Uncertainty:      0.025ns  ((TSJ^2 + TIJ^2)^1/2 + DJ) / 2 + PE
    Total System Jitter     (TSJ):    0.050ns
    Total Input Jitter      (TIJ):    0.000ns
    Discrete Jitter          (DJ):    0.000ns
    Phase Error              (PE):    0.000ns

    Location             Delay type                Incr(ns)  Path(ns)    Netlist Resource(s)
  -------------------------------------------------------------------    -------------------
    U9                                                0.000     0.000 f  rst
                         net (fo=0)                   0.000     0.000    rst
    U9                   IBUF (Prop_ibuf_I_O)         1.025     1.025 f  rst_IBUF_inst/O
                         net (fo=14, routed)          1.352     2.377    rst_IBUF
    SLICE_X1Y12          FDCE                                         f  b_reg_reg[1]/CLR
  -------------------------------------------------------------------    -------------------

                         (clock sys_clk rise edge)    0.000     0.000 r  <hidden>
    U7                                                0.000     0.000 r  clk
                         net (fo=0)                   0.000     0.000    clk
    U7                   IBUF (Prop_ibuf_I_O)         0.924     0.924 r  clk_IBUF_inst/O
                         net (fo=1, routed)           1.972     2.896    clk_IBUF
    BUFGCTRL_X0Y0        BUFG (Prop_bufg_I_O)         0.091     2.987 r  clk_IBUF_BUFG_inst/O
                         net (fo=14, routed)          1.652     4.639    clk_IBUF_BUFG
    SLICE_X1Y12          FDCE                                         r  b_reg_reg[1]/C

Slack:                    inf
  Source:                 rst
                            (input port)
  Destination:            b_reg_reg[2]/CLR
                            (recovery check against rising-edge clock sys_clk  {rise@0.000ns fall@5.000ns period=10.000ns})
  Path Group:             (none)
  Path Type:              Recovery (Max at Slow Process Corner)
  Data Path Delay:        2.377ns  (logic 1.025ns (43.116%)  route 1.352ns (56.884%))
  Logic Levels:           1  (IBUF=1)
  Clock Path Skew:        4.639ns (DCD - SCD + CPR)
    Destination Clock Delay (DCD):    4.639ns
    Source Clock Delay      (SCD):    0.000ns
    Clock Pessimism Removal (CPR):    0.000ns
  Clock Uncertainty:      0.025ns  ((TSJ^2 + TIJ^2)^1/2 + DJ) / 2 + PE
    Total System Jitter     (TSJ):    0.050ns
    Total Input Jitter      (TIJ):    0.000ns
    Discrete Jitter          (DJ):    0.000ns
    Phase Error              (PE):    0.000ns

    Location             Delay type                Incr(ns)  Path(ns)    Netlist Resource(s)
  -------------------------------------------------------------------    -------------------
    U9                                                0.000     0.000 f  rst
                         net (fo=0)                   0.000     0.000    rst
    U9                   IBUF (Prop_ibuf_I_O)         1.025     1.025 f  rst_IBUF_inst/O
                         net (fo=14, routed)          1.352     2.377    rst_IBUF
    SLICE_X0Y12          FDCE                                         f  b_reg_reg[2]/CLR
  -------------------------------------------------------------------    -------------------

                         (clock sys_clk rise edge)    0.000     0.000 r  <hidden>
    U7                                                0.000     0.000 r  clk
                         net (fo=0)                   0.000     0.000    clk
    U7                   IBUF (Prop_ibuf_I_O)         0.924     0.924 r  clk_IBUF_inst/O
                         net (fo=1, routed)           1.972     2.896    clk_IBUF
    BUFGCTRL_X0Y0        BUFG (Prop_bufg_I_O)         0.091     2.987 r  clk_IBUF_BUFG_inst/O
                         net (fo=14, routed)          1.652     4.639    clk_IBUF_BUFG
    SLICE_X0Y12          FDCE                                         r  b_reg_reg[2]/C

Slack:                    inf
  Source:                 rst
                            (input port)
  Destination:            b_reg_reg[3]/CLR
                            (recovery check against rising-edge clock sys_clk  {rise@0.000ns fall@5.000ns period=10.000ns})
  Path Group:             (none)
  Path Type:              Recovery (Max at Slow Process Corner)
  Data Path Delay:        2.377ns  (logic 1.025ns (43.116%)  route 1.352ns (56.884%))
  Logic Levels:           1  (IBUF=1)
  Clock Path Skew:        4.639ns (DCD - SCD + CPR)
    Destination Clock Delay (DCD):    4.639ns
    Source Clock Delay      (SCD):    0.000ns
    Clock Pessimism Removal (CPR):    0.000ns
  Clock Uncertainty:      0.025ns  ((TSJ^2 + TIJ^2)^1/2 + DJ) / 2 + PE
    Total System Jitter     (TSJ):    0.050ns
    Total Input Jitter      (TIJ):    0.000ns
    Discrete Jitter          (DJ):    0.000ns
    Phase Error              (PE):    0.000ns

    Location             Delay type                Incr(ns)  Path(ns)    Netlist Resource(s)
  -------------------------------------------------------------------    -------------------
    U9                                                0.000     0.000 f  rst
                         net (fo=0)                   0.000     0.000    rst
    U9                   IBUF (Prop_ibuf_I_O)         1.025     1.025 f  rst_IBUF_inst/O
                         net (fo=14, routed)          1.352     2.377    rst_IBUF
    SLICE_X0Y12          FDCE                                         f  b_reg_reg[3]/CLR
  -------------------------------------------------------------------    -------------------

                         (clock sys_clk rise edge)    0.000     0.000 r  <hidden>
    U7                                                0.000     0.000 r  clk
                         net (fo=0)                   0.000     0.000    clk
    U7                   IBUF (Prop_ibuf_I_O)         0.924     0.924 r  clk_IBUF_inst/O
                         net (fo=1, routed)           1.972     2.896    clk_IBUF
    BUFGCTRL_X0Y0        BUFG (Prop_bufg_I_O)         0.091     2.987 r  clk_IBUF_BUFG_inst/O
                         net (fo=14, routed)          1.652     4.639    clk_IBUF_BUFG
    SLICE_X0Y12          FDCE                                         r  b_reg_reg[3]/C

Slack:                    inf
  Source:                 rst
                            (input port)
  Destination:            result_reg_reg[0]/CLR
                            (recovery check against rising-edge clock sys_clk  {rise@0.000ns fall@5.000ns period=10.000ns})
  Path Group:             (none)
  Path Type:              Recovery (Max at Slow Process Corner)
  Data Path Delay:        2.377ns  (logic 1.025ns (43.116%)  route 1.352ns (56.884%))
  Logic Levels:           1  (IBUF=1)
  Clock Path Skew:        4.639ns (DCD - SCD + CPR)
    Destination Clock Delay (DCD):    4.639ns
    Source Clock Delay      (SCD):    0.000ns
    Clock Pessimism Removal (CPR):    0.000ns
  Clock Uncertainty:      0.025ns  ((TSJ^2 + TIJ^2)^1/2 + DJ) / 2 + PE
    Total System Jitter     (TSJ):    0.050ns
    Total Input Jitter      (TIJ):    0.000ns
    Discrete Jitter          (DJ):    0.000ns
    Phase Error              (PE):    0.000ns

    Location             Delay type                Incr(ns)  Path(ns)    Netlist Resource(s)
  -------------------------------------------------------------------    -------------------
    U9                                                0.000     0.000 f  rst
                         net (fo=0)                   0.000     0.000    rst
    U9                   IBUF (Prop_ibuf_I_O)         1.025     1.025 f  rst_IBUF_inst/O
                         net (fo=14, routed)          1.352     2.377    rst_IBUF
    SLICE_X0Y12          FDCE                                         f  result_reg_reg[0]/CLR
  -------------------------------------------------------------------    -------------------

                         (clock sys_clk rise edge)    0.000     0.000 r  <hidden>
    U7                                                0.000     0.000 r  clk
                         net (fo=0)                   0.000     0.000    clk
    U7                   IBUF (Prop_ibuf_I_O)         0.924     0.924 r  clk_IBUF_inst/O
                         net (fo=1, routed)           1.972     2.896    clk_IBUF
    BUFGCTRL_X0Y0        BUFG (Prop_bufg_I_O)         0.091     2.987 r  clk_IBUF_BUFG_inst/O
                         net (fo=14, routed)          1.652     4.639    clk_IBUF_BUFG
    SLICE_X0Y12          FDCE                                         r  result_reg_reg[0]/C

Slack:                    inf
  Source:                 rst
                            (input port)
  Destination:            result_reg_reg[1]/CLR
                            (recovery check against rising-edge clock sys_clk  {rise@0.000ns fall@5.000ns period=10.000ns})
  Path Group:             (none)
  Path Type:              Recovery (Max at Slow Process Corner)
  Data Path Delay:        2.377ns  (logic 1.025ns (43.116%)  route 1.352ns (56.884%))
  Logic Levels:           1  (IBUF=1)
  Clock Path Skew:        4.639ns (DCD - SCD + CPR)
    Destination Clock Delay (DCD):    4.639ns
    Source Clock Delay      (SCD):    0.000ns
    Clock Pessimism Removal (CPR):    0.000ns
  Clock Uncertainty:      0.025ns  ((TSJ^2 + TIJ^2)^1/2 + DJ) / 2 + PE
    Total System Jitter     (TSJ):    0.050ns
    Total Input Jitter      (TIJ):    0.000ns
    Discrete Jitter          (DJ):    0.000ns
    Phase Error              (PE):    0.000ns

    Location             Delay type                Incr(ns)  Path(ns)    Netlist Resource(s)
  -------------------------------------------------------------------    -------------------
    U9                                                0.000     0.000 f  rst
                         net (fo=0)                   0.000     0.000    rst
    U9                   IBUF (Prop_ibuf_I_O)         1.025     1.025 f  rst_IBUF_inst/O
                         net (fo=14, routed)          1.352     2.377    rst_IBUF
    SLICE_X0Y12          FDCE                                         f  result_reg_reg[1]/CLR
  -------------------------------------------------------------------    -------------------

                         (clock sys_clk rise edge)    0.000     0.000 r  <hidden>
    U7                                                0.000     0.000 r  clk
                         net (fo=0)                   0.000     0.000    clk
    U7                   IBUF (Prop_ibuf_I_O)         0.924     0.924 r  clk_IBUF_inst/O
                         net (fo=1, routed)           1.972     2.896    clk_IBUF
    BUFGCTRL_X0Y0        BUFG (Prop_bufg_I_O)         0.091     2.987 r  clk_IBUF_BUFG_inst/O
                         net (fo=14, routed)          1.652     4.639    clk_IBUF_BUFG
    SLICE_X0Y12          FDCE                                         r  result_reg_reg[1]/C

Slack:                    inf
  Source:                 rst
                            (input port)
  Destination:            a_reg_reg[3]/CLR
                            (recovery check against rising-edge clock sys_clk  {rise@0.000ns fall@5.000ns period=10.000ns})
  Path Group:             (none)
  Path Type:              Recovery (Max at Slow Process Corner)
  Data Path Delay:        2.226ns  (logic 1.025ns (46.035%)  route 1.201ns (53.965%))
  Logic Levels:           1  (IBUF=1)
  Clock Path Skew:        4.638ns (DCD - SCD + CPR)
    Destination Clock Delay (DCD):    4.638ns
    Source Clock Delay      (SCD):    0.000ns
    Clock Pessimism Removal (CPR):    0.000ns
  Clock Uncertainty:      0.025ns  ((TSJ^2 + TIJ^2)^1/2 + DJ) / 2 + PE
    Total System Jitter     (TSJ):    0.050ns
    Total Input Jitter      (TIJ):    0.000ns
    Discrete Jitter          (DJ):    0.000ns
    Phase Error              (PE):    0.000ns

    Location             Delay type                Incr(ns)  Path(ns)    Netlist Resource(s)
  -------------------------------------------------------------------    -------------------
    U9                                                0.000     0.000 f  rst
                         net (fo=0)                   0.000     0.000    rst
    U9                   IBUF (Prop_ibuf_I_O)         1.025     1.025 f  rst_IBUF_inst/O
                         net (fo=14, routed)          1.201     2.226    rst_IBUF
    SLICE_X1Y13          FDCE                                         f  a_reg_reg[3]/CLR
  -------------------------------------------------------------------    -------------------

                         (clock sys_clk rise edge)    0.000     0.000 r  <hidden>
    U7                                                0.000     0.000 r  clk
                         net (fo=0)                   0.000     0.000    clk
    U7                   IBUF (Prop_ibuf_I_O)         0.924     0.924 r  clk_IBUF_inst/O
                         net (fo=1, routed)           1.972     2.896    clk_IBUF
    BUFGCTRL_X0Y0        BUFG (Prop_bufg_I_O)         0.091     2.987 r  clk_IBUF_BUFG_inst/O
                         net (fo=14, routed)          1.651     4.638    clk_IBUF_BUFG
    SLICE_X1Y13          FDCE                                         r  a_reg_reg[3]/C





Min Delay Paths
--------------------------------------------------------------------------------------
Slack:                    inf
  Source:                 b[2]
                            (input port)
  Destination:            b_reg_reg[2]/D
                            (rising edge-triggered cell FDCE clocked by sys_clk  {rise@0.000ns fall@5.000ns period=10.000ns})
  Path Group:             (none)
  Path Type:              Hold (Min at Fast Process Corner)
  Data Path Delay:        0.505ns  (logic 0.172ns (34.047%)  route 0.333ns (65.953%))
  Logic Levels:           1  (IBUF=1)
  Clock Path Skew:        2.113ns (DCD - SCD - CPR)
    Destination Clock Delay (DCD):    2.113ns
    Source Clock Delay      (SCD):    0.000ns
    Clock Pessimism Removal (CPR):    -0.000ns

    Location             Delay type                Incr(ns)  Path(ns)    Netlist Resource(s)
  -------------------------------------------------------------------    -------------------
    U5                                                0.000     0.000 r  b[2]
                         net (fo=0)                   0.000     0.000    b[2]
    U5                   IBUF (Prop_ibuf_I_O)         0.172     0.172 r  b_IBUF[2]_inst/O
                         net (fo=1, routed)           0.333     0.505    b_IBUF[2]
    SLICE_X0Y12          FDCE                                         r  b_reg_reg[2]/D
  -------------------------------------------------------------------    -------------------

                         (clock sys_clk rise edge)    0.000     0.000 r  <hidden>
    U7                                                0.000     0.000 r  clk
                         net (fo=0)                   0.000     0.000    clk
    U7                   IBUF (Prop_ibuf_I_O)         0.476     0.476 r  clk_IBUF_inst/O
                         net (fo=1, routed)           0.719     1.195    clk_IBUF
    BUFGCTRL_X0Y0        BUFG (Prop_bufg_I_O)         0.029     1.224 r  clk_IBUF_BUFG_inst/O
                         net (fo=14, routed)          0.889     2.113    clk_IBUF_BUFG
    SLICE_X0Y12          FDCE                                         r  b_reg_reg[2]/C

Slack:                    inf
  Source:                 op[0]
                            (input port)
  Destination:            op_reg_reg[0]/D
                            (rising edge-triggered cell FDCE clocked by sys_clk  {rise@0.000ns fall@5.000ns period=10.000ns})
  Path Group:             (none)
  Path Type:              Hold (Min at Fast Process Corner)
  Data Path Delay:        0.540ns  (logic 0.247ns (45.642%)  route 0.294ns (54.358%))
  Logic Levels:           1  (IBUF=1)
  Clock Path Skew:        2.112ns (DCD - SCD - CPR)
    Destination Clock Delay (DCD):    2.112ns
    Source Clock Delay      (SCD):    0.000ns
    Clock Pessimism Removal (CPR):    -0.000ns

    Location             Delay type                Incr(ns)  Path(ns)    Netlist Resource(s)
  -------------------------------------------------------------------    -------------------
    Y11                                               0.000     0.000 r  op[0]
                         net (fo=0)                   0.000     0.000    op[0]
    Y11                  IBUF (Prop_ibuf_I_O)         0.247     0.247 r  op_IBUF[0]_inst/O
                         net (fo=1, routed)           0.294     0.540    op_IBUF[0]
    SLICE_X0Y13          FDCE                                         r  op_reg_reg[0]/D
  -------------------------------------------------------------------    -------------------

                         (clock sys_clk rise edge)    0.000     0.000 r  <hidden>
    U7                                                0.000     0.000 r  clk
                         net (fo=0)                   0.000     0.000    clk
    U7                   IBUF (Prop_ibuf_I_O)         0.476     0.476 r  clk_IBUF_inst/O
                         net (fo=1, routed)           0.719     1.195    clk_IBUF
    BUFGCTRL_X0Y0        BUFG (Prop_bufg_I_O)         0.029     1.224 r  clk_IBUF_BUFG_inst/O
                         net (fo=14, routed)          0.888     2.112    clk_IBUF_BUFG
    SLICE_X0Y13          FDCE                                         r  op_reg_reg[0]/C

Slack:                    inf
  Source:                 a[1]
                            (input port)
  Destination:            a_reg_reg[1]/D
                            (rising edge-triggered cell FDCE clocked by sys_clk  {rise@0.000ns fall@5.000ns period=10.000ns})
  Path Group:             (none)
  Path Type:              Hold (Min at Fast Process Corner)
  Data Path Delay:        0.556ns  (logic 0.179ns (32.297%)  route 0.376ns (67.703%))
  Logic Levels:           1  (IBUF=1)
  Clock Path Skew:        2.113ns (DCD - SCD - CPR)
    Destination Clock Delay (DCD):    2.113ns
    Source Clock Delay      (SCD):    0.000ns
    Clock Pessimism Removal (CPR):    -0.000ns

    Location             Delay type                Incr(ns)  Path(ns)    Netlist Resource(s)
  -------------------------------------------------------------------    -------------------
    V6                                                0.000     0.000 r  a[1]
                         net (fo=0)                   0.000     0.000    a[1]
    V6                   IBUF (Prop_ibuf_I_O)         0.179     0.179 r  a_IBUF[1]_inst/O
                         net (fo=1, routed)           0.376     0.556    a_IBUF[1]
    SLICE_X1Y12          FDCE                                         r  a_reg_reg[1]/D
  -------------------------------------------------------------------    -------------------

                         (clock sys_clk rise edge)    0.000     0.000 r  <hidden>
    U7                                                0.000     0.000 r  clk
                         net (fo=0)                   0.000     0.000    clk
    U7                   IBUF (Prop_ibuf_I_O)         0.476     0.476 r  clk_IBUF_inst/O
                         net (fo=1, routed)           0.719     1.195    clk_IBUF
    BUFGCTRL_X0Y0        BUFG (Prop_bufg_I_O)         0.029     1.224 r  clk_IBUF_BUFG_inst/O
                         net (fo=14, routed)          0.889     2.113    clk_IBUF_BUFG
    SLICE_X1Y12          FDCE                                         r  a_reg_reg[1]/C

Slack:                    inf
  Source:                 a[0]
                            (input port)
  Destination:            a_reg_reg[0]/D
                            (rising edge-triggered cell FDCE clocked by sys_clk  {rise@0.000ns fall@5.000ns period=10.000ns})
  Path Group:             (none)
  Path Type:              Hold (Min at Fast Process Corner)
  Data Path Delay:        0.561ns  (logic 0.185ns (32.925%)  route 0.376ns (67.075%))
  Logic Levels:           1  (IBUF=1)
  Clock Path Skew:        2.115ns (DCD - SCD - CPR)
    Destination Clock Delay (DCD):    2.115ns
    Source Clock Delay      (SCD):    0.000ns
    Clock Pessimism Removal (CPR):    -0.000ns

    Location             Delay type                Incr(ns)  Path(ns)    Netlist Resource(s)
  -------------------------------------------------------------------    -------------------
    W6                                                0.000     0.000 r  a[0]
                         net (fo=0)                   0.000     0.000    a[0]
    W6                   IBUF (Prop_ibuf_I_O)         0.185     0.185 r  a_IBUF[0]_inst/O
                         net (fo=1, routed)           0.376     0.561    a_IBUF[0]
    SLICE_X0Y11          FDCE                                         r  a_reg_reg[0]/D
  -------------------------------------------------------------------    -------------------

                         (clock sys_clk rise edge)    0.000     0.000 r  <hidden>
    U7                                                0.000     0.000 r  clk
                         net (fo=0)                   0.000     0.000    clk
    U7                   IBUF (Prop_ibuf_I_O)         0.476     0.476 r  clk_IBUF_inst/O
                         net (fo=1, routed)           0.719     1.195    clk_IBUF
    BUFGCTRL_X0Y0        BUFG (Prop_bufg_I_O)         0.029     1.224 r  clk_IBUF_BUFG_inst/O
                         net (fo=14, routed)          0.891     2.115    clk_IBUF_BUFG
    SLICE_X0Y11          FDCE                                         r  a_reg_reg[0]/C

Slack:                    inf
  Source:                 b[3]
                            (input port)
  Destination:            b_reg_reg[3]/D
                            (rising edge-triggered cell FDCE clocked by sys_clk  {rise@0.000ns fall@5.000ns period=10.000ns})
  Path Group:             (none)
  Path Type:              Hold (Min at Fast Process Corner)
  Data Path Delay:        0.573ns  (logic 0.229ns (39.948%)  route 0.344ns (60.052%))
  Logic Levels:           1  (IBUF=1)
  Clock Path Skew:        2.113ns (DCD - SCD - CPR)
    Destination Clock Delay (DCD):    2.113ns
    Source Clock Delay      (SCD):    0.000ns
    Clock Pessimism Removal (CPR):    -0.000ns

    Location             Delay type                Incr(ns)  Path(ns)    Netlist Resource(s)
  -------------------------------------------------------------------    -------------------
    T5                                                0.000     0.000 r  b[3]
                         net (fo=0)                   0.000     0.000    b[3]
    T5                   IBUF (Prop_ibuf_I_O)         0.229     0.229 r  b_IBUF[3]_inst/O
                         net (fo=1, routed)           0.344     0.573    b_IBUF[3]
    SLICE_X0Y12          FDCE                                         r  b_reg_reg[3]/D
  -------------------------------------------------------------------    -------------------

                         (clock sys_clk rise edge)    0.000     0.000 r  <hidden>
    U7                                                0.000     0.000 r  clk
                         net (fo=0)                   0.000     0.000    clk
    U7                   IBUF (Prop_ibuf_I_O)         0.476     0.476 r  clk_IBUF_inst/O
                         net (fo=1, routed)           0.719     1.195    clk_IBUF
    BUFGCTRL_X0Y0        BUFG (Prop_bufg_I_O)         0.029     1.224 r  clk_IBUF_BUFG_inst/O
                         net (fo=14, routed)          0.889     2.113    clk_IBUF_BUFG
    SLICE_X0Y12          FDCE                                         r  b_reg_reg[3]/C

Slack:                    inf
  Source:                 op[1]
                            (input port)
  Destination:            op_reg_reg[1]/D
                            (rising edge-triggered cell FDCE clocked by sys_clk  {rise@0.000ns fall@5.000ns period=10.000ns})
  Path Group:             (none)
  Path Type:              Hold (Min at Fast Process Corner)
  Data Path Delay:        0.575ns  (logic 0.243ns (42.274%)  route 0.332ns (57.726%))
  Logic Levels:           1  (IBUF=1)
  Clock Path Skew:        2.112ns (DCD - SCD - CPR)
    Destination Clock Delay (DCD):    2.112ns
    Source Clock Delay      (SCD):    0.000ns
    Clock Pessimism Removal (CPR):    -0.000ns

    Location             Delay type                Incr(ns)  Path(ns)    Netlist Resource(s)
  -------------------------------------------------------------------    -------------------
    W11                                               0.000     0.000 r  op[1]
                         net (fo=0)                   0.000     0.000    op[1]
    W11                  IBUF (Prop_ibuf_I_O)         0.243     0.243 r  op_IBUF[1]_inst/O
                         net (fo=1, routed)           0.332     0.575    op_IBUF[1]
    SLICE_X0Y13          FDCE                                         r  op_reg_reg[1]/D
  -------------------------------------------------------------------    -------------------

                         (clock sys_clk rise edge)    0.000     0.000 r  <hidden>
    U7                                                0.000     0.000 r  clk
                         net (fo=0)                   0.000     0.000    clk
    U7                   IBUF (Prop_ibuf_I_O)         0.476     0.476 r  clk_IBUF_inst/O
                         net (fo=1, routed)           0.719     1.195    clk_IBUF
    BUFGCTRL_X0Y0        BUFG (Prop_bufg_I_O)         0.029     1.224 r  clk_IBUF_BUFG_inst/O
                         net (fo=14, routed)          0.888     2.112    clk_IBUF_BUFG
    SLICE_X0Y13          FDCE                                         r  op_reg_reg[1]/C

Slack:                    inf
  Source:                 a[3]
                            (input port)
  Destination:            a_reg_reg[3]/D
                            (rising edge-triggered cell FDCE clocked by sys_clk  {rise@0.000ns fall@5.000ns period=10.000ns})
  Path Group:             (none)
  Path Type:              Hold (Min at Fast Process Corner)
  Data Path Delay:        0.591ns  (logic 0.220ns (37.267%)  route 0.371ns (62.733%))
  Logic Levels:           1  (IBUF=1)
  Clock Path Skew:        2.112ns (DCD - SCD - CPR)
    Destination Clock Delay (DCD):    2.112ns
    Source Clock Delay      (SCD):    0.000ns
    Clock Pessimism Removal (CPR):    -0.000ns

    Location             Delay type                Incr(ns)  Path(ns)    Netlist Resource(s)
  -------------------------------------------------------------------    -------------------
    V11                                               0.000     0.000 r  a[3]
                         net (fo=0)                   0.000     0.000    a[3]
    V11                  IBUF (Prop_ibuf_I_O)         0.220     0.220 r  a_IBUF[3]_inst/O
                         net (fo=1, routed)           0.371     0.591    a_IBUF[3]
    SLICE_X1Y13          FDCE                                         r  a_reg_reg[3]/D
  -------------------------------------------------------------------    -------------------

                         (clock sys_clk rise edge)    0.000     0.000 r  <hidden>
    U7                                                0.000     0.000 r  clk
                         net (fo=0)                   0.000     0.000    clk
    U7                   IBUF (Prop_ibuf_I_O)         0.476     0.476 r  clk_IBUF_inst/O
                         net (fo=1, routed)           0.719     1.195    clk_IBUF
    BUFGCTRL_X0Y0        BUFG (Prop_bufg_I_O)         0.029     1.224 r  clk_IBUF_BUFG_inst/O
                         net (fo=14, routed)          0.888     2.112    clk_IBUF_BUFG
    SLICE_X1Y13          FDCE                                         r  a_reg_reg[3]/C

Slack:                    inf
  Source:                 a[2]
                            (input port)
  Destination:            a_reg_reg[2]/D
                            (rising edge-triggered cell FDCE clocked by sys_clk  {rise@0.000ns fall@5.000ns period=10.000ns})
  Path Group:             (none)
  Path Type:              Hold (Min at Fast Process Corner)
  Data Path Delay:        0.641ns  (logic 0.218ns (34.062%)  route 0.423ns (65.938%))
  Logic Levels:           1  (IBUF=1)
  Clock Path Skew:        2.113ns (DCD - SCD - CPR)
    Destination Clock Delay (DCD):    2.113ns
    Source Clock Delay      (SCD):    0.000ns
    Clock Pessimism Removal (CPR):    -0.000ns

    Location             Delay type                Incr(ns)  Path(ns)    Netlist Resource(s)
  -------------------------------------------------------------------    -------------------
    V10                                               0.000     0.000 r  a[2]
                         net (fo=0)                   0.000     0.000    a[2]
    V10                  IBUF (Prop_ibuf_I_O)         0.218     0.218 r  a_IBUF[2]_inst/O
                         net (fo=1, routed)           0.423     0.641    a_IBUF[2]
    SLICE_X1Y12          FDCE                                         r  a_reg_reg[2]/D
  -------------------------------------------------------------------    -------------------

                         (clock sys_clk rise edge)    0.000     0.000 r  <hidden>
    U7                                                0.000     0.000 r  clk
                         net (fo=0)                   0.000     0.000    clk
    U7                   IBUF (Prop_ibuf_I_O)         0.476     0.476 r  clk_IBUF_inst/O
                         net (fo=1, routed)           0.719     1.195    clk_IBUF
    BUFGCTRL_X0Y0        BUFG (Prop_bufg_I_O)         0.029     1.224 r  clk_IBUF_BUFG_inst/O
                         net (fo=14, routed)          0.889     2.113    clk_IBUF_BUFG
    SLICE_X1Y12          FDCE                                         r  a_reg_reg[2]/C

Slack:                    inf
  Source:                 b[1]
                            (input port)
  Destination:            b_reg_reg[1]/D
                            (rising edge-triggered cell FDCE clocked by sys_clk  {rise@0.000ns fall@5.000ns period=10.000ns})
  Path Group:             (none)
  Path Type:              Hold (Min at Fast Process Corner)
  Data Path Delay:        0.668ns  (logic 0.260ns (38.966%)  route 0.408ns (61.034%))
  Logic Levels:           1  (IBUF=1)
  Clock Path Skew:        2.113ns (DCD - SCD - CPR)
    Destination Clock Delay (DCD):    2.113ns
    Source Clock Delay      (SCD):    0.000ns
    Clock Pessimism Removal (CPR):    -0.000ns

    Location             Delay type                Incr(ns)  Path(ns)    Netlist Resource(s)
  -------------------------------------------------------------------    -------------------
    Y12                                               0.000     0.000 r  b[1]
                         net (fo=0)                   0.000     0.000    b[1]
    Y12                  IBUF (Prop_ibuf_I_O)         0.260     0.260 r  b_IBUF[1]_inst/O
                         net (fo=1, routed)           0.408     0.668    b_IBUF[1]
    SLICE_X1Y12          FDCE                                         r  b_reg_reg[1]/D
  -------------------------------------------------------------------    -------------------

                         (clock sys_clk rise edge)    0.000     0.000 r  <hidden>
    U7                                                0.000     0.000 r  clk
                         net (fo=0)                   0.000     0.000    clk
    U7                   IBUF (Prop_ibuf_I_O)         0.476     0.476 r  clk_IBUF_inst/O
                         net (fo=1, routed)           0.719     1.195    clk_IBUF
    BUFGCTRL_X0Y0        BUFG (Prop_bufg_I_O)         0.029     1.224 r  clk_IBUF_BUFG_inst/O
                         net (fo=14, routed)          0.889     2.113    clk_IBUF_BUFG
    SLICE_X1Y12          FDCE                                         r  b_reg_reg[1]/C

Slack:                    inf
  Source:                 b[0]
                            (input port)
  Destination:            b_reg_reg[0]/D
                            (rising edge-triggered cell FDCE clocked by sys_clk  {rise@0.000ns fall@5.000ns period=10.000ns})
  Path Group:             (none)
  Path Type:              Hold (Min at Fast Process Corner)
  Data Path Delay:        0.701ns  (logic 0.262ns (37.327%)  route 0.439ns (62.673%))
  Logic Levels:           1  (IBUF=1)
  Clock Path Skew:        2.113ns (DCD - SCD - CPR)
    Destination Clock Delay (DCD):    2.113ns
    Source Clock Delay      (SCD):    0.000ns
    Clock Pessimism Removal (CPR):    -0.000ns

    Location             Delay type                Incr(ns)  Path(ns)    Netlist Resource(s)
  -------------------------------------------------------------------    -------------------
    Y13                                               0.000     0.000 r  b[0]
                         net (fo=0)                   0.000     0.000    b[0]
    Y13                  IBUF (Prop_ibuf_I_O)         0.262     0.262 r  b_IBUF[0]_inst/O
                         net (fo=1, routed)           0.439     0.701    b_IBUF[0]
    SLICE_X1Y12          FDCE                                         r  b_reg_reg[0]/D
  -------------------------------------------------------------------    -------------------

                         (clock sys_clk rise edge)    0.000     0.000 r  <hidden>
    U7                                                0.000     0.000 r  clk
                         net (fo=0)                   0.000     0.000    clk
    U7                   IBUF (Prop_ibuf_I_O)         0.476     0.476 r  clk_IBUF_inst/O
                         net (fo=1, routed)           0.719     1.195    clk_IBUF
    BUFGCTRL_X0Y0        BUFG (Prop_bufg_I_O)         0.029     1.224 r  clk_IBUF_BUFG_inst/O
                         net (fo=14, routed)          0.889     2.113    clk_IBUF_BUFG
    SLICE_X1Y12          FDCE                                         r  b_reg_reg[0]/C





