Copyright 1986-2022 Xilinx, Inc. All Rights Reserved. Copyright 2022-2026 Advanced Micro Devices, Inc. All Rights Reserved.
------------------------------------------------------------------------------------------------------------------------------------------------------------------------------------------------------------------------------------------------------
| Tool Version : Vivado v.2026.1 (win64) Build 6511674 Tue Jun 16 11:02:23 MDT 2026
| Date         : Wed Sep  9 21:13:00 2026
| Host         : Saviel running 64-bit major release  (build 9200)
| Command      : report_timing_summary -max_paths 10 -routable_nets -report_unconstrained -file expr_pipelined_timing_summary_routed.rpt -pb expr_pipelined_timing_summary_routed.pb -rpx expr_pipelined_timing_summary_routed.rpx -warn_on_violation
| Design       : expr_pipelined
| Device       : 7z020-clg400
| Speed File   : -1  PRODUCTION 1.12 2019-11-22
| Design State : Routed
------------------------------------------------------------------------------------------------------------------------------------------------------------------------------------------------------------------------------------------------------

Timing Summary Report

------------------------------------------------------------------------------------------------
| Timer Settings
| --------------
------------------------------------------------------------------------------------------------

  Enable Multi Corner Analysis               :  Yes
  Enable Pessimism Removal                   :  Yes
  Pessimism Removal Resolution               :  Nearest Common Node
  Enable Input Delay Default Clock           :  No
  Enable Preset / Clear Arcs                 :  No
  Disable Flight Delays                      :  No
  Ignore I/O Paths                           :  No
  Timing Early Launch at Borrowing Latches   :  No
  Borrow Time for Max Delay Exceptions       :  Yes
  Merge Timing Exceptions                    :  Yes
  Inter-SLR Compensation                     :  Conservative

  Corner  Analyze    Analyze    
  Name    Max Paths  Min Paths  
  ------  ---------  ---------  
  Slow    Yes        Yes        
  Fast    Yes        Yes        


------------------------------------------------------------------------------------------------
| Report Methodology
| ------------------
------------------------------------------------------------------------------------------------

Rule       Severity  Description                    Violations  
---------  --------  -----------------------------  ----------  
DPIR-1     Warning   Asynchronous driver check      26          
TIMING-18  Warning   Missing input or output delay  60          

Note: This report is based on the most recent report_methodology run and may not be up-to-date. Run report_methodology on the current design for the latest report.



check_timing report

Table of Contents
-----------------
1. checking no_clock (0)
2. checking constant_clock (0)
3. checking pulse_width_clock (0)
4. checking unconstrained_internal_endpoints (0)
5. checking no_input_delay (33)
6. checking no_output_delay (27)
7. checking multiple_clock (0)
8. checking generated_clocks (0)
9. checking loops (0)
10. checking partial_input_delay (0)
11. checking partial_output_delay (0)
12. checking latch_loops (0)

1. checking no_clock (0)
------------------------
 There are 0 register/latch pins with no clock.


2. checking constant_clock (0)
------------------------------
 There are 0 register/latch pins with constant_clock.


3. checking pulse_width_clock (0)
---------------------------------
 There are 0 register/latch pins which need pulse_width check


4. checking unconstrained_internal_endpoints (0)
------------------------------------------------
 There are 0 pins that are not constrained for maximum delay.

 There are 0 pins that are not constrained for maximum delay due to constant clock.


5. checking no_input_delay (33)
-------------------------------
 There are 33 input ports with no input delay specified. (HIGH)

 There are 0 input ports with no input delay but user has a false path constraint.


6. checking no_output_delay (27)
--------------------------------
 There are 27 ports with no output delay specified. (HIGH)

 There are 0 ports with no output delay but user has a false path constraint

 There are 0 ports with no output delay but with a timing clock defined on it or propagating through it


7. checking multiple_clock (0)
------------------------------
 There are 0 register/latch pins with multiple clocks.


8. checking generated_clocks (0)
--------------------------------
 There are 0 generated clocks that are not connected to a clock source.


9. checking loops (0)
---------------------
 There are 0 combinational loops in the design.


10. checking partial_input_delay (0)
------------------------------------
 There are 0 input ports with partial input delay specified.


11. checking partial_output_delay (0)
-------------------------------------
 There are 0 ports with partial output delay specified.


12. checking latch_loops (0)
----------------------------
 There are 0 combinational latch loops in the design through latch input



------------------------------------------------------------------------------------------------
| Design Timing Summary
| ---------------------
------------------------------------------------------------------------------------------------

    WNS(ns)      TNS(ns)  TNS Failing Endpoints  TNS Total Endpoints      WHS(ns)      THS(ns)  THS Failing Endpoints  THS Total Endpoints     WPWS(ns)     TPWS(ns)  TPWS Failing Endpoints  TPWS Total Endpoints  
    -------      -------  ---------------------  -------------------      -------      -------  ---------------------  -------------------     --------     --------  ----------------------  --------------------  
      1.931        0.000                      0                   52        0.393        0.000                      0                   52        5.250        0.000                       0                    61  


All user specified timing constraints are met.


------------------------------------------------------------------------------------------------
| Clock Summary
| -------------
------------------------------------------------------------------------------------------------

Clock    Waveform(ns)       Period(ns)      Frequency(MHz)
-----    ------------       ----------      --------------
sys_clk  {0.000 5.750}      11.500          86.957          


------------------------------------------------------------------------------------------------
| Intra Clock Table
| -----------------
------------------------------------------------------------------------------------------------

Clock             WNS(ns)      TNS(ns)  TNS Failing Endpoints  TNS Total Endpoints      WHS(ns)      THS(ns)  THS Failing Endpoints  THS Total Endpoints     WPWS(ns)     TPWS(ns)  TPWS Failing Endpoints  TPWS Total Endpoints  
-----             -------      -------  ---------------------  -------------------      -------      -------  ---------------------  -------------------     --------     --------  ----------------------  --------------------  
sys_clk             1.931        0.000                      0                   52        0.393        0.000                      0                   52        5.250        0.000                       0                    61  


------------------------------------------------------------------------------------------------
| Inter Clock Table
| -----------------
------------------------------------------------------------------------------------------------

From Clock    To Clock          WNS(ns)      TNS(ns)  TNS Failing Endpoints  TNS Total Endpoints      WHS(ns)      THS(ns)  THS Failing Endpoints  THS Total Endpoints  
----------    --------          -------      -------  ---------------------  -------------------      -------      -------  ---------------------  -------------------  


------------------------------------------------------------------------------------------------
| Other Path Groups Table
| -----------------------
------------------------------------------------------------------------------------------------

Path Group    From Clock    To Clock          WNS(ns)      TNS(ns)  TNS Failing Endpoints  TNS Total Endpoints      WHS(ns)      THS(ns)  THS Failing Endpoints  THS Total Endpoints  
----------    ----------    --------          -------      -------  ---------------------  -------------------      -------      -------  ---------------------  -------------------  


------------------------------------------------------------------------------------------------
| User Ignored Path Table
| -----------------------
------------------------------------------------------------------------------------------------

Path Group    From Clock    To Clock    
----------    ----------    --------    


------------------------------------------------------------------------------------------------
| Unconstrained Path Table
| ------------------------
------------------------------------------------------------------------------------------------

Path Group    From Clock    To Clock    
----------    ----------    --------    
(none)        sys_clk                     
(none)                      sys_clk       


------------------------------------------------------------------------------------------------
| Timing Details
| --------------
------------------------------------------------------------------------------------------------


---------------------------------------------------------------------------------------------------
From Clock:  sys_clk
  To Clock:  sys_clk

Setup :            0  Failing Endpoints,  Worst Slack        1.931ns,  Total Violation        0.000ns
Hold  :            0  Failing Endpoints,  Worst Slack        0.393ns,  Total Violation        0.000ns
PW    :            0  Failing Endpoints,  Worst Slack        5.250ns,  Total Violation        0.000ns
---------------------------------------------------------------------------------------------------


Max Delay Paths
--------------------------------------------------------------------------------------
Slack (MET) :             1.931ns  (required time - arrival time)
  Source:                 a_reg_reg[1]/C
                            (rising edge-triggered cell FDCE clocked by sys_clk  {rise@0.000ns fall@5.750ns period=11.500ns})
  Destination:            middle_pipe_reg[16]/D
                            (rising edge-triggered cell FDCE clocked by sys_clk  {rise@0.000ns fall@5.750ns period=11.500ns})
  Path Group:             sys_clk
  Path Type:              Setup (Max at Slow Process Corner)
  Requirement:            11.500ns  (sys_clk rise@11.500ns - sys_clk rise@0.000ns)
  Data Path Delay:        9.538ns  (logic 5.213ns (54.654%)  route 4.325ns (45.346%))
  Logic Levels:           13  (CARRY4=8 LUT2=2 LUT4=1 LUT6=2)
  Clock Path Skew:        -0.057ns (DCD - SCD + CPR)
    Destination Clock Delay (DCD):    4.634ns = ( 16.134 - 11.500 ) 
    Source Clock Delay      (SCD):    5.149ns
    Clock Pessimism Removal (CPR):    0.458ns
  Clock Uncertainty:      0.035ns  ((TSJ^2 + TIJ^2)^1/2 + DJ) / 2 + PE
    Total System Jitter     (TSJ):    0.071ns
    Total Input Jitter      (TIJ):    0.000ns
    Discrete Jitter          (DJ):    0.000ns
    Phase Error              (PE):    0.000ns

    Location             Delay type                Incr(ns)  Path(ns)    Netlist Resource(s)
  -------------------------------------------------------------------    -------------------
                         (clock sys_clk rise edge)    0.000     0.000 r  <hidden>
    U14                                               0.000     0.000 r  clk
                         net (fo=0)                   0.000     0.000    clk
    U14                  IBUF (Prop_ibuf_I_O)         1.075     1.075 r  clk_IBUF_inst/O
                         net (fo=1, routed)           2.205     3.280    clk_IBUF
    BUFGCTRL_X0Y16       BUFG (Prop_bufg_I_O)         0.101     3.381 r  clk_IBUF_BUFG_inst/O
                         net (fo=60, routed)          1.768     5.149    clk_IBUF_BUFG
    SLICE_X102Y72        FDCE                                         r  a_reg_reg[1]/C
  -------------------------------------------------------------------    -------------------
    SLICE_X102Y72        FDCE (Prop_fdce_C_Q)         0.518     5.667 r  a_reg_reg[1]/Q
                         net (fo=4, routed)           0.809     6.476    a_reg[1]
    SLICE_X101Y72        LUT2 (Prop_lut2_I0_O)        0.124     6.600 r  middle_pipe[11]_i_24/O
                         net (fo=1, routed)           0.000     6.600    middle_pipe[11]_i_24_n_0
    SLICE_X101Y72        CARRY4 (Prop_carry4_S[1]_CO[3])
                                                      0.550     7.150 r  middle_pipe_reg[11]_i_11/CO[3]
                         net (fo=1, routed)           0.000     7.150    middle_pipe_reg[11]_i_11_n_0
    SLICE_X101Y73        CARRY4 (Prop_carry4_CI_O[1])
                                                      0.334     7.484 f  middle_pipe_reg[16]_i_9/O[1]
                         net (fo=19, routed)          0.702     8.186    sum_ab[5]
    SLICE_X102Y74        LUT2 (Prop_lut2_I0_O)        0.295     8.481 r  middle_pipe[7]_i_21/O
                         net (fo=1, routed)           0.581     9.062    middle_pipe[7]_i_21_n_0
    SLICE_X99Y73         LUT6 (Prop_lut6_I3_O)        0.328     9.390 r  middle_pipe[7]_i_17/O
                         net (fo=1, routed)           0.000     9.390    middle_pipe[7]_i_17_n_0
    SLICE_X99Y73         CARRY4 (Prop_carry4_S[3]_CO[3])
                                                      0.401     9.791 r  middle_pipe_reg[7]_i_8/CO[3]
                         net (fo=1, routed)           0.000     9.791    middle_pipe_reg[7]_i_8_n_0
    SLICE_X99Y74         CARRY4 (Prop_carry4_CI_O[0])
                                                      0.222    10.013 r  middle_pipe_reg[15]_i_25/O[0]
                         net (fo=2, routed)           0.692    10.705    middle_pipe_reg[15]_i_25_n_7
    SLICE_X98Y75         LUT4 (Prop_lut4_I3_O)        0.323    11.028 f  middle_pipe[11]_i_14/O
                         net (fo=4, routed)           0.482    11.510    middle_pipe[11]_i_14_n_0
    SLICE_X98Y75         LUT6 (Prop_lut6_I2_O)        0.328    11.838 r  middle_pipe[11]_i_4/O
                         net (fo=1, routed)           0.627    12.465    middle_pipe[11]_i_4_n_0
    SLICE_X99Y76         CARRY4 (Prop_carry4_DI[2]_CO[3])
                                                      0.398    12.863 r  middle_pipe_reg[11]_i_2/CO[3]
                         net (fo=1, routed)           0.000    12.863    middle_pipe_reg[11]_i_2_n_0
    SLICE_X99Y77         CARRY4 (Prop_carry4_CI_O[1])
                                                      0.334    13.197 r  middle_pipe_reg[15]_i_2/O[1]
                         net (fo=1, routed)           0.432    13.629    mult_c[12]
    SLICE_X101Y78        CARRY4 (Prop_carry4_S[0]_CO[3])
                                                      0.835    14.464 r  middle_pipe_reg[15]_i_1/CO[3]
                         net (fo=1, routed)           0.000    14.464    middle_pipe_reg[15]_i_1_n_0
    SLICE_X101Y79        CARRY4 (Prop_carry4_CI_O[0])
                                                      0.223    14.687 r  middle_pipe_reg[16]_i_1/O[0]
                         net (fo=1, routed)           0.000    14.687    middle[16]
    SLICE_X101Y79        FDCE                                         r  middle_pipe_reg[16]/D
  -------------------------------------------------------------------    -------------------

                         (clock sys_clk rise edge)   11.500    11.500 r  <hidden>
    U14                                               0.000    11.500 r  clk
                         net (fo=0)                   0.000    11.500    clk
    U14                  IBUF (Prop_ibuf_I_O)         0.940    12.440 r  clk_IBUF_inst/O
                         net (fo=1, routed)           2.006    14.446    clk_IBUF
    BUFGCTRL_X0Y16       BUFG (Prop_bufg_I_O)         0.091    14.537 r  clk_IBUF_BUFG_inst/O
                         net (fo=60, routed)          1.597    16.134    clk_IBUF_BUFG
    SLICE_X101Y79        FDCE                                         r  middle_pipe_reg[16]/C
                         clock pessimism              0.458    16.592    <hidden>
                         clock uncertainty           -0.035    16.556    <hidden>
    SLICE_X101Y79        FDCE (Setup_fdce_C_D)        0.062    16.618    middle_pipe_reg[16]
  -------------------------------------------------------------------
                         required time                         16.618    <hidden>
                         arrival time                         -14.687    <hidden>
  -------------------------------------------------------------------
                         slack                                  1.931    <hidden>

Slack (MET) :             2.079ns  (required time - arrival time)
  Source:                 a_reg_reg[1]/C
                            (rising edge-triggered cell FDCE clocked by sys_clk  {rise@0.000ns fall@5.750ns period=11.500ns})
  Destination:            middle_pipe_reg[15]/D
                            (rising edge-triggered cell FDCE clocked by sys_clk  {rise@0.000ns fall@5.750ns period=11.500ns})
  Path Group:             sys_clk
  Path Type:              Setup (Max at Slow Process Corner)
  Requirement:            11.500ns  (sys_clk rise@11.500ns - sys_clk rise@0.000ns)
  Data Path Delay:        9.389ns  (logic 5.064ns (53.934%)  route 4.325ns (46.066%))
  Logic Levels:           12  (CARRY4=7 LUT2=2 LUT4=1 LUT6=2)
  Clock Path Skew:        -0.058ns (DCD - SCD + CPR)
    Destination Clock Delay (DCD):    4.633ns = ( 16.133 - 11.500 ) 
    Source Clock Delay      (SCD):    5.149ns
    Clock Pessimism Removal (CPR):    0.458ns
  Clock Uncertainty:      0.035ns  ((TSJ^2 + TIJ^2)^1/2 + DJ) / 2 + PE
    Total System Jitter     (TSJ):    0.071ns
    Total Input Jitter      (TIJ):    0.000ns
    Discrete Jitter          (DJ):    0.000ns
    Phase Error              (PE):    0.000ns

    Location             Delay type                Incr(ns)  Path(ns)    Netlist Resource(s)
  -------------------------------------------------------------------    -------------------
                         (clock sys_clk rise edge)    0.000     0.000 r  <hidden>
    U14                                               0.000     0.000 r  clk
                         net (fo=0)                   0.000     0.000    clk
    U14                  IBUF (Prop_ibuf_I_O)         1.075     1.075 r  clk_IBUF_inst/O
                         net (fo=1, routed)           2.205     3.280    clk_IBUF
    BUFGCTRL_X0Y16       BUFG (Prop_bufg_I_O)         0.101     3.381 r  clk_IBUF_BUFG_inst/O
                         net (fo=60, routed)          1.768     5.149    clk_IBUF_BUFG
    SLICE_X102Y72        FDCE                                         r  a_reg_reg[1]/C
  -------------------------------------------------------------------    -------------------
    SLICE_X102Y72        FDCE (Prop_fdce_C_Q)         0.518     5.667 r  a_reg_reg[1]/Q
                         net (fo=4, routed)           0.809     6.476    a_reg[1]
    SLICE_X101Y72        LUT2 (Prop_lut2_I0_O)        0.124     6.600 r  middle_pipe[11]_i_24/O
                         net (fo=1, routed)           0.000     6.600    middle_pipe[11]_i_24_n_0
    SLICE_X101Y72        CARRY4 (Prop_carry4_S[1]_CO[3])
                                                      0.550     7.150 r  middle_pipe_reg[11]_i_11/CO[3]
                         net (fo=1, routed)           0.000     7.150    middle_pipe_reg[11]_i_11_n_0
    SLICE_X101Y73        CARRY4 (Prop_carry4_CI_O[1])
                                                      0.334     7.484 f  middle_pipe_reg[16]_i_9/O[1]
                         net (fo=19, routed)          0.702     8.186    sum_ab[5]
    SLICE_X102Y74        LUT2 (Prop_lut2_I0_O)        0.295     8.481 r  middle_pipe[7]_i_21/O
                         net (fo=1, routed)           0.581     9.062    middle_pipe[7]_i_21_n_0
    SLICE_X99Y73         LUT6 (Prop_lut6_I3_O)        0.328     9.390 r  middle_pipe[7]_i_17/O
                         net (fo=1, routed)           0.000     9.390    middle_pipe[7]_i_17_n_0
    SLICE_X99Y73         CARRY4 (Prop_carry4_S[3]_CO[3])
                                                      0.401     9.791 r  middle_pipe_reg[7]_i_8/CO[3]
                         net (fo=1, routed)           0.000     9.791    middle_pipe_reg[7]_i_8_n_0
    SLICE_X99Y74         CARRY4 (Prop_carry4_CI_O[0])
                                                      0.222    10.013 r  middle_pipe_reg[15]_i_25/O[0]
                         net (fo=2, routed)           0.692    10.705    middle_pipe_reg[15]_i_25_n_7
    SLICE_X98Y75         LUT4 (Prop_lut4_I3_O)        0.323    11.028 f  middle_pipe[11]_i_14/O
                         net (fo=4, routed)           0.482    11.510    middle_pipe[11]_i_14_n_0
    SLICE_X98Y75         LUT6 (Prop_lut6_I2_O)        0.328    11.838 r  middle_pipe[11]_i_4/O
                         net (fo=1, routed)           0.627    12.465    middle_pipe[11]_i_4_n_0
    SLICE_X99Y76         CARRY4 (Prop_carry4_DI[2]_CO[3])
                                                      0.398    12.863 r  middle_pipe_reg[11]_i_2/CO[3]
                         net (fo=1, routed)           0.000    12.863    middle_pipe_reg[11]_i_2_n_0
    SLICE_X99Y77         CARRY4 (Prop_carry4_CI_O[1])
                                                      0.334    13.197 r  middle_pipe_reg[15]_i_2/O[1]
                         net (fo=1, routed)           0.432    13.629    mult_c[12]
    SLICE_X101Y78        CARRY4 (Prop_carry4_S[0]_O[3])
                                                      0.909    14.538 r  middle_pipe_reg[15]_i_1/O[3]
                         net (fo=1, routed)           0.000    14.538    middle[15]
    SLICE_X101Y78        FDCE                                         r  middle_pipe_reg[15]/D
  -------------------------------------------------------------------    -------------------

                         (clock sys_clk rise edge)   11.500    11.500 r  <hidden>
    U14                                               0.000    11.500 r  clk
                         net (fo=0)                   0.000    11.500    clk
    U14                  IBUF (Prop_ibuf_I_O)         0.940    12.440 r  clk_IBUF_inst/O
                         net (fo=1, routed)           2.006    14.446    clk_IBUF
    BUFGCTRL_X0Y16       BUFG (Prop_bufg_I_O)         0.091    14.537 r  clk_IBUF_BUFG_inst/O
                         net (fo=60, routed)          1.596    16.133    clk_IBUF_BUFG
    SLICE_X101Y78        FDCE                                         r  middle_pipe_reg[15]/C
                         clock pessimism              0.458    16.591    <hidden>
                         clock uncertainty           -0.035    16.555    <hidden>
    SLICE_X101Y78        FDCE (Setup_fdce_C_D)        0.062    16.617    middle_pipe_reg[15]
  -------------------------------------------------------------------
                         required time                         16.617    <hidden>
                         arrival time                         -14.538    <hidden>
  -------------------------------------------------------------------
                         slack                                  2.079    <hidden>

Slack (MET) :             2.138ns  (required time - arrival time)
  Source:                 a_reg_reg[1]/C
                            (rising edge-triggered cell FDCE clocked by sys_clk  {rise@0.000ns fall@5.750ns period=11.500ns})
  Destination:            middle_pipe_reg[14]/D
                            (rising edge-triggered cell FDCE clocked by sys_clk  {rise@0.000ns fall@5.750ns period=11.500ns})
  Path Group:             sys_clk
  Path Type:              Setup (Max at Slow Process Corner)
  Requirement:            11.500ns  (sys_clk rise@11.500ns - sys_clk rise@0.000ns)
  Data Path Delay:        9.330ns  (logic 5.005ns (53.643%)  route 4.325ns (46.357%))
  Logic Levels:           12  (CARRY4=7 LUT2=2 LUT4=1 LUT6=2)
  Clock Path Skew:        -0.058ns (DCD - SCD + CPR)
    Destination Clock Delay (DCD):    4.633ns = ( 16.133 - 11.500 ) 
    Source Clock Delay      (SCD):    5.149ns
    Clock Pessimism Removal (CPR):    0.458ns
  Clock Uncertainty:      0.035ns  ((TSJ^2 + TIJ^2)^1/2 + DJ) / 2 + PE
    Total System Jitter     (TSJ):    0.071ns
    Total Input Jitter      (TIJ):    0.000ns
    Discrete Jitter          (DJ):    0.000ns
    Phase Error              (PE):    0.000ns

    Location             Delay type                Incr(ns)  Path(ns)    Netlist Resource(s)
  -------------------------------------------------------------------    -------------------
                         (clock sys_clk rise edge)    0.000     0.000 r  <hidden>
    U14                                               0.000     0.000 r  clk
                         net (fo=0)                   0.000     0.000    clk
    U14                  IBUF (Prop_ibuf_I_O)         1.075     1.075 r  clk_IBUF_inst/O
                         net (fo=1, routed)           2.205     3.280    clk_IBUF
    BUFGCTRL_X0Y16       BUFG (Prop_bufg_I_O)         0.101     3.381 r  clk_IBUF_BUFG_inst/O
                         net (fo=60, routed)          1.768     5.149    clk_IBUF_BUFG
    SLICE_X102Y72        FDCE                                         r  a_reg_reg[1]/C
  -------------------------------------------------------------------    -------------------
    SLICE_X102Y72        FDCE (Prop_fdce_C_Q)         0.518     5.667 r  a_reg_reg[1]/Q
                         net (fo=4, routed)           0.809     6.476    a_reg[1]
    SLICE_X101Y72        LUT2 (Prop_lut2_I0_O)        0.124     6.600 r  middle_pipe[11]_i_24/O
                         net (fo=1, routed)           0.000     6.600    middle_pipe[11]_i_24_n_0
    SLICE_X101Y72        CARRY4 (Prop_carry4_S[1]_CO[3])
                                                      0.550     7.150 r  middle_pipe_reg[11]_i_11/CO[3]
                         net (fo=1, routed)           0.000     7.150    middle_pipe_reg[11]_i_11_n_0
    SLICE_X101Y73        CARRY4 (Prop_carry4_CI_O[1])
                                                      0.334     7.484 f  middle_pipe_reg[16]_i_9/O[1]
                         net (fo=19, routed)          0.702     8.186    sum_ab[5]
    SLICE_X102Y74        LUT2 (Prop_lut2_I0_O)        0.295     8.481 r  middle_pipe[7]_i_21/O
                         net (fo=1, routed)           0.581     9.062    middle_pipe[7]_i_21_n_0
    SLICE_X99Y73         LUT6 (Prop_lut6_I3_O)        0.328     9.390 r  middle_pipe[7]_i_17/O
                         net (fo=1, routed)           0.000     9.390    middle_pipe[7]_i_17_n_0
    SLICE_X99Y73         CARRY4 (Prop_carry4_S[3]_CO[3])
                                                      0.401     9.791 r  middle_pipe_reg[7]_i_8/CO[3]
                         net (fo=1, routed)           0.000     9.791    middle_pipe_reg[7]_i_8_n_0
    SLICE_X99Y74         CARRY4 (Prop_carry4_CI_O[0])
                                                      0.222    10.013 r  middle_pipe_reg[15]_i_25/O[0]
                         net (fo=2, routed)           0.692    10.705    middle_pipe_reg[15]_i_25_n_7
    SLICE_X98Y75         LUT4 (Prop_lut4_I3_O)        0.323    11.028 f  middle_pipe[11]_i_14/O
                         net (fo=4, routed)           0.482    11.510    middle_pipe[11]_i_14_n_0
    SLICE_X98Y75         LUT6 (Prop_lut6_I2_O)        0.328    11.838 r  middle_pipe[11]_i_4/O
                         net (fo=1, routed)           0.627    12.465    middle_pipe[11]_i_4_n_0
    SLICE_X99Y76         CARRY4 (Prop_carry4_DI[2]_CO[3])
                                                      0.398    12.863 r  middle_pipe_reg[11]_i_2/CO[3]
                         net (fo=1, routed)           0.000    12.863    middle_pipe_reg[11]_i_2_n_0
    SLICE_X99Y77         CARRY4 (Prop_carry4_CI_O[1])
                                                      0.334    13.197 r  middle_pipe_reg[15]_i_2/O[1]
                         net (fo=1, routed)           0.432    13.629    mult_c[12]
    SLICE_X101Y78        CARRY4 (Prop_carry4_S[0]_O[2])
                                                      0.850    14.479 r  middle_pipe_reg[15]_i_1/O[2]
                         net (fo=1, routed)           0.000    14.479    middle[14]
    SLICE_X101Y78        FDCE                                         r  middle_pipe_reg[14]/D
  -------------------------------------------------------------------    -------------------

                         (clock sys_clk rise edge)   11.500    11.500 r  <hidden>
    U14                                               0.000    11.500 r  clk
                         net (fo=0)                   0.000    11.500    clk
    U14                  IBUF (Prop_ibuf_I_O)         0.940    12.440 r  clk_IBUF_inst/O
                         net (fo=1, routed)           2.006    14.446    clk_IBUF
    BUFGCTRL_X0Y16       BUFG (Prop_bufg_I_O)         0.091    14.537 r  clk_IBUF_BUFG_inst/O
                         net (fo=60, routed)          1.596    16.133    clk_IBUF_BUFG
    SLICE_X101Y78        FDCE                                         r  middle_pipe_reg[14]/C
                         clock pessimism              0.458    16.591    <hidden>
                         clock uncertainty           -0.035    16.555    <hidden>
    SLICE_X101Y78        FDCE (Setup_fdce_C_D)        0.062    16.617    middle_pipe_reg[14]
  -------------------------------------------------------------------
                         required time                         16.617    <hidden>
                         arrival time                         -14.479    <hidden>
  -------------------------------------------------------------------
                         slack                                  2.138    <hidden>

Slack (MET) :             2.206ns  (required time - arrival time)
  Source:                 a_reg_reg[1]/C
                            (rising edge-triggered cell FDCE clocked by sys_clk  {rise@0.000ns fall@5.750ns period=11.500ns})
  Destination:            middle_pipe_reg[13]/D
                            (rising edge-triggered cell FDCE clocked by sys_clk  {rise@0.000ns fall@5.750ns period=11.500ns})
  Path Group:             sys_clk
  Path Type:              Setup (Max at Slow Process Corner)
  Requirement:            11.500ns  (sys_clk rise@11.500ns - sys_clk rise@0.000ns)
  Data Path Delay:        9.262ns  (logic 5.077ns (54.814%)  route 4.185ns (45.186%))
  Logic Levels:           13  (CARRY4=8 LUT2=2 LUT4=1 LUT6=2)
  Clock Path Skew:        -0.058ns (DCD - SCD + CPR)
    Destination Clock Delay (DCD):    4.633ns = ( 16.133 - 11.500 ) 
    Source Clock Delay      (SCD):    5.149ns
    Clock Pessimism Removal (CPR):    0.458ns
  Clock Uncertainty:      0.035ns  ((TSJ^2 + TIJ^2)^1/2 + DJ) / 2 + PE
    Total System Jitter     (TSJ):    0.071ns
    Total Input Jitter      (TIJ):    0.000ns
    Discrete Jitter          (DJ):    0.000ns
    Phase Error              (PE):    0.000ns

    Location             Delay type                Incr(ns)  Path(ns)    Netlist Resource(s)
  -------------------------------------------------------------------    -------------------
                         (clock sys_clk rise edge)    0.000     0.000 r  <hidden>
    U14                                               0.000     0.000 r  clk
                         net (fo=0)                   0.000     0.000    clk
    U14                  IBUF (Prop_ibuf_I_O)         1.075     1.075 r  clk_IBUF_inst/O
                         net (fo=1, routed)           2.205     3.280    clk_IBUF
    BUFGCTRL_X0Y16       BUFG (Prop_bufg_I_O)         0.101     3.381 r  clk_IBUF_BUFG_inst/O
                         net (fo=60, routed)          1.768     5.149    clk_IBUF_BUFG
    SLICE_X102Y72        FDCE                                         r  a_reg_reg[1]/C
  -------------------------------------------------------------------    -------------------
    SLICE_X102Y72        FDCE (Prop_fdce_C_Q)         0.518     5.667 r  a_reg_reg[1]/Q
                         net (fo=4, routed)           0.809     6.476    a_reg[1]
    SLICE_X101Y72        LUT2 (Prop_lut2_I0_O)        0.124     6.600 r  middle_pipe[11]_i_24/O
                         net (fo=1, routed)           0.000     6.600    middle_pipe[11]_i_24_n_0
    SLICE_X101Y72        CARRY4 (Prop_carry4_S[1]_CO[3])
                                                      0.550     7.150 r  middle_pipe_reg[11]_i_11/CO[3]
                         net (fo=1, routed)           0.000     7.150    middle_pipe_reg[11]_i_11_n_0
    SLICE_X101Y73        CARRY4 (Prop_carry4_CI_O[1])
                                                      0.334     7.484 f  middle_pipe_reg[16]_i_9/O[1]
                         net (fo=19, routed)          0.702     8.186    sum_ab[5]
    SLICE_X102Y74        LUT2 (Prop_lut2_I0_O)        0.295     8.481 r  middle_pipe[7]_i_21/O
                         net (fo=1, routed)           0.581     9.062    middle_pipe[7]_i_21_n_0
    SLICE_X99Y73         LUT6 (Prop_lut6_I3_O)        0.328     9.390 r  middle_pipe[7]_i_17/O
                         net (fo=1, routed)           0.000     9.390    middle_pipe[7]_i_17_n_0
    SLICE_X99Y73         CARRY4 (Prop_carry4_S[3]_CO[3])
                                                      0.401     9.791 r  middle_pipe_reg[7]_i_8/CO[3]
                         net (fo=1, routed)           0.000     9.791    middle_pipe_reg[7]_i_8_n_0
    SLICE_X99Y74         CARRY4 (Prop_carry4_CI_O[0])
                                                      0.222    10.013 r  middle_pipe_reg[15]_i_25/O[0]
                         net (fo=2, routed)           0.692    10.705    middle_pipe_reg[15]_i_25_n_7
    SLICE_X98Y75         LUT4 (Prop_lut4_I3_O)        0.323    11.028 f  middle_pipe[11]_i_14/O
                         net (fo=4, routed)           0.482    11.510    middle_pipe[11]_i_14_n_0
    SLICE_X98Y75         LUT6 (Prop_lut6_I2_O)        0.328    11.838 r  middle_pipe[11]_i_4/O
                         net (fo=1, routed)           0.627    12.465    middle_pipe[11]_i_4_n_0
    SLICE_X99Y76         CARRY4 (Prop_carry4_DI[2]_CO[3])
                                                      0.398    12.863 r  middle_pipe_reg[11]_i_2/CO[3]
                         net (fo=1, routed)           0.000    12.863    middle_pipe_reg[11]_i_2_n_0
    SLICE_X99Y77         CARRY4 (Prop_carry4_CI_O[0])
                                                      0.222    13.085 r  middle_pipe_reg[15]_i_2/O[0]
                         net (fo=1, routed)           0.292    13.377    mult_c[11]
    SLICE_X101Y77        CARRY4 (Prop_carry4_S[3]_CO[3])
                                                      0.700    14.077 r  middle_pipe_reg[11]_i_1/CO[3]
                         net (fo=1, routed)           0.000    14.077    middle_pipe_reg[11]_i_1_n_0
    SLICE_X101Y78        CARRY4 (Prop_carry4_CI_O[1])
                                                      0.334    14.411 r  middle_pipe_reg[15]_i_1/O[1]
                         net (fo=1, routed)           0.000    14.411    middle[13]
    SLICE_X101Y78        FDCE                                         r  middle_pipe_reg[13]/D
  -------------------------------------------------------------------    -------------------

                         (clock sys_clk rise edge)   11.500    11.500 r  <hidden>
    U14                                               0.000    11.500 r  clk
                         net (fo=0)                   0.000    11.500    clk
    U14                  IBUF (Prop_ibuf_I_O)         0.940    12.440 r  clk_IBUF_inst/O
                         net (fo=1, routed)           2.006    14.446    clk_IBUF
    BUFGCTRL_X0Y16       BUFG (Prop_bufg_I_O)         0.091    14.537 r  clk_IBUF_BUFG_inst/O
                         net (fo=60, routed)          1.596    16.133    clk_IBUF_BUFG
    SLICE_X101Y78        FDCE                                         r  middle_pipe_reg[13]/C
                         clock pessimism              0.458    16.591    <hidden>
                         clock uncertainty           -0.035    16.555    <hidden>
    SLICE_X101Y78        FDCE (Setup_fdce_C_D)        0.062    16.617    middle_pipe_reg[13]
  -------------------------------------------------------------------
                         required time                         16.617    <hidden>
                         arrival time                         -14.411    <hidden>
  -------------------------------------------------------------------
                         slack                                  2.206    <hidden>

Slack (MET) :             2.317ns  (required time - arrival time)
  Source:                 a_reg_reg[1]/C
                            (rising edge-triggered cell FDCE clocked by sys_clk  {rise@0.000ns fall@5.750ns period=11.500ns})
  Destination:            middle_pipe_reg[12]/D
                            (rising edge-triggered cell FDCE clocked by sys_clk  {rise@0.000ns fall@5.750ns period=11.500ns})
  Path Group:             sys_clk
  Path Type:              Setup (Max at Slow Process Corner)
  Requirement:            11.500ns  (sys_clk rise@11.500ns - sys_clk rise@0.000ns)
  Data Path Delay:        9.151ns  (logic 4.966ns (54.266%)  route 4.185ns (45.734%))
  Logic Levels:           13  (CARRY4=8 LUT2=2 LUT4=1 LUT6=2)
  Clock Path Skew:        -0.058ns (DCD - SCD + CPR)
    Destination Clock Delay (DCD):    4.633ns = ( 16.133 - 11.500 ) 
    Source Clock Delay      (SCD):    5.149ns
    Clock Pessimism Removal (CPR):    0.458ns
  Clock Uncertainty:      0.035ns  ((TSJ^2 + TIJ^2)^1/2 + DJ) / 2 + PE
    Total System Jitter     (TSJ):    0.071ns
    Total Input Jitter      (TIJ):    0.000ns
    Discrete Jitter          (DJ):    0.000ns
    Phase Error              (PE):    0.000ns

    Location             Delay type                Incr(ns)  Path(ns)    Netlist Resource(s)
  -------------------------------------------------------------------    -------------------
                         (clock sys_clk rise edge)    0.000     0.000 r  <hidden>
    U14                                               0.000     0.000 r  clk
                         net (fo=0)                   0.000     0.000    clk
    U14                  IBUF (Prop_ibuf_I_O)         1.075     1.075 r  clk_IBUF_inst/O
                         net (fo=1, routed)           2.205     3.280    clk_IBUF
    BUFGCTRL_X0Y16       BUFG (Prop_bufg_I_O)         0.101     3.381 r  clk_IBUF_BUFG_inst/O
                         net (fo=60, routed)          1.768     5.149    clk_IBUF_BUFG
    SLICE_X102Y72        FDCE                                         r  a_reg_reg[1]/C
  -------------------------------------------------------------------    -------------------
    SLICE_X102Y72        FDCE (Prop_fdce_C_Q)         0.518     5.667 r  a_reg_reg[1]/Q
                         net (fo=4, routed)           0.809     6.476    a_reg[1]
    SLICE_X101Y72        LUT2 (Prop_lut2_I0_O)        0.124     6.600 r  middle_pipe[11]_i_24/O
                         net (fo=1, routed)           0.000     6.600    middle_pipe[11]_i_24_n_0
    SLICE_X101Y72        CARRY4 (Prop_carry4_S[1]_CO[3])
                                                      0.550     7.150 r  middle_pipe_reg[11]_i_11/CO[3]
                         net (fo=1, routed)           0.000     7.150    middle_pipe_reg[11]_i_11_n_0
    SLICE_X101Y73        CARRY4 (Prop_carry4_CI_O[1])
                                                      0.334     7.484 f  middle_pipe_reg[16]_i_9/O[1]
                         net (fo=19, routed)          0.702     8.186    sum_ab[5]
    SLICE_X102Y74        LUT2 (Prop_lut2_I0_O)        0.295     8.481 r  middle_pipe[7]_i_21/O
                         net (fo=1, routed)           0.581     9.062    middle_pipe[7]_i_21_n_0
    SLICE_X99Y73         LUT6 (Prop_lut6_I3_O)        0.328     9.390 r  middle_pipe[7]_i_17/O
                         net (fo=1, routed)           0.000     9.390    middle_pipe[7]_i_17_n_0
    SLICE_X99Y73         CARRY4 (Prop_carry4_S[3]_CO[3])
                                                      0.401     9.791 r  middle_pipe_reg[7]_i_8/CO[3]
                         net (fo=1, routed)           0.000     9.791    middle_pipe_reg[7]_i_8_n_0
    SLICE_X99Y74         CARRY4 (Prop_carry4_CI_O[0])
                                                      0.222    10.013 r  middle_pipe_reg[15]_i_25/O[0]
                         net (fo=2, routed)           0.692    10.705    middle_pipe_reg[15]_i_25_n_7
    SLICE_X98Y75         LUT4 (Prop_lut4_I3_O)        0.323    11.028 f  middle_pipe[11]_i_14/O
                         net (fo=4, routed)           0.482    11.510    middle_pipe[11]_i_14_n_0
    SLICE_X98Y75         LUT6 (Prop_lut6_I2_O)        0.328    11.838 r  middle_pipe[11]_i_4/O
                         net (fo=1, routed)           0.627    12.465    middle_pipe[11]_i_4_n_0
    SLICE_X99Y76         CARRY4 (Prop_carry4_DI[2]_CO[3])
                                                      0.398    12.863 r  middle_pipe_reg[11]_i_2/CO[3]
                         net (fo=1, routed)           0.000    12.863    middle_pipe_reg[11]_i_2_n_0
    SLICE_X99Y77         CARRY4 (Prop_carry4_CI_O[0])
                                                      0.222    13.085 r  middle_pipe_reg[15]_i_2/O[0]
                         net (fo=1, routed)           0.292    13.377    mult_c[11]
    SLICE_X101Y77        CARRY4 (Prop_carry4_S[3]_CO[3])
                                                      0.700    14.077 r  middle_pipe_reg[11]_i_1/CO[3]
                         net (fo=1, routed)           0.000    14.077    middle_pipe_reg[11]_i_1_n_0
    SLICE_X101Y78        CARRY4 (Prop_carry4_CI_O[0])
                                                      0.223    14.300 r  middle_pipe_reg[15]_i_1/O[0]
                         net (fo=1, routed)           0.000    14.300    middle[12]
    SLICE_X101Y78        FDCE                                         r  middle_pipe_reg[12]/D
  -------------------------------------------------------------------    -------------------

                         (clock sys_clk rise edge)   11.500    11.500 r  <hidden>
    U14                                               0.000    11.500 r  clk
                         net (fo=0)                   0.000    11.500    clk
    U14                  IBUF (Prop_ibuf_I_O)         0.940    12.440 r  clk_IBUF_inst/O
                         net (fo=1, routed)           2.006    14.446    clk_IBUF
    BUFGCTRL_X0Y16       BUFG (Prop_bufg_I_O)         0.091    14.537 r  clk_IBUF_BUFG_inst/O
                         net (fo=60, routed)          1.596    16.133    clk_IBUF_BUFG
    SLICE_X101Y78        FDCE                                         r  middle_pipe_reg[12]/C
                         clock pessimism              0.458    16.591    <hidden>
                         clock uncertainty           -0.035    16.555    <hidden>
    SLICE_X101Y78        FDCE (Setup_fdce_C_D)        0.062    16.617    middle_pipe_reg[12]
  -------------------------------------------------------------------
                         required time                         16.617    <hidden>
                         arrival time                         -14.300    <hidden>
  -------------------------------------------------------------------
                         slack                                  2.317    <hidden>

Slack (MET) :             2.511ns  (required time - arrival time)
  Source:                 a_reg_reg[1]/C
                            (rising edge-triggered cell FDCE clocked by sys_clk  {rise@0.000ns fall@5.750ns period=11.500ns})
  Destination:            middle_pipe_reg[11]/D
                            (rising edge-triggered cell FDCE clocked by sys_clk  {rise@0.000ns fall@5.750ns period=11.500ns})
  Path Group:             sys_clk
  Path Type:              Setup (Max at Slow Process Corner)
  Requirement:            11.500ns  (sys_clk rise@11.500ns - sys_clk rise@0.000ns)
  Data Path Delay:        8.956ns  (logic 4.902ns (54.734%)  route 4.054ns (45.266%))
  Logic Levels:           11  (CARRY4=6 LUT2=2 LUT4=1 LUT6=2)
  Clock Path Skew:        -0.060ns (DCD - SCD + CPR)
    Destination Clock Delay (DCD):    4.631ns = ( 16.131 - 11.500 ) 
    Source Clock Delay      (SCD):    5.149ns
    Clock Pessimism Removal (CPR):    0.458ns
  Clock Uncertainty:      0.035ns  ((TSJ^2 + TIJ^2)^1/2 + DJ) / 2 + PE
    Total System Jitter     (TSJ):    0.071ns
    Total Input Jitter      (TIJ):    0.000ns
    Discrete Jitter          (DJ):    0.000ns
    Phase Error              (PE):    0.000ns

    Location             Delay type                Incr(ns)  Path(ns)    Netlist Resource(s)
  -------------------------------------------------------------------    -------------------
                         (clock sys_clk rise edge)    0.000     0.000 r  <hidden>
    U14                                               0.000     0.000 r  clk
                         net (fo=0)                   0.000     0.000    clk
    U14                  IBUF (Prop_ibuf_I_O)         1.075     1.075 r  clk_IBUF_inst/O
                         net (fo=1, routed)           2.205     3.280    clk_IBUF
    BUFGCTRL_X0Y16       BUFG (Prop_bufg_I_O)         0.101     3.381 r  clk_IBUF_BUFG_inst/O
                         net (fo=60, routed)          1.768     5.149    clk_IBUF_BUFG
    SLICE_X102Y72        FDCE                                         r  a_reg_reg[1]/C
  -------------------------------------------------------------------    -------------------
    SLICE_X102Y72        FDCE (Prop_fdce_C_Q)         0.518     5.667 r  a_reg_reg[1]/Q
                         net (fo=4, routed)           0.809     6.476    a_reg[1]
    SLICE_X101Y72        LUT2 (Prop_lut2_I0_O)        0.124     6.600 r  middle_pipe[11]_i_24/O
                         net (fo=1, routed)           0.000     6.600    middle_pipe[11]_i_24_n_0
    SLICE_X101Y72        CARRY4 (Prop_carry4_S[1]_CO[3])
                                                      0.550     7.150 r  middle_pipe_reg[11]_i_11/CO[3]
                         net (fo=1, routed)           0.000     7.150    middle_pipe_reg[11]_i_11_n_0
    SLICE_X101Y73        CARRY4 (Prop_carry4_CI_O[1])
                                                      0.334     7.484 f  middle_pipe_reg[16]_i_9/O[1]
                         net (fo=19, routed)          0.702     8.186    sum_ab[5]
    SLICE_X102Y74        LUT2 (Prop_lut2_I0_O)        0.295     8.481 r  middle_pipe[7]_i_21/O
                         net (fo=1, routed)           0.581     9.062    middle_pipe[7]_i_21_n_0
    SLICE_X99Y73         LUT6 (Prop_lut6_I3_O)        0.328     9.390 r  middle_pipe[7]_i_17/O
                         net (fo=1, routed)           0.000     9.390    middle_pipe[7]_i_17_n_0
    SLICE_X99Y73         CARRY4 (Prop_carry4_S[3]_CO[3])
                                                      0.401     9.791 r  middle_pipe_reg[7]_i_8/CO[3]
                         net (fo=1, routed)           0.000     9.791    middle_pipe_reg[7]_i_8_n_0
    SLICE_X99Y74         CARRY4 (Prop_carry4_CI_O[0])
                                                      0.222    10.013 r  middle_pipe_reg[15]_i_25/O[0]
                         net (fo=2, routed)           0.692    10.705    middle_pipe_reg[15]_i_25_n_7
    SLICE_X98Y75         LUT4 (Prop_lut4_I3_O)        0.323    11.028 r  middle_pipe[11]_i_14/O
                         net (fo=4, routed)           0.499    11.527    middle_pipe[11]_i_14_n_0
    SLICE_X98Y75         LUT6 (Prop_lut6_I0_O)        0.328    11.855 r  middle_pipe[11]_i_5/O
                         net (fo=1, routed)           0.331    12.186    middle_pipe[11]_i_5_n_0
    SLICE_X99Y76         CARRY4 (Prop_carry4_DI[1]_O[2])
                                                      0.537    12.723 r  middle_pipe_reg[11]_i_2/O[2]
                         net (fo=1, routed)           0.440    13.163    mult_c[9]
    SLICE_X101Y77        CARRY4 (Prop_carry4_S[1]_O[3])
                                                      0.942    14.105 r  middle_pipe_reg[11]_i_1/O[3]
                         net (fo=1, routed)           0.000    14.105    middle[11]
    SLICE_X101Y77        FDCE                                         r  middle_pipe_reg[11]/D
  -------------------------------------------------------------------    -------------------

                         (clock sys_clk rise edge)   11.500    11.500 r  <hidden>
    U14                                               0.000    11.500 r  clk
                         net (fo=0)                   0.000    11.500    clk
    U14                  IBUF (Prop_ibuf_I_O)         0.940    12.440 r  clk_IBUF_inst/O
                         net (fo=1, routed)           2.006    14.446    clk_IBUF
    BUFGCTRL_X0Y16       BUFG (Prop_bufg_I_O)         0.091    14.537 r  clk_IBUF_BUFG_inst/O
                         net (fo=60, routed)          1.594    16.131    clk_IBUF_BUFG
    SLICE_X101Y77        FDCE                                         r  middle_pipe_reg[11]/C
                         clock pessimism              0.458    16.589    <hidden>
                         clock uncertainty           -0.035    16.553    <hidden>
    SLICE_X101Y77        FDCE (Setup_fdce_C_D)        0.062    16.615    middle_pipe_reg[11]
  -------------------------------------------------------------------
                         required time                         16.615    <hidden>
                         arrival time                         -14.105    <hidden>
  -------------------------------------------------------------------
                         slack                                  2.511    <hidden>

Slack (MET) :             2.571ns  (required time - arrival time)
  Source:                 a_reg_reg[1]/C
                            (rising edge-triggered cell FDCE clocked by sys_clk  {rise@0.000ns fall@5.750ns period=11.500ns})
  Destination:            middle_pipe_reg[10]/D
                            (rising edge-triggered cell FDCE clocked by sys_clk  {rise@0.000ns fall@5.750ns period=11.500ns})
  Path Group:             sys_clk
  Path Type:              Setup (Max at Slow Process Corner)
  Requirement:            11.500ns  (sys_clk rise@11.500ns - sys_clk rise@0.000ns)
  Data Path Delay:        8.896ns  (logic 4.842ns (54.428%)  route 4.054ns (45.572%))
  Logic Levels:           11  (CARRY4=6 LUT2=2 LUT4=1 LUT6=2)
  Clock Path Skew:        -0.060ns (DCD - SCD + CPR)
    Destination Clock Delay (DCD):    4.631ns = ( 16.131 - 11.500 ) 
    Source Clock Delay      (SCD):    5.149ns
    Clock Pessimism Removal (CPR):    0.458ns
  Clock Uncertainty:      0.035ns  ((TSJ^2 + TIJ^2)^1/2 + DJ) / 2 + PE
    Total System Jitter     (TSJ):    0.071ns
    Total Input Jitter      (TIJ):    0.000ns
    Discrete Jitter          (DJ):    0.000ns
    Phase Error              (PE):    0.000ns

    Location             Delay type                Incr(ns)  Path(ns)    Netlist Resource(s)
  -------------------------------------------------------------------    -------------------
                         (clock sys_clk rise edge)    0.000     0.000 r  <hidden>
    U14                                               0.000     0.000 r  clk
                         net (fo=0)                   0.000     0.000    clk
    U14                  IBUF (Prop_ibuf_I_O)         1.075     1.075 r  clk_IBUF_inst/O
                         net (fo=1, routed)           2.205     3.280    clk_IBUF
    BUFGCTRL_X0Y16       BUFG (Prop_bufg_I_O)         0.101     3.381 r  clk_IBUF_BUFG_inst/O
                         net (fo=60, routed)          1.768     5.149    clk_IBUF_BUFG
    SLICE_X102Y72        FDCE                                         r  a_reg_reg[1]/C
  -------------------------------------------------------------------    -------------------
    SLICE_X102Y72        FDCE (Prop_fdce_C_Q)         0.518     5.667 r  a_reg_reg[1]/Q
                         net (fo=4, routed)           0.809     6.476    a_reg[1]
    SLICE_X101Y72        LUT2 (Prop_lut2_I0_O)        0.124     6.600 r  middle_pipe[11]_i_24/O
                         net (fo=1, routed)           0.000     6.600    middle_pipe[11]_i_24_n_0
    SLICE_X101Y72        CARRY4 (Prop_carry4_S[1]_CO[3])
                                                      0.550     7.150 r  middle_pipe_reg[11]_i_11/CO[3]
                         net (fo=1, routed)           0.000     7.150    middle_pipe_reg[11]_i_11_n_0
    SLICE_X101Y73        CARRY4 (Prop_carry4_CI_O[1])
                                                      0.334     7.484 f  middle_pipe_reg[16]_i_9/O[1]
                         net (fo=19, routed)          0.702     8.186    sum_ab[5]
    SLICE_X102Y74        LUT2 (Prop_lut2_I0_O)        0.295     8.481 r  middle_pipe[7]_i_21/O
                         net (fo=1, routed)           0.581     9.062    middle_pipe[7]_i_21_n_0
    SLICE_X99Y73         LUT6 (Prop_lut6_I3_O)        0.328     9.390 r  middle_pipe[7]_i_17/O
                         net (fo=1, routed)           0.000     9.390    middle_pipe[7]_i_17_n_0
    SLICE_X99Y73         CARRY4 (Prop_carry4_S[3]_CO[3])
                                                      0.401     9.791 r  middle_pipe_reg[7]_i_8/CO[3]
                         net (fo=1, routed)           0.000     9.791    middle_pipe_reg[7]_i_8_n_0
    SLICE_X99Y74         CARRY4 (Prop_carry4_CI_O[0])
                                                      0.222    10.013 r  middle_pipe_reg[15]_i_25/O[0]
                         net (fo=2, routed)           0.692    10.705    middle_pipe_reg[15]_i_25_n_7
    SLICE_X98Y75         LUT4 (Prop_lut4_I3_O)        0.323    11.028 r  middle_pipe[11]_i_14/O
                         net (fo=4, routed)           0.499    11.527    middle_pipe[11]_i_14_n_0
    SLICE_X98Y75         LUT6 (Prop_lut6_I0_O)        0.328    11.855 r  middle_pipe[11]_i_5/O
                         net (fo=1, routed)           0.331    12.186    middle_pipe[11]_i_5_n_0
    SLICE_X99Y76         CARRY4 (Prop_carry4_DI[1]_O[2])
                                                      0.537    12.723 r  middle_pipe_reg[11]_i_2/O[2]
                         net (fo=1, routed)           0.440    13.163    mult_c[9]
    SLICE_X101Y77        CARRY4 (Prop_carry4_S[1]_O[2])
                                                      0.882    14.045 r  middle_pipe_reg[11]_i_1/O[2]
                         net (fo=1, routed)           0.000    14.045    middle[10]
    SLICE_X101Y77        FDCE                                         r  middle_pipe_reg[10]/D
  -------------------------------------------------------------------    -------------------

                         (clock sys_clk rise edge)   11.500    11.500 r  <hidden>
    U14                                               0.000    11.500 r  clk
                         net (fo=0)                   0.000    11.500    clk
    U14                  IBUF (Prop_ibuf_I_O)         0.940    12.440 r  clk_IBUF_inst/O
                         net (fo=1, routed)           2.006    14.446    clk_IBUF
    BUFGCTRL_X0Y16       BUFG (Prop_bufg_I_O)         0.091    14.537 r  clk_IBUF_BUFG_inst/O
                         net (fo=60, routed)          1.594    16.131    clk_IBUF_BUFG
    SLICE_X101Y77        FDCE                                         r  middle_pipe_reg[10]/C
                         clock pessimism              0.458    16.589    <hidden>
                         clock uncertainty           -0.035    16.553    <hidden>
    SLICE_X101Y77        FDCE (Setup_fdce_C_D)        0.062    16.615    middle_pipe_reg[10]
  -------------------------------------------------------------------
                         required time                         16.615    <hidden>
                         arrival time                         -14.045    <hidden>
  -------------------------------------------------------------------
                         slack                                  2.571    <hidden>

Slack (MET) :             2.924ns  (required time - arrival time)
  Source:                 a_reg_reg[1]/C
                            (rising edge-triggered cell FDCE clocked by sys_clk  {rise@0.000ns fall@5.750ns period=11.500ns})
  Destination:            middle_pipe_reg[9]/D
                            (rising edge-triggered cell FDCE clocked by sys_clk  {rise@0.000ns fall@5.750ns period=11.500ns})
  Path Group:             sys_clk
  Path Type:              Setup (Max at Slow Process Corner)
  Requirement:            11.500ns  (sys_clk rise@11.500ns - sys_clk rise@0.000ns)
  Data Path Delay:        8.543ns  (logic 4.489ns (52.545%)  route 4.054ns (47.455%))
  Logic Levels:           11  (CARRY4=6 LUT2=2 LUT4=1 LUT6=2)
  Clock Path Skew:        -0.060ns (DCD - SCD + CPR)
    Destination Clock Delay (DCD):    4.631ns = ( 16.131 - 11.500 ) 
    Source Clock Delay      (SCD):    5.149ns
    Clock Pessimism Removal (CPR):    0.458ns
  Clock Uncertainty:      0.035ns  ((TSJ^2 + TIJ^2)^1/2 + DJ) / 2 + PE
    Total System Jitter     (TSJ):    0.071ns
    Total Input Jitter      (TIJ):    0.000ns
    Discrete Jitter          (DJ):    0.000ns
    Phase Error              (PE):    0.000ns

    Location             Delay type                Incr(ns)  Path(ns)    Netlist Resource(s)
  -------------------------------------------------------------------    -------------------
                         (clock sys_clk rise edge)    0.000     0.000 r  <hidden>
    U14                                               0.000     0.000 r  clk
                         net (fo=0)                   0.000     0.000    clk
    U14                  IBUF (Prop_ibuf_I_O)         1.075     1.075 r  clk_IBUF_inst/O
                         net (fo=1, routed)           2.205     3.280    clk_IBUF
    BUFGCTRL_X0Y16       BUFG (Prop_bufg_I_O)         0.101     3.381 r  clk_IBUF_BUFG_inst/O
                         net (fo=60, routed)          1.768     5.149    clk_IBUF_BUFG
    SLICE_X102Y72        FDCE                                         r  a_reg_reg[1]/C
  -------------------------------------------------------------------    -------------------
    SLICE_X102Y72        FDCE (Prop_fdce_C_Q)         0.518     5.667 r  a_reg_reg[1]/Q
                         net (fo=4, routed)           0.809     6.476    a_reg[1]
    SLICE_X101Y72        LUT2 (Prop_lut2_I0_O)        0.124     6.600 r  middle_pipe[11]_i_24/O
                         net (fo=1, routed)           0.000     6.600    middle_pipe[11]_i_24_n_0
    SLICE_X101Y72        CARRY4 (Prop_carry4_S[1]_CO[3])
                                                      0.550     7.150 r  middle_pipe_reg[11]_i_11/CO[3]
                         net (fo=1, routed)           0.000     7.150    middle_pipe_reg[11]_i_11_n_0
    SLICE_X101Y73        CARRY4 (Prop_carry4_CI_O[1])
                                                      0.334     7.484 f  middle_pipe_reg[16]_i_9/O[1]
                         net (fo=19, routed)          0.702     8.186    sum_ab[5]
    SLICE_X102Y74        LUT2 (Prop_lut2_I0_O)        0.295     8.481 r  middle_pipe[7]_i_21/O
                         net (fo=1, routed)           0.581     9.062    middle_pipe[7]_i_21_n_0
    SLICE_X99Y73         LUT6 (Prop_lut6_I3_O)        0.328     9.390 r  middle_pipe[7]_i_17/O
                         net (fo=1, routed)           0.000     9.390    middle_pipe[7]_i_17_n_0
    SLICE_X99Y73         CARRY4 (Prop_carry4_S[3]_CO[3])
                                                      0.401     9.791 r  middle_pipe_reg[7]_i_8/CO[3]
                         net (fo=1, routed)           0.000     9.791    middle_pipe_reg[7]_i_8_n_0
    SLICE_X99Y74         CARRY4 (Prop_carry4_CI_O[0])
                                                      0.222    10.013 r  middle_pipe_reg[15]_i_25/O[0]
                         net (fo=2, routed)           0.692    10.705    middle_pipe_reg[15]_i_25_n_7
    SLICE_X98Y75         LUT4 (Prop_lut4_I3_O)        0.323    11.028 r  middle_pipe[11]_i_14/O
                         net (fo=4, routed)           0.499    11.527    middle_pipe[11]_i_14_n_0
    SLICE_X98Y75         LUT6 (Prop_lut6_I0_O)        0.328    11.855 r  middle_pipe[11]_i_5/O
                         net (fo=1, routed)           0.331    12.186    middle_pipe[11]_i_5_n_0
    SLICE_X99Y76         CARRY4 (Prop_carry4_DI[1]_O[2])
                                                      0.537    12.723 r  middle_pipe_reg[11]_i_2/O[2]
                         net (fo=1, routed)           0.440    13.163    mult_c[9]
    SLICE_X101Y77        CARRY4 (Prop_carry4_S[1]_O[1])
                                                      0.529    13.692 r  middle_pipe_reg[11]_i_1/O[1]
                         net (fo=1, routed)           0.000    13.692    middle[9]
    SLICE_X101Y77        FDCE                                         r  middle_pipe_reg[9]/D
  -------------------------------------------------------------------    -------------------

                         (clock sys_clk rise edge)   11.500    11.500 r  <hidden>
    U14                                               0.000    11.500 r  clk
                         net (fo=0)                   0.000    11.500    clk
    U14                  IBUF (Prop_ibuf_I_O)         0.940    12.440 r  clk_IBUF_inst/O
                         net (fo=1, routed)           2.006    14.446    clk_IBUF
    BUFGCTRL_X0Y16       BUFG (Prop_bufg_I_O)         0.091    14.537 r  clk_IBUF_BUFG_inst/O
                         net (fo=60, routed)          1.594    16.131    clk_IBUF_BUFG
    SLICE_X101Y77        FDCE                                         r  middle_pipe_reg[9]/C
                         clock pessimism              0.458    16.589    <hidden>
                         clock uncertainty           -0.035    16.553    <hidden>
    SLICE_X101Y77        FDCE (Setup_fdce_C_D)        0.062    16.615    middle_pipe_reg[9]
  -------------------------------------------------------------------
                         required time                         16.615    <hidden>
                         arrival time                         -13.692    <hidden>
  -------------------------------------------------------------------
                         slack                                  2.924    <hidden>

Slack (MET) :             3.631ns  (required time - arrival time)
  Source:                 a_reg_reg[1]/C
                            (rising edge-triggered cell FDCE clocked by sys_clk  {rise@0.000ns fall@5.750ns period=11.500ns})
  Destination:            middle_pipe_reg[8]/D
                            (rising edge-triggered cell FDCE clocked by sys_clk  {rise@0.000ns fall@5.750ns period=11.500ns})
  Path Group:             sys_clk
  Path Type:              Setup (Max at Slow Process Corner)
  Requirement:            11.500ns  (sys_clk rise@11.500ns - sys_clk rise@0.000ns)
  Data Path Delay:        7.835ns  (logic 3.724ns (47.528%)  route 4.111ns (52.472%))
  Logic Levels:           11  (CARRY4=6 LUT2=2 LUT4=1 LUT5=1 LUT6=1)
  Clock Path Skew:        -0.060ns (DCD - SCD + CPR)
    Destination Clock Delay (DCD):    4.631ns = ( 16.131 - 11.500 ) 
    Source Clock Delay      (SCD):    5.149ns
    Clock Pessimism Removal (CPR):    0.458ns
  Clock Uncertainty:      0.035ns  ((TSJ^2 + TIJ^2)^1/2 + DJ) / 2 + PE
    Total System Jitter     (TSJ):    0.071ns
    Total Input Jitter      (TIJ):    0.000ns
    Discrete Jitter          (DJ):    0.000ns
    Phase Error              (PE):    0.000ns

    Location             Delay type                Incr(ns)  Path(ns)    Netlist Resource(s)
  -------------------------------------------------------------------    -------------------
                         (clock sys_clk rise edge)    0.000     0.000 r  <hidden>
    U14                                               0.000     0.000 r  clk
                         net (fo=0)                   0.000     0.000    clk
    U14                  IBUF (Prop_ibuf_I_O)         1.075     1.075 r  clk_IBUF_inst/O
                         net (fo=1, routed)           2.205     3.280    clk_IBUF
    BUFGCTRL_X0Y16       BUFG (Prop_bufg_I_O)         0.101     3.381 r  clk_IBUF_BUFG_inst/O
                         net (fo=60, routed)          1.768     5.149    clk_IBUF_BUFG
    SLICE_X102Y72        FDCE                                         r  a_reg_reg[1]/C
  -------------------------------------------------------------------    -------------------
    SLICE_X102Y72        FDCE (Prop_fdce_C_Q)         0.518     5.667 r  a_reg_reg[1]/Q
                         net (fo=4, routed)           0.809     6.476    a_reg[1]
    SLICE_X101Y72        LUT2 (Prop_lut2_I0_O)        0.124     6.600 r  middle_pipe[11]_i_24/O
                         net (fo=1, routed)           0.000     6.600    middle_pipe[11]_i_24_n_0
    SLICE_X101Y72        CARRY4 (Prop_carry4_S[1]_O[2])
                                                      0.580     7.180 r  middle_pipe_reg[11]_i_11/O[2]
                         net (fo=17, routed)          1.047     8.227    sum_ab[2]
    SLICE_X102Y74        LUT6 (Prop_lut6_I1_O)        0.302     8.529 r  middle_pipe[11]_i_26/O
                         net (fo=1, routed)           0.590     9.120    middle_pipe[11]_i_26_n_0
    SLICE_X103Y74        CARRY4 (Prop_carry4_DI[3]_CO[3])
                                                      0.385     9.505 r  middle_pipe_reg[11]_i_15/CO[3]
                         net (fo=1, routed)           0.009     9.514    middle_pipe_reg[11]_i_15_n_0
    SLICE_X103Y75        CARRY4 (Prop_carry4_CI_O[0])
                                                      0.222     9.736 r  middle_pipe_reg[11]_i_16/O[0]
                         net (fo=3, routed)           1.052    10.788    middle_pipe_reg[11]_i_16_n_7
    SLICE_X98Y76         LUT4 (Prop_lut4_I2_O)        0.299    11.087 r  middle_pipe[11]_i_21/O
                         net (fo=1, routed)           0.295    11.382    middle_pipe[11]_i_21_n_0
    SLICE_X99Y76         LUT5 (Prop_lut5_I0_O)        0.124    11.506 r  middle_pipe[11]_i_10/O
                         net (fo=1, routed)           0.000    11.506    middle_pipe[11]_i_10_n_0
    SLICE_X99Y76         CARRY4 (Prop_carry4_S[0]_O[0])
                                                      0.247    11.753 r  middle_pipe_reg[11]_i_2/O[0]
                         net (fo=2, routed)           0.308    12.061    mult_c[7]
    SLICE_X101Y76        LUT2 (Prop_lut2_I0_O)        0.299    12.360 r  middle_pipe[7]_i_3/O
                         net (fo=1, routed)           0.000    12.360    middle_pipe[7]_i_3_n_0
    SLICE_X101Y76        CARRY4 (Prop_carry4_S[3]_CO[3])
                                                      0.401    12.761 r  middle_pipe_reg[7]_i_1/CO[3]
                         net (fo=1, routed)           0.000    12.761    middle_pipe_reg[7]_i_1_n_0
    SLICE_X101Y77        CARRY4 (Prop_carry4_CI_O[0])
                                                      0.223    12.984 r  middle_pipe_reg[11]_i_1/O[0]
                         net (fo=1, routed)           0.000    12.984    middle[8]
    SLICE_X101Y77        FDCE                                         r  middle_pipe_reg[8]/D
  -------------------------------------------------------------------    -------------------

                         (clock sys_clk rise edge)   11.500    11.500 r  <hidden>
    U14                                               0.000    11.500 r  clk
                         net (fo=0)                   0.000    11.500    clk
    U14                  IBUF (Prop_ibuf_I_O)         0.940    12.440 r  clk_IBUF_inst/O
                         net (fo=1, routed)           2.006    14.446    clk_IBUF
    BUFGCTRL_X0Y16       BUFG (Prop_bufg_I_O)         0.091    14.537 r  clk_IBUF_BUFG_inst/O
                         net (fo=60, routed)          1.594    16.131    clk_IBUF_BUFG
    SLICE_X101Y77        FDCE                                         r  middle_pipe_reg[8]/C
                         clock pessimism              0.458    16.589    <hidden>
                         clock uncertainty           -0.035    16.553    <hidden>
    SLICE_X101Y77        FDCE (Setup_fdce_C_D)        0.062    16.615    middle_pipe_reg[8]
  -------------------------------------------------------------------
                         required time                         16.615    <hidden>
                         arrival time                         -12.984    <hidden>
  -------------------------------------------------------------------
                         slack                                  3.631    <hidden>

Slack (MET) :             4.006ns  (required time - arrival time)
  Source:                 a_reg_reg[1]/C
                            (rising edge-triggered cell FDCE clocked by sys_clk  {rise@0.000ns fall@5.750ns period=11.500ns})
  Destination:            middle_pipe_reg[7]/D
                            (rising edge-triggered cell FDCE clocked by sys_clk  {rise@0.000ns fall@5.750ns period=11.500ns})
  Path Group:             sys_clk
  Path Type:              Setup (Max at Slow Process Corner)
  Requirement:            11.500ns  (sys_clk rise@11.500ns - sys_clk rise@0.000ns)
  Data Path Delay:        7.459ns  (logic 3.348ns (44.883%)  route 4.111ns (55.117%))
  Logic Levels:           10  (CARRY4=5 LUT2=2 LUT4=1 LUT5=1 LUT6=1)
  Clock Path Skew:        -0.061ns (DCD - SCD + CPR)
    Destination Clock Delay (DCD):    4.630ns = ( 16.130 - 11.500 ) 
    Source Clock Delay      (SCD):    5.149ns
    Clock Pessimism Removal (CPR):    0.458ns
  Clock Uncertainty:      0.035ns  ((TSJ^2 + TIJ^2)^1/2 + DJ) / 2 + PE
    Total System Jitter     (TSJ):    0.071ns
    Total Input Jitter      (TIJ):    0.000ns
    Discrete Jitter          (DJ):    0.000ns
    Phase Error              (PE):    0.000ns

    Location             Delay type                Incr(ns)  Path(ns)    Netlist Resource(s)
  -------------------------------------------------------------------    -------------------
                         (clock sys_clk rise edge)    0.000     0.000 r  <hidden>
    U14                                               0.000     0.000 r  clk
                         net (fo=0)                   0.000     0.000    clk
    U14                  IBUF (Prop_ibuf_I_O)         1.075     1.075 r  clk_IBUF_inst/O
                         net (fo=1, routed)           2.205     3.280    clk_IBUF
    BUFGCTRL_X0Y16       BUFG (Prop_bufg_I_O)         0.101     3.381 r  clk_IBUF_BUFG_inst/O
                         net (fo=60, routed)          1.768     5.149    clk_IBUF_BUFG
    SLICE_X102Y72        FDCE                                         r  a_reg_reg[1]/C
  -------------------------------------------------------------------    -------------------
    SLICE_X102Y72        FDCE (Prop_fdce_C_Q)         0.518     5.667 r  a_reg_reg[1]/Q
                         net (fo=4, routed)           0.809     6.476    a_reg[1]
    SLICE_X101Y72        LUT2 (Prop_lut2_I0_O)        0.124     6.600 r  middle_pipe[11]_i_24/O
                         net (fo=1, routed)           0.000     6.600    middle_pipe[11]_i_24_n_0
    SLICE_X101Y72        CARRY4 (Prop_carry4_S[1]_O[2])
                                                      0.580     7.180 r  middle_pipe_reg[11]_i_11/O[2]
                         net (fo=17, routed)          1.047     8.227    sum_ab[2]
    SLICE_X102Y74        LUT6 (Prop_lut6_I1_O)        0.302     8.529 r  middle_pipe[11]_i_26/O
                         net (fo=1, routed)           0.590     9.120    middle_pipe[11]_i_26_n_0
    SLICE_X103Y74        CARRY4 (Prop_carry4_DI[3]_CO[3])
                                                      0.385     9.505 r  middle_pipe_reg[11]_i_15/CO[3]
                         net (fo=1, routed)           0.009     9.514    middle_pipe_reg[11]_i_15_n_0
    SLICE_X103Y75        CARRY4 (Prop_carry4_CI_O[0])
                                                      0.222     9.736 r  middle_pipe_reg[11]_i_16/O[0]
                         net (fo=3, routed)           1.052    10.788    middle_pipe_reg[11]_i_16_n_7
    SLICE_X98Y76         LUT4 (Prop_lut4_I2_O)        0.299    11.087 r  middle_pipe[11]_i_21/O
                         net (fo=1, routed)           0.295    11.382    middle_pipe[11]_i_21_n_0
    SLICE_X99Y76         LUT5 (Prop_lut5_I0_O)        0.124    11.506 r  middle_pipe[11]_i_10/O
                         net (fo=1, routed)           0.000    11.506    middle_pipe[11]_i_10_n_0
    SLICE_X99Y76         CARRY4 (Prop_carry4_S[0]_O[0])
                                                      0.247    11.753 r  middle_pipe_reg[11]_i_2/O[0]
                         net (fo=2, routed)           0.308    12.061    mult_c[7]
    SLICE_X101Y76        LUT2 (Prop_lut2_I0_O)        0.299    12.360 r  middle_pipe[7]_i_3/O
                         net (fo=1, routed)           0.000    12.360    middle_pipe[7]_i_3_n_0
    SLICE_X101Y76        CARRY4 (Prop_carry4_S[3]_O[3])
                                                      0.248    12.608 r  middle_pipe_reg[7]_i_1/O[3]
                         net (fo=1, routed)           0.000    12.608    middle[7]
    SLICE_X101Y76        FDCE                                         r  middle_pipe_reg[7]/D
  -------------------------------------------------------------------    -------------------

                         (clock sys_clk rise edge)   11.500    11.500 r  <hidden>
    U14                                               0.000    11.500 r  clk
                         net (fo=0)                   0.000    11.500    clk
    U14                  IBUF (Prop_ibuf_I_O)         0.940    12.440 r  clk_IBUF_inst/O
                         net (fo=1, routed)           2.006    14.446    clk_IBUF
    BUFGCTRL_X0Y16       BUFG (Prop_bufg_I_O)         0.091    14.537 r  clk_IBUF_BUFG_inst/O
                         net (fo=60, routed)          1.593    16.130    clk_IBUF_BUFG
    SLICE_X101Y76        FDCE                                         r  middle_pipe_reg[7]/C
                         clock pessimism              0.458    16.588    <hidden>
                         clock uncertainty           -0.035    16.552    <hidden>
    SLICE_X101Y76        FDCE (Setup_fdce_C_D)        0.062    16.614    middle_pipe_reg[7]
  -------------------------------------------------------------------
                         required time                         16.614    <hidden>
                         arrival time                         -12.608    <hidden>
  -------------------------------------------------------------------
                         slack                                  4.006    <hidden>





Min Delay Paths
--------------------------------------------------------------------------------------
Slack (MET) :             0.393ns  (arrival time - required time)
  Source:                 a_reg_reg[2]/C
                            (rising edge-triggered cell FDCE clocked by sys_clk  {rise@0.000ns fall@5.750ns period=11.500ns})
  Destination:            sum_ad_pipe_reg[3]/D
                            (rising edge-triggered cell FDCE clocked by sys_clk  {rise@0.000ns fall@5.750ns period=11.500ns})
  Path Group:             sys_clk
  Path Type:              Hold (Min at Fast Process Corner)
  Requirement:            0.000ns  (sys_clk rise@0.000ns - sys_clk rise@0.000ns)
  Data Path Delay:        0.558ns  (logic 0.270ns (48.395%)  route 0.288ns (51.605%))
  Logic Levels:           1  (CARRY4=1)
  Clock Path Skew:        0.031ns (DCD - SCD - CPR)
    Destination Clock Delay (DCD):    2.115ns
    Source Clock Delay      (SCD):    1.600ns
    Clock Pessimism Removal (CPR):    0.484ns

    Location             Delay type                Incr(ns)  Path(ns)    Netlist Resource(s)
  -------------------------------------------------------------------    -------------------
                         (clock sys_clk rise edge)    0.000     0.000 r  <hidden>
    U14                                               0.000     0.000 r  clk
                         net (fo=0)                   0.000     0.000    clk
    U14                  IBUF (Prop_ibuf_I_O)         0.302     0.302 r  clk_IBUF_inst/O
                         net (fo=1, routed)           0.674     0.976    clk_IBUF
    BUFGCTRL_X0Y16       BUFG (Prop_bufg_I_O)         0.026     1.002 r  clk_IBUF_BUFG_inst/O
                         net (fo=60, routed)          0.598     1.600    clk_IBUF_BUFG
    SLICE_X101Y72        FDCE                                         r  a_reg_reg[2]/C
  -------------------------------------------------------------------    -------------------
    SLICE_X101Y72        FDCE (Prop_fdce_C_Q)         0.141     1.741 r  a_reg_reg[2]/Q
                         net (fo=4, routed)           0.288     2.029    a_reg[2]
    SLICE_X100Y76        CARRY4 (Prop_carry4_DI[2]_O[3])
                                                      0.129     2.158 r  sum_ad_pipe_reg[3]_i_1/O[3]
                         net (fo=1, routed)           0.000     2.158    sum_ad[3]
    SLICE_X100Y76        FDCE                                         r  sum_ad_pipe_reg[3]/D
  -------------------------------------------------------------------    -------------------

                         (clock sys_clk rise edge)    0.000     0.000 r  <hidden>
    U14                                               0.000     0.000 r  clk
                         net (fo=0)                   0.000     0.000    clk
    U14                  IBUF (Prop_ibuf_I_O)         0.492     0.492 r  clk_IBUF_inst/O
                         net (fo=1, routed)           0.731     1.223    clk_IBUF
    BUFGCTRL_X0Y16       BUFG (Prop_bufg_I_O)         0.029     1.252 r  clk_IBUF_BUFG_inst/O
                         net (fo=60, routed)          0.863     2.115    clk_IBUF_BUFG
    SLICE_X100Y76        FDCE                                         r  sum_ad_pipe_reg[3]/C
                         clock pessimism             -0.484     1.631    <hidden>
    SLICE_X100Y76        FDCE (Hold_fdce_C_D)         0.134     1.765    sum_ad_pipe_reg[3]
  -------------------------------------------------------------------
                         required time                         -1.765    <hidden>
                         arrival time                           2.158    <hidden>
  -------------------------------------------------------------------
                         slack                                  0.393    <hidden>

Slack (MET) :             0.407ns  (arrival time - required time)
  Source:                 d_reg_reg[0]/C
                            (rising edge-triggered cell FDCE clocked by sys_clk  {rise@0.000ns fall@5.750ns period=11.500ns})
  Destination:            sum_ad_pipe_reg[0]/D
                            (rising edge-triggered cell FDCE clocked by sys_clk  {rise@0.000ns fall@5.750ns period=11.500ns})
  Path Group:             sys_clk
  Path Type:              Hold (Min at Fast Process Corner)
  Requirement:            0.000ns  (sys_clk rise@0.000ns - sys_clk rise@0.000ns)
  Data Path Delay:        0.575ns  (logic 0.279ns (48.505%)  route 0.296ns (51.495%))
  Logic Levels:           2  (CARRY4=1 LUT2=1)
  Clock Path Skew:        0.034ns (DCD - SCD - CPR)
    Destination Clock Delay (DCD):    2.115ns
    Source Clock Delay      (SCD):    1.597ns
    Clock Pessimism Removal (CPR):    0.484ns

    Location             Delay type                Incr(ns)  Path(ns)    Netlist Resource(s)
  -------------------------------------------------------------------    -------------------
                         (clock sys_clk rise edge)    0.000     0.000 r  <hidden>
    U14                                               0.000     0.000 r  clk
                         net (fo=0)                   0.000     0.000    clk
    U14                  IBUF (Prop_ibuf_I_O)         0.302     0.302 r  clk_IBUF_inst/O
                         net (fo=1, routed)           0.674     0.976    clk_IBUF
    BUFGCTRL_X0Y16       BUFG (Prop_bufg_I_O)         0.026     1.002 r  clk_IBUF_BUFG_inst/O
                         net (fo=60, routed)          0.595     1.597    clk_IBUF_BUFG
    SLICE_X102Y74        FDCE                                         r  d_reg_reg[0]/C
  -------------------------------------------------------------------    -------------------
    SLICE_X102Y74        FDCE (Prop_fdce_C_Q)         0.164     1.761 r  d_reg_reg[0]/Q
                         net (fo=2, routed)           0.296     2.057    d_reg[0]
    SLICE_X100Y76        LUT2 (Prop_lut2_I1_O)        0.045     2.102 r  sum_ad_pipe[3]_i_5/O
                         net (fo=1, routed)           0.000     2.102    sum_ad_pipe[3]_i_5_n_0
    SLICE_X100Y76        CARRY4 (Prop_carry4_S[0]_O[0])
                                                      0.070     2.172 r  sum_ad_pipe_reg[3]_i_1/O[0]
                         net (fo=1, routed)           0.000     2.172    sum_ad[0]
    SLICE_X100Y76        FDCE                                         r  sum_ad_pipe_reg[0]/D
  -------------------------------------------------------------------    -------------------

                         (clock sys_clk rise edge)    0.000     0.000 r  <hidden>
    U14                                               0.000     0.000 r  clk
                         net (fo=0)                   0.000     0.000    clk
    U14                  IBUF (Prop_ibuf_I_O)         0.492     0.492 r  clk_IBUF_inst/O
                         net (fo=1, routed)           0.731     1.223    clk_IBUF
    BUFGCTRL_X0Y16       BUFG (Prop_bufg_I_O)         0.029     1.252 r  clk_IBUF_BUFG_inst/O
                         net (fo=60, routed)          0.863     2.115    clk_IBUF_BUFG
    SLICE_X100Y76        FDCE                                         r  sum_ad_pipe_reg[0]/C
                         clock pessimism             -0.484     1.631    <hidden>
    SLICE_X100Y76        FDCE (Hold_fdce_C_D)         0.134     1.765    sum_ad_pipe_reg[0]
  -------------------------------------------------------------------
                         required time                         -1.765    <hidden>
                         arrival time                           2.172    <hidden>
  -------------------------------------------------------------------
                         slack                                  0.407    <hidden>

Slack (MET) :             0.418ns  (arrival time - required time)
  Source:                 d_reg_reg[7]/C
                            (rising edge-triggered cell FDCE clocked by sys_clk  {rise@0.000ns fall@5.750ns period=11.500ns})
  Destination:            sum_ad_pipe_reg[7]/D
                            (rising edge-triggered cell FDCE clocked by sys_clk  {rise@0.000ns fall@5.750ns period=11.500ns})
  Path Group:             sys_clk
  Path Type:              Hold (Min at Fast Process Corner)
  Requirement:            0.000ns  (sys_clk rise@0.000ns - sys_clk rise@0.000ns)
  Data Path Delay:        0.585ns  (logic 0.250ns (42.703%)  route 0.335ns (57.297%))
  Logic Levels:           2  (CARRY4=1 LUT2=1)
  Clock Path Skew:        0.033ns (DCD - SCD - CPR)
    Destination Clock Delay (DCD):    2.117ns
    Source Clock Delay      (SCD):    1.600ns
    Clock Pessimism Removal (CPR):    0.484ns

    Location             Delay type                Incr(ns)  Path(ns)    Netlist Resource(s)
  -------------------------------------------------------------------    -------------------
                         (clock sys_clk rise edge)    0.000     0.000 r  <hidden>
    U14                                               0.000     0.000 r  clk
                         net (fo=0)                   0.000     0.000    clk
    U14                  IBUF (Prop_ibuf_I_O)         0.302     0.302 r  clk_IBUF_inst/O
                         net (fo=1, routed)           0.674     0.976    clk_IBUF
    BUFGCTRL_X0Y16       BUFG (Prop_bufg_I_O)         0.026     1.002 r  clk_IBUF_BUFG_inst/O
                         net (fo=60, routed)          0.598     1.600    clk_IBUF_BUFG
    SLICE_X103Y78        FDCE                                         r  d_reg_reg[7]/C
  -------------------------------------------------------------------    -------------------
    SLICE_X103Y78        FDCE (Prop_fdce_C_Q)         0.141     1.741 r  d_reg_reg[7]/Q
                         net (fo=2, routed)           0.335     2.077    d_reg[7]
    SLICE_X100Y77        LUT2 (Prop_lut2_I1_O)        0.045     2.122 r  sum_ad_pipe[7]_i_2/O
                         net (fo=1, routed)           0.000     2.122    sum_ad_pipe[7]_i_2_n_0
    SLICE_X100Y77        CARRY4 (Prop_carry4_S[3]_O[3])
                                                      0.064     2.186 r  sum_ad_pipe_reg[7]_i_1/O[3]
                         net (fo=1, routed)           0.000     2.186    sum_ad[7]
    SLICE_X100Y77        FDCE                                         r  sum_ad_pipe_reg[7]/D
  -------------------------------------------------------------------    -------------------

                         (clock sys_clk rise edge)    0.000     0.000 r  <hidden>
    U14                                               0.000     0.000 r  clk
                         net (fo=0)                   0.000     0.000    clk
    U14                  IBUF (Prop_ibuf_I_O)         0.492     0.492 r  clk_IBUF_inst/O
                         net (fo=1, routed)           0.731     1.223    clk_IBUF
    BUFGCTRL_X0Y16       BUFG (Prop_bufg_I_O)         0.029     1.252 r  clk_IBUF_BUFG_inst/O
                         net (fo=60, routed)          0.865     2.117    clk_IBUF_BUFG
    SLICE_X100Y77        FDCE                                         r  sum_ad_pipe_reg[7]/C
                         clock pessimism             -0.484     1.633    <hidden>
    SLICE_X100Y77        FDCE (Hold_fdce_C_D)         0.134     1.767    sum_ad_pipe_reg[7]
  -------------------------------------------------------------------
                         required time                         -1.767    <hidden>
                         arrival time                           2.186    <hidden>
  -------------------------------------------------------------------
                         slack                                  0.418    <hidden>

Slack (MET) :             0.420ns  (arrival time - required time)
  Source:                 a_reg_reg[5]/C
                            (rising edge-triggered cell FDCE clocked by sys_clk  {rise@0.000ns fall@5.750ns period=11.500ns})
  Destination:            sum_ad_pipe_reg[6]/D
                            (rising edge-triggered cell FDCE clocked by sys_clk  {rise@0.000ns fall@5.750ns period=11.500ns})
  Path Group:             sys_clk
  Path Type:              Hold (Min at Fast Process Corner)
  Requirement:            0.000ns  (sys_clk rise@0.000ns - sys_clk rise@0.000ns)
  Data Path Delay:        0.587ns  (logic 0.313ns (53.329%)  route 0.274ns (46.671%))
  Logic Levels:           1  (CARRY4=1)
  Clock Path Skew:        0.033ns (DCD - SCD - CPR)
    Destination Clock Delay (DCD):    2.117ns
    Source Clock Delay      (SCD):    1.600ns
    Clock Pessimism Removal (CPR):    0.484ns

    Location             Delay type                Incr(ns)  Path(ns)    Netlist Resource(s)
  -------------------------------------------------------------------    -------------------
                         (clock sys_clk rise edge)    0.000     0.000 r  <hidden>
    U14                                               0.000     0.000 r  clk
                         net (fo=0)                   0.000     0.000    clk
    U14                  IBUF (Prop_ibuf_I_O)         0.302     0.302 r  clk_IBUF_inst/O
                         net (fo=1, routed)           0.674     0.976    clk_IBUF
    BUFGCTRL_X0Y16       BUFG (Prop_bufg_I_O)         0.026     1.002 r  clk_IBUF_BUFG_inst/O
                         net (fo=60, routed)          0.598     1.600    clk_IBUF_BUFG
    SLICE_X102Y72        FDCE                                         r  a_reg_reg[5]/C
  -------------------------------------------------------------------    -------------------
    SLICE_X102Y72        FDCE (Prop_fdce_C_Q)         0.164     1.764 r  a_reg_reg[5]/Q
                         net (fo=4, routed)           0.274     2.038    a_reg[5]
    SLICE_X100Y77        CARRY4 (Prop_carry4_DI[1]_O[2])
                                                      0.149     2.187 r  sum_ad_pipe_reg[7]_i_1/O[2]
                         net (fo=1, routed)           0.000     2.187    sum_ad[6]
    SLICE_X100Y77        FDCE                                         r  sum_ad_pipe_reg[6]/D
  -------------------------------------------------------------------    -------------------

                         (clock sys_clk rise edge)    0.000     0.000 r  <hidden>
    U14                                               0.000     0.000 r  clk
                         net (fo=0)                   0.000     0.000    clk
    U14                  IBUF (Prop_ibuf_I_O)         0.492     0.492 r  clk_IBUF_inst/O
                         net (fo=1, routed)           0.731     1.223    clk_IBUF
    BUFGCTRL_X0Y16       BUFG (Prop_bufg_I_O)         0.029     1.252 r  clk_IBUF_BUFG_inst/O
                         net (fo=60, routed)          0.865     2.117    clk_IBUF_BUFG
    SLICE_X100Y77        FDCE                                         r  sum_ad_pipe_reg[6]/C
                         clock pessimism             -0.484     1.633    <hidden>
    SLICE_X100Y77        FDCE (Hold_fdce_C_D)         0.134     1.767    sum_ad_pipe_reg[6]
  -------------------------------------------------------------------
                         required time                         -1.767    <hidden>
                         arrival time                           2.187    <hidden>
  -------------------------------------------------------------------
                         slack                                  0.420    <hidden>

Slack (MET) :             0.432ns  (arrival time - required time)
  Source:                 d_reg_reg[0]/C
                            (rising edge-triggered cell FDCE clocked by sys_clk  {rise@0.000ns fall@5.750ns period=11.500ns})
  Destination:            middle_pipe_reg[0]/D
                            (rising edge-triggered cell FDCE clocked by sys_clk  {rise@0.000ns fall@5.750ns period=11.500ns})
  Path Group:             sys_clk
  Path Type:              Hold (Min at Fast Process Corner)
  Requirement:            0.000ns  (sys_clk rise@0.000ns - sys_clk rise@0.000ns)
  Data Path Delay:        0.570ns  (logic 0.279ns (48.933%)  route 0.291ns (51.067%))
  Logic Levels:           2  (CARRY4=1 LUT2=1)
  Clock Path Skew:        0.033ns (DCD - SCD - CPR)
    Destination Clock Delay (DCD):    2.114ns
    Source Clock Delay      (SCD):    1.597ns
    Clock Pessimism Removal (CPR):    0.484ns

    Location             Delay type                Incr(ns)  Path(ns)    Netlist Resource(s)
  -------------------------------------------------------------------    -------------------
                         (clock sys_clk rise edge)    0.000     0.000 r  <hidden>
    U14                                               0.000     0.000 r  clk
                         net (fo=0)                   0.000     0.000    clk
    U14                  IBUF (Prop_ibuf_I_O)         0.302     0.302 r  clk_IBUF_inst/O
                         net (fo=1, routed)           0.674     0.976    clk_IBUF
    BUFGCTRL_X0Y16       BUFG (Prop_bufg_I_O)         0.026     1.002 r  clk_IBUF_BUFG_inst/O
                         net (fo=60, routed)          0.595     1.597    clk_IBUF_BUFG
    SLICE_X102Y74        FDCE                                         r  d_reg_reg[0]/C
  -------------------------------------------------------------------    -------------------
    SLICE_X102Y74        FDCE (Prop_fdce_C_Q)         0.164     1.761 r  d_reg_reg[0]/Q
                         net (fo=2, routed)           0.291     2.052    d_reg[0]
    SLICE_X101Y75        LUT2 (Prop_lut2_I1_O)        0.045     2.097 r  middle_pipe[3]_i_6/O
                         net (fo=1, routed)           0.000     2.097    middle_pipe[3]_i_6_n_0
    SLICE_X101Y75        CARRY4 (Prop_carry4_S[0]_O[0])
                                                      0.070     2.167 r  middle_pipe_reg[3]_i_1/O[0]
                         net (fo=1, routed)           0.000     2.167    middle[0]
    SLICE_X101Y75        FDCE                                         r  middle_pipe_reg[0]/D
  -------------------------------------------------------------------    -------------------

                         (clock sys_clk rise edge)    0.000     0.000 r  <hidden>
    U14                                               0.000     0.000 r  clk
                         net (fo=0)                   0.000     0.000    clk
    U14                  IBUF (Prop_ibuf_I_O)         0.492     0.492 r  clk_IBUF_inst/O
                         net (fo=1, routed)           0.731     1.223    clk_IBUF
    BUFGCTRL_X0Y16       BUFG (Prop_bufg_I_O)         0.029     1.252 r  clk_IBUF_BUFG_inst/O
                         net (fo=60, routed)          0.862     2.114    clk_IBUF_BUFG
    SLICE_X101Y75        FDCE                                         r  middle_pipe_reg[0]/C
                         clock pessimism             -0.484     1.630    <hidden>
    SLICE_X101Y75        FDCE (Hold_fdce_C_D)         0.105     1.735    middle_pipe_reg[0]
  -------------------------------------------------------------------
                         required time                         -1.735    <hidden>
                         arrival time                           2.167    <hidden>
  -------------------------------------------------------------------
                         slack                                  0.432    <hidden>

Slack (MET) :             0.434ns  (arrival time - required time)
  Source:                 a_reg_reg[2]/C
                            (rising edge-triggered cell FDCE clocked by sys_clk  {rise@0.000ns fall@5.750ns period=11.500ns})
  Destination:            sum_ad_pipe_reg[4]/D
                            (rising edge-triggered cell FDCE clocked by sys_clk  {rise@0.000ns fall@5.750ns period=11.500ns})
  Path Group:             sys_clk
  Path Type:              Hold (Min at Fast Process Corner)
  Requirement:            0.000ns  (sys_clk rise@0.000ns - sys_clk rise@0.000ns)
  Data Path Delay:        0.601ns  (logic 0.313ns (52.088%)  route 0.288ns (47.912%))
  Logic Levels:           2  (CARRY4=2)
  Clock Path Skew:        0.033ns (DCD - SCD - CPR)
    Destination Clock Delay (DCD):    2.117ns
    Source Clock Delay      (SCD):    1.600ns
    Clock Pessimism Removal (CPR):    0.484ns

    Location             Delay type                Incr(ns)  Path(ns)    Netlist Resource(s)
  -------------------------------------------------------------------    -------------------
                         (clock sys_clk rise edge)    0.000     0.000 r  <hidden>
    U14                                               0.000     0.000 r  clk
                         net (fo=0)                   0.000     0.000    clk
    U14                  IBUF (Prop_ibuf_I_O)         0.302     0.302 r  clk_IBUF_inst/O
                         net (fo=1, routed)           0.674     0.976    clk_IBUF
    BUFGCTRL_X0Y16       BUFG (Prop_bufg_I_O)         0.026     1.002 r  clk_IBUF_BUFG_inst/O
                         net (fo=60, routed)          0.598     1.600    clk_IBUF_BUFG
    SLICE_X101Y72        FDCE                                         r  a_reg_reg[2]/C
  -------------------------------------------------------------------    -------------------
    SLICE_X101Y72        FDCE (Prop_fdce_C_Q)         0.141     1.741 r  a_reg_reg[2]/Q
                         net (fo=4, routed)           0.288     2.029    a_reg[2]
    SLICE_X100Y76        CARRY4 (Prop_carry4_DI[2]_CO[3])
                                                      0.119     2.148 r  sum_ad_pipe_reg[3]_i_1/CO[3]
                         net (fo=1, routed)           0.000     2.148    sum_ad_pipe_reg[3]_i_1_n_0
    SLICE_X100Y77        CARRY4 (Prop_carry4_CI_O[0])
                                                      0.053     2.201 r  sum_ad_pipe_reg[7]_i_1/O[0]
                         net (fo=1, routed)           0.000     2.201    sum_ad[4]
    SLICE_X100Y77        FDCE                                         r  sum_ad_pipe_reg[4]/D
  -------------------------------------------------------------------    -------------------

                         (clock sys_clk rise edge)    0.000     0.000 r  <hidden>
    U14                                               0.000     0.000 r  clk
                         net (fo=0)                   0.000     0.000    clk
    U14                  IBUF (Prop_ibuf_I_O)         0.492     0.492 r  clk_IBUF_inst/O
                         net (fo=1, routed)           0.731     1.223    clk_IBUF
    BUFGCTRL_X0Y16       BUFG (Prop_bufg_I_O)         0.029     1.252 r  clk_IBUF_BUFG_inst/O
                         net (fo=60, routed)          0.865     2.117    clk_IBUF_BUFG
    SLICE_X100Y77        FDCE                                         r  sum_ad_pipe_reg[4]/C
                         clock pessimism             -0.484     1.633    <hidden>
    SLICE_X100Y77        FDCE (Hold_fdce_C_D)         0.134     1.767    sum_ad_pipe_reg[4]
  -------------------------------------------------------------------
                         required time                         -1.767    <hidden>
                         arrival time                           2.201    <hidden>
  -------------------------------------------------------------------
                         slack                                  0.434    <hidden>

Slack (MET) :             0.442ns  (arrival time - required time)
  Source:                 d_reg_reg[0]/C
                            (rising edge-triggered cell FDCE clocked by sys_clk  {rise@0.000ns fall@5.750ns period=11.500ns})
  Destination:            sum_ad_pipe_reg[1]/D
                            (rising edge-triggered cell FDCE clocked by sys_clk  {rise@0.000ns fall@5.750ns period=11.500ns})
  Path Group:             sys_clk
  Path Type:              Hold (Min at Fast Process Corner)
  Requirement:            0.000ns  (sys_clk rise@0.000ns - sys_clk rise@0.000ns)
  Data Path Delay:        0.610ns  (logic 0.314ns (51.458%)  route 0.296ns (48.542%))
  Logic Levels:           2  (CARRY4=1 LUT2=1)
  Clock Path Skew:        0.034ns (DCD - SCD - CPR)
    Destination Clock Delay (DCD):    2.115ns
    Source Clock Delay      (SCD):    1.597ns
    Clock Pessimism Removal (CPR):    0.484ns

    Location             Delay type                Incr(ns)  Path(ns)    Netlist Resource(s)
  -------------------------------------------------------------------    -------------------
                         (clock sys_clk rise edge)    0.000     0.000 r  <hidden>
    U14                                               0.000     0.000 r  clk
                         net (fo=0)                   0.000     0.000    clk
    U14                  IBUF (Prop_ibuf_I_O)         0.302     0.302 r  clk_IBUF_inst/O
                         net (fo=1, routed)           0.674     0.976    clk_IBUF
    BUFGCTRL_X0Y16       BUFG (Prop_bufg_I_O)         0.026     1.002 r  clk_IBUF_BUFG_inst/O
                         net (fo=60, routed)          0.595     1.597    clk_IBUF_BUFG
    SLICE_X102Y74        FDCE                                         r  d_reg_reg[0]/C
  -------------------------------------------------------------------    -------------------
    SLICE_X102Y74        FDCE (Prop_fdce_C_Q)         0.164     1.761 r  d_reg_reg[0]/Q
                         net (fo=2, routed)           0.296     2.057    d_reg[0]
    SLICE_X100Y76        LUT2 (Prop_lut2_I1_O)        0.045     2.102 r  sum_ad_pipe[3]_i_5/O
                         net (fo=1, routed)           0.000     2.102    sum_ad_pipe[3]_i_5_n_0
    SLICE_X100Y76        CARRY4 (Prop_carry4_S[0]_O[1])
                                                      0.105     2.207 r  sum_ad_pipe_reg[3]_i_1/O[1]
                         net (fo=1, routed)           0.000     2.207    sum_ad[1]
    SLICE_X100Y76        FDCE                                         r  sum_ad_pipe_reg[1]/D
  -------------------------------------------------------------------    -------------------

                         (clock sys_clk rise edge)    0.000     0.000 r  <hidden>
    U14                                               0.000     0.000 r  clk
                         net (fo=0)                   0.000     0.000    clk
    U14                  IBUF (Prop_ibuf_I_O)         0.492     0.492 r  clk_IBUF_inst/O
                         net (fo=1, routed)           0.731     1.223    clk_IBUF
    BUFGCTRL_X0Y16       BUFG (Prop_bufg_I_O)         0.029     1.252 r  clk_IBUF_BUFG_inst/O
                         net (fo=60, routed)          0.863     2.115    clk_IBUF_BUFG
    SLICE_X100Y76        FDCE                                         r  sum_ad_pipe_reg[1]/C
                         clock pessimism             -0.484     1.631    <hidden>
    SLICE_X100Y76        FDCE (Hold_fdce_C_D)         0.134     1.765    sum_ad_pipe_reg[1]
  -------------------------------------------------------------------
                         required time                         -1.765    <hidden>
                         arrival time                           2.207    <hidden>
  -------------------------------------------------------------------
                         slack                                  0.442    <hidden>

Slack (MET) :             0.468ns  (arrival time - required time)
  Source:                 d_reg_reg[0]/C
                            (rising edge-triggered cell FDCE clocked by sys_clk  {rise@0.000ns fall@5.750ns period=11.500ns})
  Destination:            middle_pipe_reg[1]/D
                            (rising edge-triggered cell FDCE clocked by sys_clk  {rise@0.000ns fall@5.750ns period=11.500ns})
  Path Group:             sys_clk
  Path Type:              Hold (Min at Fast Process Corner)
  Requirement:            0.000ns  (sys_clk rise@0.000ns - sys_clk rise@0.000ns)
  Data Path Delay:        0.606ns  (logic 0.315ns (51.966%)  route 0.291ns (48.034%))
  Logic Levels:           2  (CARRY4=1 LUT2=1)
  Clock Path Skew:        0.033ns (DCD - SCD - CPR)
    Destination Clock Delay (DCD):    2.114ns
    Source Clock Delay      (SCD):    1.597ns
    Clock Pessimism Removal (CPR):    0.484ns

    Location             Delay type                Incr(ns)  Path(ns)    Netlist Resource(s)
  -------------------------------------------------------------------    -------------------
                         (clock sys_clk rise edge)    0.000     0.000 r  <hidden>
    U14                                               0.000     0.000 r  clk
                         net (fo=0)                   0.000     0.000    clk
    U14                  IBUF (Prop_ibuf_I_O)         0.302     0.302 r  clk_IBUF_inst/O
                         net (fo=1, routed)           0.674     0.976    clk_IBUF
    BUFGCTRL_X0Y16       BUFG (Prop_bufg_I_O)         0.026     1.002 r  clk_IBUF_BUFG_inst/O
                         net (fo=60, routed)          0.595     1.597    clk_IBUF_BUFG
    SLICE_X102Y74        FDCE                                         r  d_reg_reg[0]/C
  -------------------------------------------------------------------    -------------------
    SLICE_X102Y74        FDCE (Prop_fdce_C_Q)         0.164     1.761 r  d_reg_reg[0]/Q
                         net (fo=2, routed)           0.291     2.052    d_reg[0]
    SLICE_X101Y75        LUT2 (Prop_lut2_I1_O)        0.045     2.097 r  middle_pipe[3]_i_6/O
                         net (fo=1, routed)           0.000     2.097    middle_pipe[3]_i_6_n_0
    SLICE_X101Y75        CARRY4 (Prop_carry4_S[0]_O[1])
                                                      0.106     2.203 r  middle_pipe_reg[3]_i_1/O[1]
                         net (fo=1, routed)           0.000     2.203    middle[1]
    SLICE_X101Y75        FDCE                                         r  middle_pipe_reg[1]/D
  -------------------------------------------------------------------    -------------------

                         (clock sys_clk rise edge)    0.000     0.000 r  <hidden>
    U14                                               0.000     0.000 r  clk
                         net (fo=0)                   0.000     0.000    clk
    U14                  IBUF (Prop_ibuf_I_O)         0.492     0.492 r  clk_IBUF_inst/O
                         net (fo=1, routed)           0.731     1.223    clk_IBUF
    BUFGCTRL_X0Y16       BUFG (Prop_bufg_I_O)         0.029     1.252 r  clk_IBUF_BUFG_inst/O
                         net (fo=60, routed)          0.862     2.114    clk_IBUF_BUFG
    SLICE_X101Y75        FDCE                                         r  middle_pipe_reg[1]/C
                         clock pessimism             -0.484     1.630    <hidden>
    SLICE_X101Y75        FDCE (Hold_fdce_C_D)         0.105     1.735    middle_pipe_reg[1]
  -------------------------------------------------------------------
                         required time                         -1.735    <hidden>
                         arrival time                           2.203    <hidden>
  -------------------------------------------------------------------
                         slack                                  0.468    <hidden>

Slack (MET) :             0.469ns  (arrival time - required time)
  Source:                 d_reg_reg[4]/C
                            (rising edge-triggered cell FDCE clocked by sys_clk  {rise@0.000ns fall@5.750ns period=11.500ns})
  Destination:            sum_ad_pipe_reg[5]/D
                            (rising edge-triggered cell FDCE clocked by sys_clk  {rise@0.000ns fall@5.750ns period=11.500ns})
  Path Group:             sys_clk
  Path Type:              Hold (Min at Fast Process Corner)
  Requirement:            0.000ns  (sys_clk rise@0.000ns - sys_clk rise@0.000ns)
  Data Path Delay:        0.609ns  (logic 0.291ns (47.744%)  route 0.318ns (52.256%))
  Logic Levels:           2  (CARRY4=1 LUT2=1)
  Clock Path Skew:        0.006ns (DCD - SCD - CPR)
    Destination Clock Delay (DCD):    2.117ns
    Source Clock Delay      (SCD):    1.627ns
    Clock Pessimism Removal (CPR):    0.484ns

    Location             Delay type                Incr(ns)  Path(ns)    Netlist Resource(s)
  -------------------------------------------------------------------    -------------------
                         (clock sys_clk rise edge)    0.000     0.000 r  <hidden>
    U14                                               0.000     0.000 r  clk
                         net (fo=0)                   0.000     0.000    clk
    U14                  IBUF (Prop_ibuf_I_O)         0.302     0.302 r  clk_IBUF_inst/O
                         net (fo=1, routed)           0.674     0.976    clk_IBUF
    BUFGCTRL_X0Y16       BUFG (Prop_bufg_I_O)         0.026     1.002 r  clk_IBUF_BUFG_inst/O
                         net (fo=60, routed)          0.625     1.627    clk_IBUF_BUFG
    SLICE_X106Y78        FDCE                                         r  d_reg_reg[4]/C
  -------------------------------------------------------------------    -------------------
    SLICE_X106Y78        FDCE (Prop_fdce_C_Q)         0.141     1.768 r  d_reg_reg[4]/Q
                         net (fo=2, routed)           0.318     2.087    d_reg[4]
    SLICE_X100Y77        LUT2 (Prop_lut2_I1_O)        0.045     2.132 r  sum_ad_pipe[7]_i_5/O
                         net (fo=1, routed)           0.000     2.132    sum_ad_pipe[7]_i_5_n_0
    SLICE_X100Y77        CARRY4 (Prop_carry4_S[0]_O[1])
                                                      0.105     2.237 r  sum_ad_pipe_reg[7]_i_1/O[1]
                         net (fo=1, routed)           0.000     2.237    sum_ad[5]
    SLICE_X100Y77        FDCE                                         r  sum_ad_pipe_reg[5]/D
  -------------------------------------------------------------------    -------------------

                         (clock sys_clk rise edge)    0.000     0.000 r  <hidden>
    U14                                               0.000     0.000 r  clk
                         net (fo=0)                   0.000     0.000    clk
    U14                  IBUF (Prop_ibuf_I_O)         0.492     0.492 r  clk_IBUF_inst/O
                         net (fo=1, routed)           0.731     1.223    clk_IBUF
    BUFGCTRL_X0Y16       BUFG (Prop_bufg_I_O)         0.029     1.252 r  clk_IBUF_BUFG_inst/O
                         net (fo=60, routed)          0.865     2.117    clk_IBUF_BUFG
    SLICE_X100Y77        FDCE                                         r  sum_ad_pipe_reg[5]/C
                         clock pessimism             -0.484     1.633    <hidden>
    SLICE_X100Y77        FDCE (Hold_fdce_C_D)         0.134     1.767    sum_ad_pipe_reg[5]
  -------------------------------------------------------------------
                         required time                         -1.767    <hidden>
                         arrival time                           2.237    <hidden>
  -------------------------------------------------------------------
                         slack                                  0.469    <hidden>

Slack (MET) :             0.480ns  (arrival time - required time)
  Source:                 a_reg_reg[2]/C
                            (rising edge-triggered cell FDCE clocked by sys_clk  {rise@0.000ns fall@5.750ns period=11.500ns})
  Destination:            sum_ad_pipe_reg[2]/D
                            (rising edge-triggered cell FDCE clocked by sys_clk  {rise@0.000ns fall@5.750ns period=11.500ns})
  Path Group:             sys_clk
  Path Type:              Hold (Min at Fast Process Corner)
  Requirement:            0.000ns  (sys_clk rise@0.000ns - sys_clk rise@0.000ns)
  Data Path Delay:        0.645ns  (logic 0.251ns (38.921%)  route 0.394ns (61.079%))
  Logic Levels:           2  (CARRY4=1 LUT2=1)
  Clock Path Skew:        0.031ns (DCD - SCD - CPR)
    Destination Clock Delay (DCD):    2.115ns
    Source Clock Delay      (SCD):    1.600ns
    Clock Pessimism Removal (CPR):    0.484ns

    Location             Delay type                Incr(ns)  Path(ns)    Netlist Resource(s)
  -------------------------------------------------------------------    -------------------
                         (clock sys_clk rise edge)    0.000     0.000 r  <hidden>
    U14                                               0.000     0.000 r  clk
                         net (fo=0)                   0.000     0.000    clk
    U14                  IBUF (Prop_ibuf_I_O)         0.302     0.302 r  clk_IBUF_inst/O
                         net (fo=1, routed)           0.674     0.976    clk_IBUF
    BUFGCTRL_X0Y16       BUFG (Prop_bufg_I_O)         0.026     1.002 r  clk_IBUF_BUFG_inst/O
                         net (fo=60, routed)          0.598     1.600    clk_IBUF_BUFG
    SLICE_X101Y72        FDCE                                         r  a_reg_reg[2]/C
  -------------------------------------------------------------------    -------------------
    SLICE_X101Y72        FDCE (Prop_fdce_C_Q)         0.141     1.741 r  a_reg_reg[2]/Q
                         net (fo=4, routed)           0.394     2.135    a_reg[2]
    SLICE_X100Y76        LUT2 (Prop_lut2_I0_O)        0.045     2.180 r  sum_ad_pipe[3]_i_3/O
                         net (fo=1, routed)           0.000     2.180    sum_ad_pipe[3]_i_3_n_0
    SLICE_X100Y76        CARRY4 (Prop_carry4_S[2]_O[2])
                                                      0.065     2.245 r  sum_ad_pipe_reg[3]_i_1/O[2]
                         net (fo=1, routed)           0.000     2.245    sum_ad[2]
    SLICE_X100Y76        FDCE                                         r  sum_ad_pipe_reg[2]/D
  -------------------------------------------------------------------    -------------------

                         (clock sys_clk rise edge)    0.000     0.000 r  <hidden>
    U14                                               0.000     0.000 r  clk
                         net (fo=0)                   0.000     0.000    clk
    U14                  IBUF (Prop_ibuf_I_O)         0.492     0.492 r  clk_IBUF_inst/O
                         net (fo=1, routed)           0.731     1.223    clk_IBUF
    BUFGCTRL_X0Y16       BUFG (Prop_bufg_I_O)         0.029     1.252 r  clk_IBUF_BUFG_inst/O
                         net (fo=60, routed)          0.863     2.115    clk_IBUF_BUFG
    SLICE_X100Y76        FDCE                                         r  sum_ad_pipe_reg[2]/C
                         clock pessimism             -0.484     1.631    <hidden>
    SLICE_X100Y76        FDCE (Hold_fdce_C_D)         0.134     1.765    sum_ad_pipe_reg[2]
  -------------------------------------------------------------------
                         required time                         -1.765    <hidden>
                         arrival time                           2.245    <hidden>
  -------------------------------------------------------------------
                         slack                                  0.480    <hidden>





Pulse Width Checks
--------------------------------------------------------------------------------------
Clock Name:         sys_clk
Waveform(ns):       { 0.000 5.750 }
Period(ns):         11.500
Sources:            { clk }

Check Type        Corner  Lib Pin      Reference Pin  Required(ns)  Actual(ns)  Slack(ns)  Location        Pin
Min Period        n/a     BUFG/I       n/a            2.155         11.500      9.345      BUFGCTRL_X0Y16  clk_IBUF_BUFG_inst/I
Min Period        n/a     DSP48E1/CLK  n/a            2.154         11.500      9.346      DSP48_X4Y30     result0/CLK
Min Period        n/a     FDCE/C       n/a            1.000         11.500      10.500     SLICE_X102Y72   a_reg_reg[0]/C
Min Period        n/a     FDCE/C       n/a            1.000         11.500      10.500     SLICE_X102Y72   a_reg_reg[1]/C
Min Period        n/a     FDCE/C       n/a            1.000         11.500      10.500     SLICE_X101Y72   a_reg_reg[2]/C
Min Period        n/a     FDCE/C       n/a            1.000         11.500      10.500     SLICE_X101Y72   a_reg_reg[3]/C
Min Period        n/a     FDCE/C       n/a            1.000         11.500      10.500     SLICE_X102Y73   a_reg_reg[4]/C
Min Period        n/a     FDCE/C       n/a            1.000         11.500      10.500     SLICE_X102Y72   a_reg_reg[5]/C
Min Period        n/a     FDCE/C       n/a            1.000         11.500      10.500     SLICE_X102Y72   a_reg_reg[6]/C
Min Period        n/a     FDCE/C       n/a            1.000         11.500      10.500     SLICE_X102Y72   a_reg_reg[7]/C
Low Pulse Width   Slow    FDCE/C       n/a            0.500         5.750       5.250      SLICE_X102Y72   a_reg_reg[0]/C
Low Pulse Width   Fast    FDCE/C       n/a            0.500         5.750       5.250      SLICE_X102Y72   a_reg_reg[0]/C
Low Pulse Width   Slow    FDCE/C       n/a            0.500         5.750       5.250      SLICE_X102Y72   a_reg_reg[1]/C
Low Pulse Width   Fast    FDCE/C       n/a            0.500         5.750       5.250      SLICE_X102Y72   a_reg_reg[1]/C
Low Pulse Width   Slow    FDCE/C       n/a            0.500         5.750       5.250      SLICE_X101Y72   a_reg_reg[2]/C
Low Pulse Width   Fast    FDCE/C       n/a            0.500         5.750       5.250      SLICE_X101Y72   a_reg_reg[2]/C
Low Pulse Width   Slow    FDCE/C       n/a            0.500         5.750       5.250      SLICE_X101Y72   a_reg_reg[3]/C
Low Pulse Width   Fast    FDCE/C       n/a            0.500         5.750       5.250      SLICE_X101Y72   a_reg_reg[3]/C
Low Pulse Width   Slow    FDCE/C       n/a            0.500         5.750       5.250      SLICE_X102Y73   a_reg_reg[4]/C
Low Pulse Width   Fast    FDCE/C       n/a            0.500         5.750       5.250      SLICE_X102Y73   a_reg_reg[4]/C
High Pulse Width  Slow    FDCE/C       n/a            0.500         5.750       5.250      SLICE_X102Y72   a_reg_reg[0]/C
High Pulse Width  Fast    FDCE/C       n/a            0.500         5.750       5.250      SLICE_X102Y72   a_reg_reg[0]/C
High Pulse Width  Slow    FDCE/C       n/a            0.500         5.750       5.250      SLICE_X102Y72   a_reg_reg[1]/C
High Pulse Width  Fast    FDCE/C       n/a            0.500         5.750       5.250      SLICE_X102Y72   a_reg_reg[1]/C
High Pulse Width  Slow    FDCE/C       n/a            0.500         5.750       5.250      SLICE_X101Y72   a_reg_reg[2]/C
High Pulse Width  Fast    FDCE/C       n/a            0.500         5.750       5.250      SLICE_X101Y72   a_reg_reg[2]/C
High Pulse Width  Slow    FDCE/C       n/a            0.500         5.750       5.250      SLICE_X101Y72   a_reg_reg[3]/C
High Pulse Width  Fast    FDCE/C       n/a            0.500         5.750       5.250      SLICE_X101Y72   a_reg_reg[3]/C
High Pulse Width  Slow    FDCE/C       n/a            0.500         5.750       5.250      SLICE_X102Y73   a_reg_reg[4]/C
High Pulse Width  Fast    FDCE/C       n/a            0.500         5.750       5.250      SLICE_X102Y73   a_reg_reg[4]/C



--------------------------------------------------------------------------------------
Path Group:  (none)
From Clock:  sys_clk
  To Clock:  

Max Delay            27 Endpoints
Min Delay            27 Endpoints
--------------------------------------------------------------------------------------


Max Delay Paths
--------------------------------------------------------------------------------------
Slack:                    inf
  Source:                 result0/CLK
                            (rising edge-triggered cell DSP48E1 clocked by sys_clk  {rise@0.000ns fall@5.750ns period=11.500ns})
  Destination:            result[21]
                            (output port)
  Path Group:             (none)
  Path Type:              Max at Slow Process Corner
  Data Path Delay:        8.016ns  (logic 3.398ns (42.394%)  route 4.618ns (57.606%))
  Logic Levels:           2  (LUT2=1 OBUF=1)
  Clock Uncertainty:      0.025ns  ((TSJ^2 + TIJ^2)^1/2 + DJ) / 2 + PE
    Total System Jitter     (TSJ):    0.050ns
    Total Input Jitter      (TIJ):    0.000ns
    Discrete Jitter          (DJ):    0.000ns
    Phase Error              (PE):    0.000ns

    Location             Delay type                Incr(ns)  Path(ns)    Netlist Resource(s)
  -------------------------------------------------------------------    -------------------
                         (clock sys_clk rise edge)    0.000     0.000 r  <hidden>
    U14                                               0.000     0.000 r  clk
                         net (fo=0)                   0.000     0.000    clk
    U14                  IBUF (Prop_ibuf_I_O)         1.075     1.075 r  clk_IBUF_inst/O
                         net (fo=1, routed)           2.205     3.280    clk_IBUF
    BUFGCTRL_X0Y16       BUFG (Prop_bufg_I_O)         0.101     3.381 r  clk_IBUF_BUFG_inst/O
                         net (fo=60, routed)          1.857     5.237    clk_IBUF_BUFG
    DSP48_X4Y30          DSP48E1                                      r  result0/CLK
  -------------------------------------------------------------------    -------------------
    DSP48_X4Y30          DSP48E1 (Prop_dsp48e1_CLK_P[21])
                                                      0.434     5.671 r  result0/P[21]
                         net (fo=1, routed)           1.147     6.818    result0_n_84
    SLICE_X103Y78        LUT2 (Prop_lut2_I0_O)        0.154     6.972 r  result_OBUF[21]_inst_i_1/O
                         net (fo=1, routed)           3.471    10.443    result_OBUF[21]
    H18                  OBUF (Prop_obuf_I_O)         2.810    13.253 r  result_OBUF[21]_inst/O
                         net (fo=0)                   0.000    13.253    result[21]
    H18                                                               r  result[21]
  -------------------------------------------------------------------    -------------------

Slack:                    inf
  Source:                 result0/CLK
                            (rising edge-triggered cell DSP48E1 clocked by sys_clk  {rise@0.000ns fall@5.750ns period=11.500ns})
  Destination:            result[25]
                            (output port)
  Path Group:             (none)
  Path Type:              Max at Slow Process Corner
  Data Path Delay:        7.995ns  (logic 3.425ns (42.837%)  route 4.570ns (57.163%))
  Logic Levels:           2  (LUT2=1 OBUF=1)
  Clock Uncertainty:      0.025ns  ((TSJ^2 + TIJ^2)^1/2 + DJ) / 2 + PE
    Total System Jitter     (TSJ):    0.050ns
    Total Input Jitter      (TIJ):    0.000ns
    Discrete Jitter          (DJ):    0.000ns
    Phase Error              (PE):    0.000ns

    Location             Delay type                Incr(ns)  Path(ns)    Netlist Resource(s)
  -------------------------------------------------------------------    -------------------
                         (clock sys_clk rise edge)    0.000     0.000 r  <hidden>
    U14                                               0.000     0.000 r  clk
                         net (fo=0)                   0.000     0.000    clk
    U14                  IBUF (Prop_ibuf_I_O)         1.075     1.075 r  clk_IBUF_inst/O
                         net (fo=1, routed)           2.205     3.280    clk_IBUF
    BUFGCTRL_X0Y16       BUFG (Prop_bufg_I_O)         0.101     3.381 r  clk_IBUF_BUFG_inst/O
                         net (fo=60, routed)          1.857     5.237    clk_IBUF_BUFG
    DSP48_X4Y30          DSP48E1                                      r  result0/CLK
  -------------------------------------------------------------------    -------------------
    DSP48_X4Y30          DSP48E1 (Prop_dsp48e1_CLK_P[25])
                                                      0.434     5.671 r  result0/P[25]
                         net (fo=1, routed)           0.995     6.666    result0_n_80
    SLICE_X103Y77        LUT2 (Prop_lut2_I0_O)        0.152     6.818 r  result_OBUF[25]_inst_i_1/O
                         net (fo=1, routed)           3.575    10.393    result_OBUF[25]
    K18                  OBUF (Prop_obuf_I_O)         2.839    13.232 r  result_OBUF[25]_inst/O
                         net (fo=0)                   0.000    13.232    result[25]
    K18                                                               r  result[25]
  -------------------------------------------------------------------    -------------------

Slack:                    inf
  Source:                 result0/CLK
                            (rising edge-triggered cell DSP48E1 clocked by sys_clk  {rise@0.000ns fall@5.750ns period=11.500ns})
  Destination:            result[23]
                            (output port)
  Path Group:             (none)
  Path Type:              Max at Slow Process Corner
  Data Path Delay:        7.931ns  (logic 3.391ns (42.763%)  route 4.539ns (57.237%))
  Logic Levels:           2  (LUT2=1 OBUF=1)
  Clock Uncertainty:      0.025ns  ((TSJ^2 + TIJ^2)^1/2 + DJ) / 2 + PE
    Total System Jitter     (TSJ):    0.050ns
    Total Input Jitter      (TIJ):    0.000ns
    Discrete Jitter          (DJ):    0.000ns
    Phase Error              (PE):    0.000ns

    Location             Delay type                Incr(ns)  Path(ns)    Netlist Resource(s)
  -------------------------------------------------------------------    -------------------
                         (clock sys_clk rise edge)    0.000     0.000 r  <hidden>
    U14                                               0.000     0.000 r  clk
                         net (fo=0)                   0.000     0.000    clk
    U14                  IBUF (Prop_ibuf_I_O)         1.075     1.075 r  clk_IBUF_inst/O
                         net (fo=1, routed)           2.205     3.280    clk_IBUF
    BUFGCTRL_X0Y16       BUFG (Prop_bufg_I_O)         0.101     3.381 r  clk_IBUF_BUFG_inst/O
                         net (fo=60, routed)          1.857     5.237    clk_IBUF_BUFG
    DSP48_X4Y30          DSP48E1                                      r  result0/CLK
  -------------------------------------------------------------------    -------------------
    DSP48_X4Y30          DSP48E1 (Prop_dsp48e1_CLK_P[23])
                                                      0.434     5.671 r  result0/P[23]
                         net (fo=1, routed)           1.006     6.678    result0_n_82
    SLICE_X104Y76        LUT2 (Prop_lut2_I0_O)        0.148     6.826 r  result_OBUF[23]_inst_i_1/O
                         net (fo=1, routed)           3.533    10.358    result_OBUF[23]
    H17                  OBUF (Prop_obuf_I_O)         2.809    13.168 r  result_OBUF[23]_inst/O
                         net (fo=0)                   0.000    13.168    result[23]
    H17                                                               r  result[23]
  -------------------------------------------------------------------    -------------------

Slack:                    inf
  Source:                 result_OBUF[26]_inst_i_2/C
                            (rising edge-triggered cell FDCE clocked by sys_clk  {rise@0.000ns fall@5.750ns period=11.500ns})
  Destination:            result[17]
                            (output port)
  Path Group:             (none)
  Path Type:              Max at Slow Process Corner
  Data Path Delay:        7.793ns  (logic 3.422ns (43.907%)  route 4.371ns (56.093%))
  Logic Levels:           2  (LUT2=1 OBUF=1)
  Clock Uncertainty:      0.025ns  ((TSJ^2 + TIJ^2)^1/2 + DJ) / 2 + PE
    Total System Jitter     (TSJ):    0.050ns
    Total Input Jitter      (TIJ):    0.000ns
    Discrete Jitter          (DJ):    0.000ns
    Phase Error              (PE):    0.000ns

    Location             Delay type                Incr(ns)  Path(ns)    Netlist Resource(s)
  -------------------------------------------------------------------    -------------------
                         (clock sys_clk rise edge)    0.000     0.000 r  <hidden>
    U14                                               0.000     0.000 r  clk
                         net (fo=0)                   0.000     0.000    clk
    U14                  IBUF (Prop_ibuf_I_O)         1.075     1.075 r  clk_IBUF_inst/O
                         net (fo=1, routed)           2.205     3.280    clk_IBUF
    BUFGCTRL_X0Y16       BUFG (Prop_bufg_I_O)         0.101     3.381 r  clk_IBUF_BUFG_inst/O
                         net (fo=60, routed)          1.771     5.152    clk_IBUF_BUFG
    SLICE_X103Y78        FDCE                                         r  result_OBUF[26]_inst_i_2/C
  -------------------------------------------------------------------    -------------------
    SLICE_X103Y78        FDCE (Prop_fdce_C_Q)         0.456     5.608 r  result_OBUF[26]_inst_i_2/Q
                         net (fo=27, routed)          1.074     6.682    result_OBUF[26]_inst_i_2_n_0
    SLICE_X102Y79        LUT2 (Prop_lut2_I1_O)        0.152     6.834 r  result_OBUF[17]_inst_i_1/O
                         net (fo=1, routed)           3.297    10.131    result_OBUF[17]
    G18                  OBUF (Prop_obuf_I_O)         2.814    12.944 r  result_OBUF[17]_inst/O
                         net (fo=0)                   0.000    12.944    result[17]
    G18                                                               r  result[17]
  -------------------------------------------------------------------    -------------------

Slack:                    inf
  Source:                 result0/CLK
                            (rising edge-triggered cell DSP48E1 clocked by sys_clk  {rise@0.000ns fall@5.750ns period=11.500ns})
  Destination:            result[26]
                            (output port)
  Path Group:             (none)
  Path Type:              Max at Slow Process Corner
  Data Path Delay:        7.701ns  (logic 3.181ns (41.302%)  route 4.520ns (58.698%))
  Logic Levels:           2  (LUT2=1 OBUF=1)
  Clock Uncertainty:      0.025ns  ((TSJ^2 + TIJ^2)^1/2 + DJ) / 2 + PE
    Total System Jitter     (TSJ):    0.050ns
    Total Input Jitter      (TIJ):    0.000ns
    Discrete Jitter          (DJ):    0.000ns
    Phase Error              (PE):    0.000ns

    Location             Delay type                Incr(ns)  Path(ns)    Netlist Resource(s)
  -------------------------------------------------------------------    -------------------
                         (clock sys_clk rise edge)    0.000     0.000 r  <hidden>
    U14                                               0.000     0.000 r  clk
                         net (fo=0)                   0.000     0.000    clk
    U14                  IBUF (Prop_ibuf_I_O)         1.075     1.075 r  clk_IBUF_inst/O
                         net (fo=1, routed)           2.205     3.280    clk_IBUF
    BUFGCTRL_X0Y16       BUFG (Prop_bufg_I_O)         0.101     3.381 r  clk_IBUF_BUFG_inst/O
                         net (fo=60, routed)          1.857     5.237    clk_IBUF_BUFG
    DSP48_X4Y30          DSP48E1                                      r  result0/CLK
  -------------------------------------------------------------------    -------------------
    DSP48_X4Y30          DSP48E1 (Prop_dsp48e1_CLK_P[26])
                                                      0.434     5.671 r  result0/P[26]
                         net (fo=1, routed)           0.953     6.624    result0_n_79
    SLICE_X102Y79        LUT2 (Prop_lut2_I0_O)        0.124     6.748 r  result_OBUF[26]_inst_i_1/O
                         net (fo=1, routed)           3.568    10.315    result_OBUF[26]
    K17                  OBUF (Prop_obuf_I_O)         2.623    12.938 r  result_OBUF[26]_inst/O
                         net (fo=0)                   0.000    12.938    result[26]
    K17                                                               r  result[26]
  -------------------------------------------------------------------    -------------------

Slack:                    inf
  Source:                 result0/CLK
                            (rising edge-triggered cell DSP48E1 clocked by sys_clk  {rise@0.000ns fall@5.750ns period=11.500ns})
  Destination:            result[7]
                            (output port)
  Path Group:             (none)
  Path Type:              Max at Slow Process Corner
  Data Path Delay:        7.667ns  (logic 3.459ns (45.119%)  route 4.208ns (54.881%))
  Logic Levels:           2  (LUT2=1 OBUF=1)
  Clock Uncertainty:      0.025ns  ((TSJ^2 + TIJ^2)^1/2 + DJ) / 2 + PE
    Total System Jitter     (TSJ):    0.050ns
    Total Input Jitter      (TIJ):    0.000ns
    Discrete Jitter          (DJ):    0.000ns
    Phase Error              (PE):    0.000ns

    Location             Delay type                Incr(ns)  Path(ns)    Netlist Resource(s)
  -------------------------------------------------------------------    -------------------
                         (clock sys_clk rise edge)    0.000     0.000 r  <hidden>
    U14                                               0.000     0.000 r  clk
                         net (fo=0)                   0.000     0.000    clk
    U14                  IBUF (Prop_ibuf_I_O)         1.075     1.075 r  clk_IBUF_inst/O
                         net (fo=1, routed)           2.205     3.280    clk_IBUF
    BUFGCTRL_X0Y16       BUFG (Prop_bufg_I_O)         0.101     3.381 r  clk_IBUF_BUFG_inst/O
                         net (fo=60, routed)          1.857     5.237    clk_IBUF_BUFG
    DSP48_X4Y30          DSP48E1                                      r  result0/CLK
  -------------------------------------------------------------------    -------------------
    DSP48_X4Y30          DSP48E1 (Prop_dsp48e1_CLK_P[7])
                                                      0.434     5.671 r  result0/P[7]
                         net (fo=1, routed)           1.124     6.795    result0_n_98
    SLICE_X102Y76        LUT2 (Prop_lut2_I0_O)        0.153     6.948 r  result_OBUF[7]_inst_i_1/O
                         net (fo=1, routed)           3.084    10.032    result_OBUF[7]
    N16                  OBUF (Prop_obuf_I_O)         2.872    12.904 r  result_OBUF[7]_inst/O
                         net (fo=0)                   0.000    12.904    result[7]
    N16                                                               r  result[7]
  -------------------------------------------------------------------    -------------------

Slack:                    inf
  Source:                 result0/CLK
                            (rising edge-triggered cell DSP48E1 clocked by sys_clk  {rise@0.000ns fall@5.750ns period=11.500ns})
  Destination:            result[13]
                            (output port)
  Path Group:             (none)
  Path Type:              Max at Slow Process Corner
  Data Path Delay:        7.529ns  (logic 3.394ns (45.078%)  route 4.135ns (54.922%))
  Logic Levels:           2  (LUT2=1 OBUF=1)
  Clock Uncertainty:      0.025ns  ((TSJ^2 + TIJ^2)^1/2 + DJ) / 2 + PE
    Total System Jitter     (TSJ):    0.050ns
    Total Input Jitter      (TIJ):    0.000ns
    Discrete Jitter          (DJ):    0.000ns
    Phase Error              (PE):    0.000ns

    Location             Delay type                Incr(ns)  Path(ns)    Netlist Resource(s)
  -------------------------------------------------------------------    -------------------
                         (clock sys_clk rise edge)    0.000     0.000 r  <hidden>
    U14                                               0.000     0.000 r  clk
                         net (fo=0)                   0.000     0.000    clk
    U14                  IBUF (Prop_ibuf_I_O)         1.075     1.075 r  clk_IBUF_inst/O
                         net (fo=1, routed)           2.205     3.280    clk_IBUF
    BUFGCTRL_X0Y16       BUFG (Prop_bufg_I_O)         0.101     3.381 r  clk_IBUF_BUFG_inst/O
                         net (fo=60, routed)          1.857     5.237    clk_IBUF_BUFG
    DSP48_X4Y30          DSP48E1                                      r  result0/CLK
  -------------------------------------------------------------------    -------------------
    DSP48_X4Y30          DSP48E1 (Prop_dsp48e1_CLK_P[13])
                                                      0.434     5.671 r  result0/P[13]
                         net (fo=1, routed)           0.993     6.664    result0_n_92
    SLICE_X103Y78        LUT2 (Prop_lut2_I0_O)        0.152     6.816 r  result_OBUF[13]_inst_i_1/O
                         net (fo=1, routed)           3.142     9.958    result_OBUF[13]
    G20                  OBUF (Prop_obuf_I_O)         2.808    12.766 r  result_OBUF[13]_inst/O
                         net (fo=0)                   0.000    12.766    result[13]
    G20                                                               r  result[13]
  -------------------------------------------------------------------    -------------------

Slack:                    inf
  Source:                 result0/CLK
                            (rising edge-triggered cell DSP48E1 clocked by sys_clk  {rise@0.000ns fall@5.750ns period=11.500ns})
  Destination:            result[19]
                            (output port)
  Path Group:             (none)
  Path Type:              Max at Slow Process Corner
  Data Path Delay:        7.460ns  (logic 3.400ns (45.573%)  route 4.060ns (54.427%))
  Logic Levels:           2  (LUT2=1 OBUF=1)
  Clock Uncertainty:      0.025ns  ((TSJ^2 + TIJ^2)^1/2 + DJ) / 2 + PE
    Total System Jitter     (TSJ):    0.050ns
    Total Input Jitter      (TIJ):    0.000ns
    Discrete Jitter          (DJ):    0.000ns
    Phase Error              (PE):    0.000ns

    Location             Delay type                Incr(ns)  Path(ns)    Netlist Resource(s)
  -------------------------------------------------------------------    -------------------
                         (clock sys_clk rise edge)    0.000     0.000 r  <hidden>
    U14                                               0.000     0.000 r  clk
                         net (fo=0)                   0.000     0.000    clk
    U14                  IBUF (Prop_ibuf_I_O)         1.075     1.075 r  clk_IBUF_inst/O
                         net (fo=1, routed)           2.205     3.280    clk_IBUF
    BUFGCTRL_X0Y16       BUFG (Prop_bufg_I_O)         0.101     3.381 r  clk_IBUF_BUFG_inst/O
                         net (fo=60, routed)          1.857     5.237    clk_IBUF_BUFG
    DSP48_X4Y30          DSP48E1                                      r  result0/CLK
  -------------------------------------------------------------------    -------------------
    DSP48_X4Y30          DSP48E1 (Prop_dsp48e1_CLK_P[19])
                                                      0.434     5.671 r  result0/P[19]
                         net (fo=1, routed)           0.985     6.656    result0_n_86
    SLICE_X102Y79        LUT2 (Prop_lut2_I0_O)        0.153     6.809 r  result_OBUF[19]_inst_i_1/O
                         net (fo=1, routed)           3.075     9.884    result_OBUF[19]
    F20                  OBUF (Prop_obuf_I_O)         2.813    12.697 r  result_OBUF[19]_inst/O
                         net (fo=0)                   0.000    12.697    result[19]
    F20                                                               r  result[19]
  -------------------------------------------------------------------    -------------------

Slack:                    inf
  Source:                 result_OBUF[26]_inst_i_2/C
                            (rising edge-triggered cell FDCE clocked by sys_clk  {rise@0.000ns fall@5.750ns period=11.500ns})
  Destination:            result[22]
                            (output port)
  Path Group:             (none)
  Path Type:              Max at Slow Process Corner
  Data Path Delay:        7.534ns  (logic 3.203ns (42.517%)  route 4.331ns (57.483%))
  Logic Levels:           2  (LUT2=1 OBUF=1)
  Clock Uncertainty:      0.025ns  ((TSJ^2 + TIJ^2)^1/2 + DJ) / 2 + PE
    Total System Jitter     (TSJ):    0.050ns
    Total Input Jitter      (TIJ):    0.000ns
    Discrete Jitter          (DJ):    0.000ns
    Phase Error              (PE):    0.000ns

    Location             Delay type                Incr(ns)  Path(ns)    Netlist Resource(s)
  -------------------------------------------------------------------    -------------------
                         (clock sys_clk rise edge)    0.000     0.000 r  <hidden>
    U14                                               0.000     0.000 r  clk
                         net (fo=0)                   0.000     0.000    clk
    U14                  IBUF (Prop_ibuf_I_O)         1.075     1.075 r  clk_IBUF_inst/O
                         net (fo=1, routed)           2.205     3.280    clk_IBUF
    BUFGCTRL_X0Y16       BUFG (Prop_bufg_I_O)         0.101     3.381 r  clk_IBUF_BUFG_inst/O
                         net (fo=60, routed)          1.771     5.152    clk_IBUF_BUFG
    SLICE_X103Y78        FDCE                                         r  result_OBUF[26]_inst_i_2/C
  -------------------------------------------------------------------    -------------------
    SLICE_X103Y78        FDCE (Prop_fdce_C_Q)         0.456     5.608 r  result_OBUF[26]_inst_i_2/Q
                         net (fo=27, routed)          1.058     6.665    result_OBUF[26]_inst_i_2_n_0
    SLICE_X104Y76        LUT2 (Prop_lut2_I1_O)        0.124     6.789 r  result_OBUF[22]_inst_i_1/O
                         net (fo=1, routed)           3.273    10.062    result_OBUF[22]
    J18                  OBUF (Prop_obuf_I_O)         2.623    12.685 r  result_OBUF[22]_inst/O
                         net (fo=0)                   0.000    12.685    result[22]
    J18                                                               r  result[22]
  -------------------------------------------------------------------    -------------------

Slack:                    inf
  Source:                 result0/CLK
                            (rising edge-triggered cell DSP48E1 clocked by sys_clk  {rise@0.000ns fall@5.750ns period=11.500ns})
  Destination:            result[15]
                            (output port)
  Path Group:             (none)
  Path Type:              Max at Slow Process Corner
  Data Path Delay:        7.411ns  (logic 3.403ns (45.920%)  route 4.008ns (54.080%))
  Logic Levels:           2  (LUT2=1 OBUF=1)
  Clock Uncertainty:      0.025ns  ((TSJ^2 + TIJ^2)^1/2 + DJ) / 2 + PE
    Total System Jitter     (TSJ):    0.050ns
    Total Input Jitter      (TIJ):    0.000ns
    Discrete Jitter          (DJ):    0.000ns
    Phase Error              (PE):    0.000ns

    Location             Delay type                Incr(ns)  Path(ns)    Netlist Resource(s)
  -------------------------------------------------------------------    -------------------
                         (clock sys_clk rise edge)    0.000     0.000 r  <hidden>
    U14                                               0.000     0.000 r  clk
                         net (fo=0)                   0.000     0.000    clk
    U14                  IBUF (Prop_ibuf_I_O)         1.075     1.075 r  clk_IBUF_inst/O
                         net (fo=1, routed)           2.205     3.280    clk_IBUF
    BUFGCTRL_X0Y16       BUFG (Prop_bufg_I_O)         0.101     3.381 r  clk_IBUF_BUFG_inst/O
                         net (fo=60, routed)          1.857     5.237    clk_IBUF_BUFG
    DSP48_X4Y30          DSP48E1                                      r  result0/CLK
  -------------------------------------------------------------------    -------------------
    DSP48_X4Y30          DSP48E1 (Prop_dsp48e1_CLK_P[15])
                                                      0.434     5.671 r  result0/P[15]
                         net (fo=1, routed)           0.860     6.531    result0_n_90
    SLICE_X102Y79        LUT2 (Prop_lut2_I0_O)        0.148     6.679 r  result_OBUF[15]_inst_i_1/O
                         net (fo=1, routed)           3.148     9.827    result_OBUF[15]
    H20                  OBUF (Prop_obuf_I_O)         2.821    12.648 r  result_OBUF[15]_inst/O
                         net (fo=0)                   0.000    12.648    result[15]
    H20                                                               r  result[15]
  -------------------------------------------------------------------    -------------------





Min Delay Paths
--------------------------------------------------------------------------------------
Slack:                    inf
  Source:                 result_OBUF[26]_inst_i_2/C
                            (rising edge-triggered cell FDCE clocked by sys_clk  {rise@0.000ns fall@5.750ns period=11.500ns})
  Destination:            result[2]
                            (output port)
  Path Group:             (none)
  Path Type:              Min at Fast Process Corner
  Data Path Delay:        2.366ns  (logic 1.323ns (55.935%)  route 1.043ns (44.065%))
  Logic Levels:           2  (LUT2=1 OBUF=1)
  Clock Uncertainty:      0.025ns  ((TSJ^2 + TIJ^2)^1/2 + DJ) / 2 + PE
    Total System Jitter     (TSJ):    0.050ns
    Total Input Jitter      (TIJ):    0.000ns
    Discrete Jitter          (DJ):    0.000ns
    Phase Error              (PE):    0.000ns

    Location             Delay type                Incr(ns)  Path(ns)    Netlist Resource(s)
  -------------------------------------------------------------------    -------------------
                         (clock sys_clk rise edge)    0.000     0.000 r  <hidden>
    U14                                               0.000     0.000 r  clk
                         net (fo=0)                   0.000     0.000    clk
    U14                  IBUF (Prop_ibuf_I_O)         0.302     0.302 r  clk_IBUF_inst/O
                         net (fo=1, routed)           0.674     0.976    clk_IBUF
    BUFGCTRL_X0Y16       BUFG (Prop_bufg_I_O)         0.026     1.002 r  clk_IBUF_BUFG_inst/O
                         net (fo=60, routed)          0.598     1.600    clk_IBUF_BUFG
    SLICE_X103Y78        FDCE                                         r  result_OBUF[26]_inst_i_2/C
  -------------------------------------------------------------------    -------------------
    SLICE_X103Y78        FDCE (Prop_fdce_C_Q)         0.141     1.741 r  result_OBUF[26]_inst_i_2/Q
                         net (fo=27, routed)          0.206     1.947    result_OBUF[26]_inst_i_2_n_0
    SLICE_X103Y78        LUT2 (Prop_lut2_I1_O)        0.045     1.992 r  result_OBUF[2]_inst_i_1/O
                         net (fo=1, routed)           0.837     2.829    result_OBUF[2]
    K16                  OBUF (Prop_obuf_I_O)         1.137     3.966 r  result_OBUF[2]_inst/O
                         net (fo=0)                   0.000     3.966    result[2]
    K16                                                               r  result[2]
  -------------------------------------------------------------------    -------------------

Slack:                    inf
  Source:                 result_OBUF[26]_inst_i_2/C
                            (rising edge-triggered cell FDCE clocked by sys_clk  {rise@0.000ns fall@5.750ns period=11.500ns})
  Destination:            result[0]
                            (output port)
  Path Group:             (none)
  Path Type:              Min at Fast Process Corner
  Data Path Delay:        2.447ns  (logic 1.352ns (55.256%)  route 1.095ns (44.744%))
  Logic Levels:           2  (LUT2=1 OBUF=1)
  Clock Uncertainty:      0.025ns  ((TSJ^2 + TIJ^2)^1/2 + DJ) / 2 + PE
    Total System Jitter     (TSJ):    0.050ns
    Total Input Jitter      (TIJ):    0.000ns
    Discrete Jitter          (DJ):    0.000ns
    Phase Error              (PE):    0.000ns

    Location             Delay type                Incr(ns)  Path(ns)    Netlist Resource(s)
  -------------------------------------------------------------------    -------------------
                         (clock sys_clk rise edge)    0.000     0.000 r  <hidden>
    U14                                               0.000     0.000 r  clk
                         net (fo=0)                   0.000     0.000    clk
    U14                  IBUF (Prop_ibuf_I_O)         0.302     0.302 r  clk_IBUF_inst/O
                         net (fo=1, routed)           0.674     0.976    clk_IBUF
    BUFGCTRL_X0Y16       BUFG (Prop_bufg_I_O)         0.026     1.002 r  clk_IBUF_BUFG_inst/O
                         net (fo=60, routed)          0.598     1.600    clk_IBUF_BUFG
    SLICE_X103Y78        FDCE                                         r  result_OBUF[26]_inst_i_2/C
  -------------------------------------------------------------------    -------------------
    SLICE_X103Y78        FDCE (Prop_fdce_C_Q)         0.141     1.741 r  result_OBUF[26]_inst_i_2/Q
                         net (fo=27, routed)          0.284     2.025    result_OBUF[26]_inst_i_2_n_0
    SLICE_X102Y78        LUT2 (Prop_lut2_I1_O)        0.045     2.070 r  result_OBUF[0]_inst_i_1/O
                         net (fo=1, routed)           0.811     2.881    result_OBUF[0]
    J15                  OBUF (Prop_obuf_I_O)         1.166     4.047 r  result_OBUF[0]_inst/O
                         net (fo=0)                   0.000     4.047    result[0]
    J15                                                               r  result[0]
  -------------------------------------------------------------------    -------------------

Slack:                    inf
  Source:                 result_OBUF[26]_inst_i_2/C
                            (rising edge-triggered cell FDCE clocked by sys_clk  {rise@0.000ns fall@5.750ns period=11.500ns})
  Destination:            result[1]
                            (output port)
  Path Group:             (none)
  Path Type:              Min at Fast Process Corner
  Data Path Delay:        2.452ns  (logic 1.380ns (56.270%)  route 1.072ns (43.730%))
  Logic Levels:           2  (LUT2=1 OBUF=1)
  Clock Uncertainty:      0.025ns  ((TSJ^2 + TIJ^2)^1/2 + DJ) / 2 + PE
    Total System Jitter     (TSJ):    0.050ns
    Total Input Jitter      (TIJ):    0.000ns
    Discrete Jitter          (DJ):    0.000ns
    Phase Error              (PE):    0.000ns

    Location             Delay type                Incr(ns)  Path(ns)    Netlist Resource(s)
  -------------------------------------------------------------------    -------------------
                         (clock sys_clk rise edge)    0.000     0.000 r  <hidden>
    U14                                               0.000     0.000 r  clk
                         net (fo=0)                   0.000     0.000    clk
    U14                  IBUF (Prop_ibuf_I_O)         0.302     0.302 r  clk_IBUF_inst/O
                         net (fo=1, routed)           0.674     0.976    clk_IBUF
    BUFGCTRL_X0Y16       BUFG (Prop_bufg_I_O)         0.026     1.002 r  clk_IBUF_BUFG_inst/O
                         net (fo=60, routed)          0.598     1.600    clk_IBUF_BUFG
    SLICE_X103Y78        FDCE                                         r  result_OBUF[26]_inst_i_2/C
  -------------------------------------------------------------------    -------------------
    SLICE_X103Y78        FDCE (Prop_fdce_C_Q)         0.141     1.741 r  result_OBUF[26]_inst_i_2/Q
                         net (fo=27, routed)          0.284     2.025    result_OBUF[26]_inst_i_2_n_0
    SLICE_X102Y78        LUT2 (Prop_lut2_I1_O)        0.043     2.068 r  result_OBUF[1]_inst_i_1/O
                         net (fo=1, routed)           0.789     2.857    result_OBUF[1]
    J16                  OBUF (Prop_obuf_I_O)         1.196     4.052 r  result_OBUF[1]_inst/O
                         net (fo=0)                   0.000     4.052    result[1]
    J16                                                               r  result[1]
  -------------------------------------------------------------------    -------------------

Slack:                    inf
  Source:                 result_OBUF[26]_inst_i_2/C
                            (rising edge-triggered cell FDCE clocked by sys_clk  {rise@0.000ns fall@5.750ns period=11.500ns})
  Destination:            result[3]
                            (output port)
  Path Group:             (none)
  Path Type:              Min at Fast Process Corner
  Data Path Delay:        2.476ns  (logic 1.442ns (58.238%)  route 1.034ns (41.762%))
  Logic Levels:           2  (LUT2=1 OBUF=1)
  Clock Uncertainty:      0.025ns  ((TSJ^2 + TIJ^2)^1/2 + DJ) / 2 + PE
    Total System Jitter     (TSJ):    0.050ns
    Total Input Jitter      (TIJ):    0.000ns
    Discrete Jitter          (DJ):    0.000ns
    Phase Error              (PE):    0.000ns

    Location             Delay type                Incr(ns)  Path(ns)    Netlist Resource(s)
  -------------------------------------------------------------------    -------------------
                         (clock sys_clk rise edge)    0.000     0.000 r  <hidden>
    U14                                               0.000     0.000 r  clk
                         net (fo=0)                   0.000     0.000    clk
    U14                  IBUF (Prop_ibuf_I_O)         0.302     0.302 r  clk_IBUF_inst/O
                         net (fo=1, routed)           0.674     0.976    clk_IBUF
    BUFGCTRL_X0Y16       BUFG (Prop_bufg_I_O)         0.026     1.002 r  clk_IBUF_BUFG_inst/O
                         net (fo=60, routed)          0.598     1.600    clk_IBUF_BUFG
    SLICE_X103Y78        FDCE                                         r  result_OBUF[26]_inst_i_2/C
  -------------------------------------------------------------------    -------------------
    SLICE_X103Y78        FDCE (Prop_fdce_C_Q)         0.141     1.741 r  result_OBUF[26]_inst_i_2/Q
                         net (fo=27, routed)          0.206     1.947    result_OBUF[26]_inst_i_2_n_0
    SLICE_X103Y78        LUT2 (Prop_lut2_I1_O)        0.042     1.989 r  result_OBUF[3]_inst_i_1/O
                         net (fo=1, routed)           0.829     2.817    result_OBUF[3]
    M15                  OBUF (Prop_obuf_I_O)         1.259     4.076 r  result_OBUF[3]_inst/O
                         net (fo=0)                   0.000     4.076    result[3]
    M15                                                               r  result[3]
  -------------------------------------------------------------------    -------------------

Slack:                    inf
  Source:                 result_OBUF[26]_inst_i_2/C
                            (rising edge-triggered cell FDCE clocked by sys_clk  {rise@0.000ns fall@5.750ns period=11.500ns})
  Destination:            result[12]
                            (output port)
  Path Group:             (none)
  Path Type:              Min at Fast Process Corner
  Data Path Delay:        2.478ns  (logic 1.351ns (54.521%)  route 1.127ns (45.479%))
  Logic Levels:           2  (LUT2=1 OBUF=1)
  Clock Uncertainty:      0.025ns  ((TSJ^2 + TIJ^2)^1/2 + DJ) / 2 + PE
    Total System Jitter     (TSJ):    0.050ns
    Total Input Jitter      (TIJ):    0.000ns
    Discrete Jitter          (DJ):    0.000ns
    Phase Error              (PE):    0.000ns

    Location             Delay type                Incr(ns)  Path(ns)    Netlist Resource(s)
  -------------------------------------------------------------------    -------------------
                         (clock sys_clk rise edge)    0.000     0.000 r  <hidden>
    U14                                               0.000     0.000 r  clk
                         net (fo=0)                   0.000     0.000    clk
    U14                  IBUF (Prop_ibuf_I_O)         0.302     0.302 r  clk_IBUF_inst/O
                         net (fo=1, routed)           0.674     0.976    clk_IBUF
    BUFGCTRL_X0Y16       BUFG (Prop_bufg_I_O)         0.026     1.002 r  clk_IBUF_BUFG_inst/O
                         net (fo=60, routed)          0.598     1.600    clk_IBUF_BUFG
    SLICE_X103Y78        FDCE                                         r  result_OBUF[26]_inst_i_2/C
  -------------------------------------------------------------------    -------------------
    SLICE_X103Y78        FDCE (Prop_fdce_C_Q)         0.141     1.741 r  result_OBUF[26]_inst_i_2/Q
                         net (fo=27, routed)          0.204     1.945    result_OBUF[26]_inst_i_2_n_0
    SLICE_X103Y78        LUT2 (Prop_lut2_I1_O)        0.045     1.990 r  result_OBUF[12]_inst_i_1/O
                         net (fo=1, routed)           0.923     2.913    result_OBUF[12]
    H15                  OBUF (Prop_obuf_I_O)         1.165     4.078 r  result_OBUF[12]_inst/O
                         net (fo=0)                   0.000     4.078    result[12]
    H15                                                               r  result[12]
  -------------------------------------------------------------------    -------------------

Slack:                    inf
  Source:                 result_OBUF[26]_inst_i_2/C
                            (rising edge-triggered cell FDCE clocked by sys_clk  {rise@0.000ns fall@5.750ns period=11.500ns})
  Destination:            result[11]
                            (output port)
  Path Group:             (none)
  Path Type:              Min at Fast Process Corner
  Data Path Delay:        2.520ns  (logic 1.383ns (54.884%)  route 1.137ns (45.116%))
  Logic Levels:           2  (LUT2=1 OBUF=1)
  Clock Uncertainty:      0.025ns  ((TSJ^2 + TIJ^2)^1/2 + DJ) / 2 + PE
    Total System Jitter     (TSJ):    0.050ns
    Total Input Jitter      (TIJ):    0.000ns
    Discrete Jitter          (DJ):    0.000ns
    Phase Error              (PE):    0.000ns

    Location             Delay type                Incr(ns)  Path(ns)    Netlist Resource(s)
  -------------------------------------------------------------------    -------------------
                         (clock sys_clk rise edge)    0.000     0.000 r  <hidden>
    U14                                               0.000     0.000 r  clk
                         net (fo=0)                   0.000     0.000    clk
    U14                  IBUF (Prop_ibuf_I_O)         0.302     0.302 r  clk_IBUF_inst/O
                         net (fo=1, routed)           0.674     0.976    clk_IBUF
    BUFGCTRL_X0Y16       BUFG (Prop_bufg_I_O)         0.026     1.002 r  clk_IBUF_BUFG_inst/O
                         net (fo=60, routed)          0.598     1.600    clk_IBUF_BUFG
    SLICE_X103Y78        FDCE                                         r  result_OBUF[26]_inst_i_2/C
  -------------------------------------------------------------------    -------------------
    SLICE_X103Y78        FDCE (Prop_fdce_C_Q)         0.141     1.741 r  result_OBUF[26]_inst_i_2/Q
                         net (fo=27, routed)          0.203     1.944    result_OBUF[26]_inst_i_2_n_0
    SLICE_X103Y78        LUT2 (Prop_lut2_I1_O)        0.048     1.992 r  result_OBUF[11]_inst_i_1/O
                         net (fo=1, routed)           0.934     2.926    result_OBUF[11]
    G15                  OBUF (Prop_obuf_I_O)         1.194     4.121 r  result_OBUF[11]_inst/O
                         net (fo=0)                   0.000     4.121    result[11]
    G15                                                               r  result[11]
  -------------------------------------------------------------------    -------------------

Slack:                    inf
  Source:                 result0/CLK
                            (rising edge-triggered cell DSP48E1 clocked by sys_clk  {rise@0.000ns fall@5.750ns period=11.500ns})
  Destination:            result[4]
                            (output port)
  Path Group:             (none)
  Path Type:              Min at Fast Process Corner
  Data Path Delay:        2.451ns  (logic 1.361ns (55.546%)  route 1.089ns (44.454%))
  Logic Levels:           2  (LUT2=1 OBUF=1)
  Clock Uncertainty:      0.025ns  ((TSJ^2 + TIJ^2)^1/2 + DJ) / 2 + PE
    Total System Jitter     (TSJ):    0.050ns
    Total Input Jitter      (TIJ):    0.000ns
    Discrete Jitter          (DJ):    0.000ns
    Phase Error              (PE):    0.000ns

    Location             Delay type                Incr(ns)  Path(ns)    Netlist Resource(s)
  -------------------------------------------------------------------    -------------------
                         (clock sys_clk rise edge)    0.000     0.000 r  <hidden>
    U14                                               0.000     0.000 r  clk
                         net (fo=0)                   0.000     0.000    clk
    U14                  IBUF (Prop_ibuf_I_O)         0.302     0.302 r  clk_IBUF_inst/O
                         net (fo=1, routed)           0.674     0.976    clk_IBUF
    BUFGCTRL_X0Y16       BUFG (Prop_bufg_I_O)         0.026     1.002 r  clk_IBUF_BUFG_inst/O
                         net (fo=60, routed)          0.685     1.688    clk_IBUF_BUFG
    DSP48_X4Y30          DSP48E1                                      r  result0/CLK
  -------------------------------------------------------------------    -------------------
    DSP48_X4Y30          DSP48E1 (Prop_dsp48e1_CLK_P[4])
                                                      0.126     1.814 r  result0/P[4]
                         net (fo=1, routed)           0.249     2.063    result0_n_101
    SLICE_X102Y76        LUT2 (Prop_lut2_I0_O)        0.045     2.108 r  result_OBUF[4]_inst_i_1/O
                         net (fo=1, routed)           0.840     2.948    result_OBUF[4]
    M14                  OBUF (Prop_obuf_I_O)         1.190     4.138 r  result_OBUF[4]_inst/O
                         net (fo=0)                   0.000     4.138    result[4]
    M14                                                               r  result[4]
  -------------------------------------------------------------------    -------------------

Slack:                    inf
  Source:                 result_OBUF[26]_inst_i_2/C
                            (rising edge-triggered cell FDCE clocked by sys_clk  {rise@0.000ns fall@5.750ns period=11.500ns})
  Destination:            result[14]
                            (output port)
  Path Group:             (none)
  Path Type:              Min at Fast Process Corner
  Data Path Delay:        2.574ns  (logic 1.303ns (50.620%)  route 1.271ns (49.380%))
  Logic Levels:           2  (LUT2=1 OBUF=1)
  Clock Uncertainty:      0.025ns  ((TSJ^2 + TIJ^2)^1/2 + DJ) / 2 + PE
    Total System Jitter     (TSJ):    0.050ns
    Total Input Jitter      (TIJ):    0.000ns
    Discrete Jitter          (DJ):    0.000ns
    Phase Error              (PE):    0.000ns

    Location             Delay type                Incr(ns)  Path(ns)    Netlist Resource(s)
  -------------------------------------------------------------------    -------------------
                         (clock sys_clk rise edge)    0.000     0.000 r  <hidden>
    U14                                               0.000     0.000 r  clk
                         net (fo=0)                   0.000     0.000    clk
    U14                  IBUF (Prop_ibuf_I_O)         0.302     0.302 r  clk_IBUF_inst/O
                         net (fo=1, routed)           0.674     0.976    clk_IBUF
    BUFGCTRL_X0Y16       BUFG (Prop_bufg_I_O)         0.026     1.002 r  clk_IBUF_BUFG_inst/O
                         net (fo=60, routed)          0.598     1.600    clk_IBUF_BUFG
    SLICE_X103Y78        FDCE                                         r  result_OBUF[26]_inst_i_2/C
  -------------------------------------------------------------------    -------------------
    SLICE_X103Y78        FDCE (Prop_fdce_C_Q)         0.141     1.741 r  result_OBUF[26]_inst_i_2/Q
                         net (fo=27, routed)          0.268     2.009    result_OBUF[26]_inst_i_2_n_0
    SLICE_X102Y79        LUT2 (Prop_lut2_I1_O)        0.045     2.054 r  result_OBUF[14]_inst_i_1/O
                         net (fo=1, routed)           1.003     3.057    result_OBUF[14]
    G19                  OBUF (Prop_obuf_I_O)         1.117     4.174 r  result_OBUF[14]_inst/O
                         net (fo=0)                   0.000     4.174    result[14]
    G19                                                               r  result[14]
  -------------------------------------------------------------------    -------------------

Slack:                    inf
  Source:                 result_OBUF[26]_inst_i_2/C
                            (rising edge-triggered cell FDCE clocked by sys_clk  {rise@0.000ns fall@5.750ns period=11.500ns})
  Destination:            result[13]
                            (output port)
  Path Group:             (none)
  Path Type:              Min at Fast Process Corner
  Data Path Delay:        2.587ns  (logic 1.374ns (53.104%)  route 1.213ns (46.896%))
  Logic Levels:           2  (LUT2=1 OBUF=1)
  Clock Uncertainty:      0.025ns  ((TSJ^2 + TIJ^2)^1/2 + DJ) / 2 + PE
    Total System Jitter     (TSJ):    0.050ns
    Total Input Jitter      (TIJ):    0.000ns
    Discrete Jitter          (DJ):    0.000ns
    Phase Error              (PE):    0.000ns

    Location             Delay type                Incr(ns)  Path(ns)    Netlist Resource(s)
  -------------------------------------------------------------------    -------------------
                         (clock sys_clk rise edge)    0.000     0.000 r  <hidden>
    U14                                               0.000     0.000 r  clk
                         net (fo=0)                   0.000     0.000    clk
    U14                  IBUF (Prop_ibuf_I_O)         0.302     0.302 r  clk_IBUF_inst/O
                         net (fo=1, routed)           0.674     0.976    clk_IBUF
    BUFGCTRL_X0Y16       BUFG (Prop_bufg_I_O)         0.026     1.002 r  clk_IBUF_BUFG_inst/O
                         net (fo=60, routed)          0.598     1.600    clk_IBUF_BUFG
    SLICE_X103Y78        FDCE                                         r  result_OBUF[26]_inst_i_2/C
  -------------------------------------------------------------------    -------------------
    SLICE_X103Y78        FDCE (Prop_fdce_C_Q)         0.141     1.741 r  result_OBUF[26]_inst_i_2/Q
                         net (fo=27, routed)          0.204     1.945    result_OBUF[26]_inst_i_2_n_0
    SLICE_X103Y78        LUT2 (Prop_lut2_I1_O)        0.049     1.994 r  result_OBUF[13]_inst_i_1/O
                         net (fo=1, routed)           1.010     3.003    result_OBUF[13]
    G20                  OBUF (Prop_obuf_I_O)         1.184     4.187 r  result_OBUF[13]_inst/O
                         net (fo=0)                   0.000     4.187    result[13]
    G20                                                               r  result[13]
  -------------------------------------------------------------------    -------------------

Slack:                    inf
  Source:                 result_OBUF[26]_inst_i_2/C
                            (rising edge-triggered cell FDCE clocked by sys_clk  {rise@0.000ns fall@5.750ns period=11.500ns})
  Destination:            result[18]
                            (output port)
  Path Group:             (none)
  Path Type:              Min at Fast Process Corner
  Data Path Delay:        2.589ns  (logic 1.309ns (50.560%)  route 1.280ns (49.440%))
  Logic Levels:           2  (LUT2=1 OBUF=1)
  Clock Uncertainty:      0.025ns  ((TSJ^2 + TIJ^2)^1/2 + DJ) / 2 + PE
    Total System Jitter     (TSJ):    0.050ns
    Total Input Jitter      (TIJ):    0.000ns
    Discrete Jitter          (DJ):    0.000ns
    Phase Error              (PE):    0.000ns

    Location             Delay type                Incr(ns)  Path(ns)    Netlist Resource(s)
  -------------------------------------------------------------------    -------------------
                         (clock sys_clk rise edge)    0.000     0.000 r  <hidden>
    U14                                               0.000     0.000 r  clk
                         net (fo=0)                   0.000     0.000    clk
    U14                  IBUF (Prop_ibuf_I_O)         0.302     0.302 r  clk_IBUF_inst/O
                         net (fo=1, routed)           0.674     0.976    clk_IBUF
    BUFGCTRL_X0Y16       BUFG (Prop_bufg_I_O)         0.026     1.002 r  clk_IBUF_BUFG_inst/O
                         net (fo=60, routed)          0.598     1.600    clk_IBUF_BUFG
    SLICE_X103Y78        FDCE                                         r  result_OBUF[26]_inst_i_2/C
  -------------------------------------------------------------------    -------------------
    SLICE_X103Y78        FDCE (Prop_fdce_C_Q)         0.141     1.741 r  result_OBUF[26]_inst_i_2/Q
                         net (fo=27, routed)          0.266     2.007    result_OBUF[26]_inst_i_2_n_0
    SLICE_X102Y79        LUT2 (Prop_lut2_I1_O)        0.045     2.052 r  result_OBUF[18]_inst_i_1/O
                         net (fo=1, routed)           1.014     3.066    result_OBUF[18]
    G17                  OBUF (Prop_obuf_I_O)         1.123     4.189 r  result_OBUF[18]_inst/O
                         net (fo=0)                   0.000     4.189    result[18]
    G17                                                               r  result[18]
  -------------------------------------------------------------------    -------------------





--------------------------------------------------------------------------------------
Path Group:  (none)
From Clock:  
  To Clock:  sys_clk

Max Delay            91 Endpoints
Min Delay            91 Endpoints
--------------------------------------------------------------------------------------


Max Delay Paths
--------------------------------------------------------------------------------------
Slack:                    inf
  Source:                 rst
                            (input port)
  Destination:            middle_pipe_reg[10]/CLR
                            (recovery check against rising-edge clock sys_clk  {rise@0.000ns fall@5.750ns period=11.500ns})
  Path Group:             (none)
  Path Type:              Recovery (Max at Slow Process Corner)
  Data Path Delay:        4.299ns  (logic 1.074ns (24.977%)  route 3.225ns (75.023%))
  Logic Levels:           1  (IBUF=1)
  Clock Path Skew:        4.631ns (DCD - SCD + CPR)
    Destination Clock Delay (DCD):    4.631ns
    Source Clock Delay      (SCD):    0.000ns
    Clock Pessimism Removal (CPR):    0.000ns
  Clock Uncertainty:      0.025ns  ((TSJ^2 + TIJ^2)^1/2 + DJ) / 2 + PE
    Total System Jitter     (TSJ):    0.050ns
    Total Input Jitter      (TIJ):    0.000ns
    Discrete Jitter          (DJ):    0.000ns
    Phase Error              (PE):    0.000ns

    Location             Delay type                Incr(ns)  Path(ns)    Netlist Resource(s)
  -------------------------------------------------------------------    -------------------
    Y14                                               0.000     0.000 f  rst
                         net (fo=0)                   0.000     0.000    rst
    Y14                  IBUF (Prop_ibuf_I_O)         1.074     1.074 f  rst_IBUF_inst/O
                         net (fo=59, routed)          3.225     4.299    rst_IBUF
    SLICE_X101Y77        FDCE                                         f  middle_pipe_reg[10]/CLR
  -------------------------------------------------------------------    -------------------

                         (clock sys_clk rise edge)    0.000     0.000 r  <hidden>
    U14                                               0.000     0.000 r  clk
                         net (fo=0)                   0.000     0.000    clk
    U14                  IBUF (Prop_ibuf_I_O)         0.940     0.940 r  clk_IBUF_inst/O
                         net (fo=1, routed)           2.006     2.946    clk_IBUF
    BUFGCTRL_X0Y16       BUFG (Prop_bufg_I_O)         0.091     3.037 r  clk_IBUF_BUFG_inst/O
                         net (fo=60, routed)          1.594     4.631    clk_IBUF_BUFG
    SLICE_X101Y77        FDCE                                         r  middle_pipe_reg[10]/C

Slack:                    inf
  Source:                 rst
                            (input port)
  Destination:            middle_pipe_reg[11]/CLR
                            (recovery check against rising-edge clock sys_clk  {rise@0.000ns fall@5.750ns period=11.500ns})
  Path Group:             (none)
  Path Type:              Recovery (Max at Slow Process Corner)
  Data Path Delay:        4.299ns  (logic 1.074ns (24.977%)  route 3.225ns (75.023%))
  Logic Levels:           1  (IBUF=1)
  Clock Path Skew:        4.631ns (DCD - SCD + CPR)
    Destination Clock Delay (DCD):    4.631ns
    Source Clock Delay      (SCD):    0.000ns
    Clock Pessimism Removal (CPR):    0.000ns
  Clock Uncertainty:      0.025ns  ((TSJ^2 + TIJ^2)^1/2 + DJ) / 2 + PE
    Total System Jitter     (TSJ):    0.050ns
    Total Input Jitter      (TIJ):    0.000ns
    Discrete Jitter          (DJ):    0.000ns
    Phase Error              (PE):    0.000ns

    Location             Delay type                Incr(ns)  Path(ns)    Netlist Resource(s)
  -------------------------------------------------------------------    -------------------
    Y14                                               0.000     0.000 f  rst
                         net (fo=0)                   0.000     0.000    rst
    Y14                  IBUF (Prop_ibuf_I_O)         1.074     1.074 f  rst_IBUF_inst/O
                         net (fo=59, routed)          3.225     4.299    rst_IBUF
    SLICE_X101Y77        FDCE                                         f  middle_pipe_reg[11]/CLR
  -------------------------------------------------------------------    -------------------

                         (clock sys_clk rise edge)    0.000     0.000 r  <hidden>
    U14                                               0.000     0.000 r  clk
                         net (fo=0)                   0.000     0.000    clk
    U14                  IBUF (Prop_ibuf_I_O)         0.940     0.940 r  clk_IBUF_inst/O
                         net (fo=1, routed)           2.006     2.946    clk_IBUF
    BUFGCTRL_X0Y16       BUFG (Prop_bufg_I_O)         0.091     3.037 r  clk_IBUF_BUFG_inst/O
                         net (fo=60, routed)          1.594     4.631    clk_IBUF_BUFG
    SLICE_X101Y77        FDCE                                         r  middle_pipe_reg[11]/C

Slack:                    inf
  Source:                 rst
                            (input port)
  Destination:            middle_pipe_reg[8]/CLR
                            (recovery check against rising-edge clock sys_clk  {rise@0.000ns fall@5.750ns period=11.500ns})
  Path Group:             (none)
  Path Type:              Recovery (Max at Slow Process Corner)
  Data Path Delay:        4.299ns  (logic 1.074ns (24.977%)  route 3.225ns (75.023%))
  Logic Levels:           1  (IBUF=1)
  Clock Path Skew:        4.631ns (DCD - SCD + CPR)
    Destination Clock Delay (DCD):    4.631ns
    Source Clock Delay      (SCD):    0.000ns
    Clock Pessimism Removal (CPR):    0.000ns
  Clock Uncertainty:      0.025ns  ((TSJ^2 + TIJ^2)^1/2 + DJ) / 2 + PE
    Total System Jitter     (TSJ):    0.050ns
    Total Input Jitter      (TIJ):    0.000ns
    Discrete Jitter          (DJ):    0.000ns
    Phase Error              (PE):    0.000ns

    Location             Delay type                Incr(ns)  Path(ns)    Netlist Resource(s)
  -------------------------------------------------------------------    -------------------
    Y14                                               0.000     0.000 f  rst
                         net (fo=0)                   0.000     0.000    rst
    Y14                  IBUF (Prop_ibuf_I_O)         1.074     1.074 f  rst_IBUF_inst/O
                         net (fo=59, routed)          3.225     4.299    rst_IBUF
    SLICE_X101Y77        FDCE                                         f  middle_pipe_reg[8]/CLR
  -------------------------------------------------------------------    -------------------

                         (clock sys_clk rise edge)    0.000     0.000 r  <hidden>
    U14                                               0.000     0.000 r  clk
                         net (fo=0)                   0.000     0.000    clk
    U14                  IBUF (Prop_ibuf_I_O)         0.940     0.940 r  clk_IBUF_inst/O
                         net (fo=1, routed)           2.006     2.946    clk_IBUF
    BUFGCTRL_X0Y16       BUFG (Prop_bufg_I_O)         0.091     3.037 r  clk_IBUF_BUFG_inst/O
                         net (fo=60, routed)          1.594     4.631    clk_IBUF_BUFG
    SLICE_X101Y77        FDCE                                         r  middle_pipe_reg[8]/C

Slack:                    inf
  Source:                 rst
                            (input port)
  Destination:            middle_pipe_reg[9]/CLR
                            (recovery check against rising-edge clock sys_clk  {rise@0.000ns fall@5.750ns period=11.500ns})
  Path Group:             (none)
  Path Type:              Recovery (Max at Slow Process Corner)
  Data Path Delay:        4.299ns  (logic 1.074ns (24.977%)  route 3.225ns (75.023%))
  Logic Levels:           1  (IBUF=1)
  Clock Path Skew:        4.631ns (DCD - SCD + CPR)
    Destination Clock Delay (DCD):    4.631ns
    Source Clock Delay      (SCD):    0.000ns
    Clock Pessimism Removal (CPR):    0.000ns
  Clock Uncertainty:      0.025ns  ((TSJ^2 + TIJ^2)^1/2 + DJ) / 2 + PE
    Total System Jitter     (TSJ):    0.050ns
    Total Input Jitter      (TIJ):    0.000ns
    Discrete Jitter          (DJ):    0.000ns
    Phase Error              (PE):    0.000ns

    Location             Delay type                Incr(ns)  Path(ns)    Netlist Resource(s)
  -------------------------------------------------------------------    -------------------
    Y14                                               0.000     0.000 f  rst
                         net (fo=0)                   0.000     0.000    rst
    Y14                  IBUF (Prop_ibuf_I_O)         1.074     1.074 f  rst_IBUF_inst/O
                         net (fo=59, routed)          3.225     4.299    rst_IBUF
    SLICE_X101Y77        FDCE                                         f  middle_pipe_reg[9]/CLR
  -------------------------------------------------------------------    -------------------

                         (clock sys_clk rise edge)    0.000     0.000 r  <hidden>
    U14                                               0.000     0.000 r  clk
                         net (fo=0)                   0.000     0.000    clk
    U14                  IBUF (Prop_ibuf_I_O)         0.940     0.940 r  clk_IBUF_inst/O
                         net (fo=1, routed)           2.006     2.946    clk_IBUF
    BUFGCTRL_X0Y16       BUFG (Prop_bufg_I_O)         0.091     3.037 r  clk_IBUF_BUFG_inst/O
                         net (fo=60, routed)          1.594     4.631    clk_IBUF_BUFG
    SLICE_X101Y77        FDCE                                         r  middle_pipe_reg[9]/C

Slack:                    inf
  Source:                 rst
                            (input port)
  Destination:            sum_ad_pipe_reg[4]/CLR
                            (recovery check against rising-edge clock sys_clk  {rise@0.000ns fall@5.750ns period=11.500ns})
  Path Group:             (none)
  Path Type:              Recovery (Max at Slow Process Corner)
  Data Path Delay:        4.299ns  (logic 1.074ns (24.977%)  route 3.225ns (75.023%))
  Logic Levels:           1  (IBUF=1)
  Clock Path Skew:        4.631ns (DCD - SCD + CPR)
    Destination Clock Delay (DCD):    4.631ns
    Source Clock Delay      (SCD):    0.000ns
    Clock Pessimism Removal (CPR):    0.000ns
  Clock Uncertainty:      0.025ns  ((TSJ^2 + TIJ^2)^1/2 + DJ) / 2 + PE
    Total System Jitter     (TSJ):    0.050ns
    Total Input Jitter      (TIJ):    0.000ns
    Discrete Jitter          (DJ):    0.000ns
    Phase Error              (PE):    0.000ns

    Location             Delay type                Incr(ns)  Path(ns)    Netlist Resource(s)
  -------------------------------------------------------------------    -------------------
    Y14                                               0.000     0.000 f  rst
                         net (fo=0)                   0.000     0.000    rst
    Y14                  IBUF (Prop_ibuf_I_O)         1.074     1.074 f  rst_IBUF_inst/O
                         net (fo=59, routed)          3.225     4.299    rst_IBUF
    SLICE_X100Y77        FDCE                                         f  sum_ad_pipe_reg[4]/CLR
  -------------------------------------------------------------------    -------------------

                         (clock sys_clk rise edge)    0.000     0.000 r  <hidden>
    U14                                               0.000     0.000 r  clk
                         net (fo=0)                   0.000     0.000    clk
    U14                  IBUF (Prop_ibuf_I_O)         0.940     0.940 r  clk_IBUF_inst/O
                         net (fo=1, routed)           2.006     2.946    clk_IBUF
    BUFGCTRL_X0Y16       BUFG (Prop_bufg_I_O)         0.091     3.037 r  clk_IBUF_BUFG_inst/O
                         net (fo=60, routed)          1.594     4.631    clk_IBUF_BUFG
    SLICE_X100Y77        FDCE                                         r  sum_ad_pipe_reg[4]/C

Slack:                    inf
  Source:                 rst
                            (input port)
  Destination:            sum_ad_pipe_reg[5]/CLR
                            (recovery check against rising-edge clock sys_clk  {rise@0.000ns fall@5.750ns period=11.500ns})
  Path Group:             (none)
  Path Type:              Recovery (Max at Slow Process Corner)
  Data Path Delay:        4.299ns  (logic 1.074ns (24.977%)  route 3.225ns (75.023%))
  Logic Levels:           1  (IBUF=1)
  Clock Path Skew:        4.631ns (DCD - SCD + CPR)
    Destination Clock Delay (DCD):    4.631ns
    Source Clock Delay      (SCD):    0.000ns
    Clock Pessimism Removal (CPR):    0.000ns
  Clock Uncertainty:      0.025ns  ((TSJ^2 + TIJ^2)^1/2 + DJ) / 2 + PE
    Total System Jitter     (TSJ):    0.050ns
    Total Input Jitter      (TIJ):    0.000ns
    Discrete Jitter          (DJ):    0.000ns
    Phase Error              (PE):    0.000ns

    Location             Delay type                Incr(ns)  Path(ns)    Netlist Resource(s)
  -------------------------------------------------------------------    -------------------
    Y14                                               0.000     0.000 f  rst
                         net (fo=0)                   0.000     0.000    rst
    Y14                  IBUF (Prop_ibuf_I_O)         1.074     1.074 f  rst_IBUF_inst/O
                         net (fo=59, routed)          3.225     4.299    rst_IBUF
    SLICE_X100Y77        FDCE                                         f  sum_ad_pipe_reg[5]/CLR
  -------------------------------------------------------------------    -------------------

                         (clock sys_clk rise edge)    0.000     0.000 r  <hidden>
    U14                                               0.000     0.000 r  clk
                         net (fo=0)                   0.000     0.000    clk
    U14                  IBUF (Prop_ibuf_I_O)         0.940     0.940 r  clk_IBUF_inst/O
                         net (fo=1, routed)           2.006     2.946    clk_IBUF
    BUFGCTRL_X0Y16       BUFG (Prop_bufg_I_O)         0.091     3.037 r  clk_IBUF_BUFG_inst/O
                         net (fo=60, routed)          1.594     4.631    clk_IBUF_BUFG
    SLICE_X100Y77        FDCE                                         r  sum_ad_pipe_reg[5]/C

Slack:                    inf
  Source:                 rst
                            (input port)
  Destination:            sum_ad_pipe_reg[6]/CLR
                            (recovery check against rising-edge clock sys_clk  {rise@0.000ns fall@5.750ns period=11.500ns})
  Path Group:             (none)
  Path Type:              Recovery (Max at Slow Process Corner)
  Data Path Delay:        4.299ns  (logic 1.074ns (24.977%)  route 3.225ns (75.023%))
  Logic Levels:           1  (IBUF=1)
  Clock Path Skew:        4.631ns (DCD - SCD + CPR)
    Destination Clock Delay (DCD):    4.631ns
    Source Clock Delay      (SCD):    0.000ns
    Clock Pessimism Removal (CPR):    0.000ns
  Clock Uncertainty:      0.025ns  ((TSJ^2 + TIJ^2)^1/2 + DJ) / 2 + PE
    Total System Jitter     (TSJ):    0.050ns
    Total Input Jitter      (TIJ):    0.000ns
    Discrete Jitter          (DJ):    0.000ns
    Phase Error              (PE):    0.000ns

    Location             Delay type                Incr(ns)  Path(ns)    Netlist Resource(s)
  -------------------------------------------------------------------    -------------------
    Y14                                               0.000     0.000 f  rst
                         net (fo=0)                   0.000     0.000    rst
    Y14                  IBUF (Prop_ibuf_I_O)         1.074     1.074 f  rst_IBUF_inst/O
                         net (fo=59, routed)          3.225     4.299    rst_IBUF
    SLICE_X100Y77        FDCE                                         f  sum_ad_pipe_reg[6]/CLR
  -------------------------------------------------------------------    -------------------

                         (clock sys_clk rise edge)    0.000     0.000 r  <hidden>
    U14                                               0.000     0.000 r  clk
                         net (fo=0)                   0.000     0.000    clk
    U14                  IBUF (Prop_ibuf_I_O)         0.940     0.940 r  clk_IBUF_inst/O
                         net (fo=1, routed)           2.006     2.946    clk_IBUF
    BUFGCTRL_X0Y16       BUFG (Prop_bufg_I_O)         0.091     3.037 r  clk_IBUF_BUFG_inst/O
                         net (fo=60, routed)          1.594     4.631    clk_IBUF_BUFG
    SLICE_X100Y77        FDCE                                         r  sum_ad_pipe_reg[6]/C

Slack:                    inf
  Source:                 rst
                            (input port)
  Destination:            sum_ad_pipe_reg[7]/CLR
                            (recovery check against rising-edge clock sys_clk  {rise@0.000ns fall@5.750ns period=11.500ns})
  Path Group:             (none)
  Path Type:              Recovery (Max at Slow Process Corner)
  Data Path Delay:        4.299ns  (logic 1.074ns (24.977%)  route 3.225ns (75.023%))
  Logic Levels:           1  (IBUF=1)
  Clock Path Skew:        4.631ns (DCD - SCD + CPR)
    Destination Clock Delay (DCD):    4.631ns
    Source Clock Delay      (SCD):    0.000ns
    Clock Pessimism Removal (CPR):    0.000ns
  Clock Uncertainty:      0.025ns  ((TSJ^2 + TIJ^2)^1/2 + DJ) / 2 + PE
    Total System Jitter     (TSJ):    0.050ns
    Total Input Jitter      (TIJ):    0.000ns
    Discrete Jitter          (DJ):    0.000ns
    Phase Error              (PE):    0.000ns

    Location             Delay type                Incr(ns)  Path(ns)    Netlist Resource(s)
  -------------------------------------------------------------------    -------------------
    Y14                                               0.000     0.000 f  rst
                         net (fo=0)                   0.000     0.000    rst
    Y14                  IBUF (Prop_ibuf_I_O)         1.074     1.074 f  rst_IBUF_inst/O
                         net (fo=59, routed)          3.225     4.299    rst_IBUF
    SLICE_X100Y77        FDCE                                         f  sum_ad_pipe_reg[7]/CLR
  -------------------------------------------------------------------    -------------------

                         (clock sys_clk rise edge)    0.000     0.000 r  <hidden>
    U14                                               0.000     0.000 r  clk
                         net (fo=0)                   0.000     0.000    clk
    U14                  IBUF (Prop_ibuf_I_O)         0.940     0.940 r  clk_IBUF_inst/O
                         net (fo=1, routed)           2.006     2.946    clk_IBUF
    BUFGCTRL_X0Y16       BUFG (Prop_bufg_I_O)         0.091     3.037 r  clk_IBUF_BUFG_inst/O
                         net (fo=60, routed)          1.594     4.631    clk_IBUF_BUFG
    SLICE_X100Y77        FDCE                                         r  sum_ad_pipe_reg[7]/C

Slack:                    inf
  Source:                 rst
                            (input port)
  Destination:            middle_pipe_reg[16]/CLR
                            (recovery check against rising-edge clock sys_clk  {rise@0.000ns fall@5.750ns period=11.500ns})
  Path Group:             (none)
  Path Type:              Recovery (Max at Slow Process Corner)
  Data Path Delay:        4.294ns  (logic 1.074ns (25.004%)  route 3.221ns (74.996%))
  Logic Levels:           1  (IBUF=1)
  Clock Path Skew:        4.634ns (DCD - SCD + CPR)
    Destination Clock Delay (DCD):    4.634ns
    Source Clock Delay      (SCD):    0.000ns
    Clock Pessimism Removal (CPR):    0.000ns
  Clock Uncertainty:      0.025ns  ((TSJ^2 + TIJ^2)^1/2 + DJ) / 2 + PE
    Total System Jitter     (TSJ):    0.050ns
    Total Input Jitter      (TIJ):    0.000ns
    Discrete Jitter          (DJ):    0.000ns
    Phase Error              (PE):    0.000ns

    Location             Delay type                Incr(ns)  Path(ns)    Netlist Resource(s)
  -------------------------------------------------------------------    -------------------
    Y14                                               0.000     0.000 f  rst
                         net (fo=0)                   0.000     0.000    rst
    Y14                  IBUF (Prop_ibuf_I_O)         1.074     1.074 f  rst_IBUF_inst/O
                         net (fo=59, routed)          3.221     4.294    rst_IBUF
    SLICE_X101Y79        FDCE                                         f  middle_pipe_reg[16]/CLR
  -------------------------------------------------------------------    -------------------

                         (clock sys_clk rise edge)    0.000     0.000 r  <hidden>
    U14                                               0.000     0.000 r  clk
                         net (fo=0)                   0.000     0.000    clk
    U14                  IBUF (Prop_ibuf_I_O)         0.940     0.940 r  clk_IBUF_inst/O
                         net (fo=1, routed)           2.006     2.946    clk_IBUF
    BUFGCTRL_X0Y16       BUFG (Prop_bufg_I_O)         0.091     3.037 r  clk_IBUF_BUFG_inst/O
                         net (fo=60, routed)          1.597     4.634    clk_IBUF_BUFG
    SLICE_X101Y79        FDCE                                         r  middle_pipe_reg[16]/C

Slack:                    inf
  Source:                 rst
                            (input port)
  Destination:            middle_pipe_reg[0]/CLR
                            (recovery check against rising-edge clock sys_clk  {rise@0.000ns fall@5.750ns period=11.500ns})
  Path Group:             (none)
  Path Type:              Recovery (Max at Slow Process Corner)
  Data Path Delay:        4.160ns  (logic 1.074ns (25.809%)  route 3.087ns (74.191%))
  Logic Levels:           1  (IBUF=1)
  Clock Path Skew:        4.628ns (DCD - SCD + CPR)
    Destination Clock Delay (DCD):    4.628ns
    Source Clock Delay      (SCD):    0.000ns
    Clock Pessimism Removal (CPR):    0.000ns
  Clock Uncertainty:      0.025ns  ((TSJ^2 + TIJ^2)^1/2 + DJ) / 2 + PE
    Total System Jitter     (TSJ):    0.050ns
    Total Input Jitter      (TIJ):    0.000ns
    Discrete Jitter          (DJ):    0.000ns
    Phase Error              (PE):    0.000ns

    Location             Delay type                Incr(ns)  Path(ns)    Netlist Resource(s)
  -------------------------------------------------------------------    -------------------
    Y14                                               0.000     0.000 f  rst
                         net (fo=0)                   0.000     0.000    rst
    Y14                  IBUF (Prop_ibuf_I_O)         1.074     1.074 f  rst_IBUF_inst/O
                         net (fo=59, routed)          3.087     4.160    rst_IBUF
    SLICE_X101Y75        FDCE                                         f  middle_pipe_reg[0]/CLR
  -------------------------------------------------------------------    -------------------

                         (clock sys_clk rise edge)    0.000     0.000 r  <hidden>
    U14                                               0.000     0.000 r  clk
                         net (fo=0)                   0.000     0.000    clk
    U14                  IBUF (Prop_ibuf_I_O)         0.940     0.940 r  clk_IBUF_inst/O
                         net (fo=1, routed)           2.006     2.946    clk_IBUF
    BUFGCTRL_X0Y16       BUFG (Prop_bufg_I_O)         0.091     3.037 r  clk_IBUF_BUFG_inst/O
                         net (fo=60, routed)          1.591     4.628    clk_IBUF_BUFG
    SLICE_X101Y75        FDCE                                         r  middle_pipe_reg[0]/C





Min Delay Paths
--------------------------------------------------------------------------------------
Slack:                    inf
  Source:                 d[1]
                            (input port)
  Destination:            d_reg_reg[1]/D
                            (rising edge-triggered cell FDCE clocked by sys_clk  {rise@0.000ns fall@5.750ns period=11.500ns})
  Path Group:             (none)
  Path Type:              Hold (Min at Fast Process Corner)
  Data Path Delay:        0.592ns  (logic 0.217ns (36.634%)  route 0.375ns (63.366%))
  Logic Levels:           1  (IBUF=1)
  Clock Path Skew:        2.141ns (DCD - SCD - CPR)
    Destination Clock Delay (DCD):    2.141ns
    Source Clock Delay      (SCD):    0.000ns
    Clock Pessimism Removal (CPR):    -0.000ns

    Location             Delay type                Incr(ns)  Path(ns)    Netlist Resource(s)
  -------------------------------------------------------------------    -------------------
    U19                                               0.000     0.000 r  d[1]
                         net (fo=0)                   0.000     0.000    d[1]
    U19                  IBUF (Prop_ibuf_I_O)         0.217     0.217 r  d_IBUF[1]_inst/O
                         net (fo=1, routed)           0.375     0.592    d_IBUF[1]
    SLICE_X106Y75        FDCE                                         r  d_reg_reg[1]/D
  -------------------------------------------------------------------    -------------------

                         (clock sys_clk rise edge)    0.000     0.000 r  <hidden>
    U14                                               0.000     0.000 r  clk
                         net (fo=0)                   0.000     0.000    clk
    U14                  IBUF (Prop_ibuf_I_O)         0.492     0.492 r  clk_IBUF_inst/O
                         net (fo=1, routed)           0.731     1.223    clk_IBUF
    BUFGCTRL_X0Y16       BUFG (Prop_bufg_I_O)         0.029     1.252 r  clk_IBUF_BUFG_inst/O
                         net (fo=60, routed)          0.889     2.141    clk_IBUF_BUFG
    SLICE_X106Y75        FDCE                                         r  d_reg_reg[1]/C

Slack:                    inf
  Source:                 c[6]
                            (input port)
  Destination:            c_reg_reg[6]/D
                            (rising edge-triggered cell FDCE clocked by sys_clk  {rise@0.000ns fall@5.750ns period=11.500ns})
  Path Group:             (none)
  Path Type:              Hold (Min at Fast Process Corner)
  Data Path Delay:        0.669ns  (logic 0.169ns (25.231%)  route 0.500ns (74.769%))
  Logic Levels:           1  (IBUF=1)
  Clock Path Skew:        2.117ns (DCD - SCD - CPR)
    Destination Clock Delay (DCD):    2.117ns
    Source Clock Delay      (SCD):    0.000ns
    Clock Pessimism Removal (CPR):    -0.000ns

    Location             Delay type                Incr(ns)  Path(ns)    Netlist Resource(s)
  -------------------------------------------------------------------    -------------------
    N20                                               0.000     0.000 r  c[6]
                         net (fo=0)                   0.000     0.000    c[6]
    N20                  IBUF (Prop_ibuf_I_O)         0.169     0.169 r  c_IBUF[6]_inst/O
                         net (fo=1, routed)           0.500     0.669    c_IBUF[6]
    SLICE_X102Y72        FDCE                                         r  c_reg_reg[6]/D
  -------------------------------------------------------------------    -------------------

                         (clock sys_clk rise edge)    0.000     0.000 r  <hidden>
    U14                                               0.000     0.000 r  clk
                         net (fo=0)                   0.000     0.000    clk
    U14                  IBUF (Prop_ibuf_I_O)         0.492     0.492 r  clk_IBUF_inst/O
                         net (fo=1, routed)           0.731     1.223    clk_IBUF
    BUFGCTRL_X0Y16       BUFG (Prop_bufg_I_O)         0.029     1.252 r  clk_IBUF_BUFG_inst/O
                         net (fo=60, routed)          0.865     2.117    clk_IBUF_BUFG
    SLICE_X102Y72        FDCE                                         r  c_reg_reg[6]/C

Slack:                    inf
  Source:                 d[0]
                            (input port)
  Destination:            d_reg_reg[0]/D
                            (rising edge-triggered cell FDCE clocked by sys_clk  {rise@0.000ns fall@5.750ns period=11.500ns})
  Path Group:             (none)
  Path Type:              Hold (Min at Fast Process Corner)
  Data Path Delay:        0.685ns  (logic 0.175ns (25.605%)  route 0.509ns (74.395%))
  Logic Levels:           1  (IBUF=1)
  Clock Path Skew:        2.114ns (DCD - SCD - CPR)
    Destination Clock Delay (DCD):    2.114ns
    Source Clock Delay      (SCD):    0.000ns
    Clock Pessimism Removal (CPR):    -0.000ns

    Location             Delay type                Incr(ns)  Path(ns)    Netlist Resource(s)
  -------------------------------------------------------------------    -------------------
    N18                                               0.000     0.000 r  d[0]
                         net (fo=0)                   0.000     0.000    d[0]
    N18                  IBUF (Prop_ibuf_I_O)         0.175     0.175 r  d_IBUF[0]_inst/O
                         net (fo=1, routed)           0.509     0.685    d_IBUF[0]
    SLICE_X102Y74        FDCE                                         r  d_reg_reg[0]/D
  -------------------------------------------------------------------    -------------------

                         (clock sys_clk rise edge)    0.000     0.000 r  <hidden>
    U14                                               0.000     0.000 r  clk
                         net (fo=0)                   0.000     0.000    clk
    U14                  IBUF (Prop_ibuf_I_O)         0.492     0.492 r  clk_IBUF_inst/O
                         net (fo=1, routed)           0.731     1.223    clk_IBUF
    BUFGCTRL_X0Y16       BUFG (Prop_bufg_I_O)         0.029     1.252 r  clk_IBUF_BUFG_inst/O
                         net (fo=60, routed)          0.862     2.114    clk_IBUF_BUFG
    SLICE_X102Y74        FDCE                                         r  d_reg_reg[0]/C

Slack:                    inf
  Source:                 d[4]
                            (input port)
  Destination:            d_reg_reg[4]/D
                            (rising edge-triggered cell FDCE clocked by sys_clk  {rise@0.000ns fall@5.750ns period=11.500ns})
  Path Group:             (none)
  Path Type:              Hold (Min at Fast Process Corner)
  Data Path Delay:        0.699ns  (logic 0.292ns (41.739%)  route 0.407ns (58.261%))
  Logic Levels:           1  (IBUF=1)
  Clock Path Skew:        2.145ns (DCD - SCD - CPR)
    Destination Clock Delay (DCD):    2.145ns
    Source Clock Delay      (SCD):    0.000ns
    Clock Pessimism Removal (CPR):    -0.000ns

    Location             Delay type                Incr(ns)  Path(ns)    Netlist Resource(s)
  -------------------------------------------------------------------    -------------------
    W15                                               0.000     0.000 r  d[4]
                         net (fo=0)                   0.000     0.000    d[4]
    W15                  IBUF (Prop_ibuf_I_O)         0.292     0.292 r  d_IBUF[4]_inst/O
                         net (fo=1, routed)           0.407     0.699    d_IBUF[4]
    SLICE_X106Y78        FDCE                                         r  d_reg_reg[4]/D
  -------------------------------------------------------------------    -------------------

                         (clock sys_clk rise edge)    0.000     0.000 r  <hidden>
    U14                                               0.000     0.000 r  clk
                         net (fo=0)                   0.000     0.000    clk
    U14                  IBUF (Prop_ibuf_I_O)         0.492     0.492 r  clk_IBUF_inst/O
                         net (fo=1, routed)           0.731     1.223    clk_IBUF
    BUFGCTRL_X0Y16       BUFG (Prop_bufg_I_O)         0.029     1.252 r  clk_IBUF_BUFG_inst/O
                         net (fo=60, routed)          0.893     2.145    clk_IBUF_BUFG
    SLICE_X106Y78        FDCE                                         r  d_reg_reg[4]/C

Slack:                    inf
  Source:                 c[4]
                            (input port)
  Destination:            c_reg_reg[4]/D
                            (rising edge-triggered cell FDCE clocked by sys_clk  {rise@0.000ns fall@5.750ns period=11.500ns})
  Path Group:             (none)
  Path Type:              Hold (Min at Fast Process Corner)
  Data Path Delay:        0.710ns  (logic 0.198ns (27.961%)  route 0.511ns (72.039%))
  Logic Levels:           1  (IBUF=1)
  Clock Path Skew:        2.115ns (DCD - SCD - CPR)
    Destination Clock Delay (DCD):    2.115ns
    Source Clock Delay      (SCD):    0.000ns
    Clock Pessimism Removal (CPR):    -0.000ns

    Location             Delay type                Incr(ns)  Path(ns)    Netlist Resource(s)
  -------------------------------------------------------------------    -------------------
    T20                                               0.000     0.000 r  c[4]
                         net (fo=0)                   0.000     0.000    c[4]
    T20                  IBUF (Prop_ibuf_I_O)         0.198     0.198 r  c_IBUF[4]_inst/O
                         net (fo=1, routed)           0.511     0.710    c_IBUF[4]
    SLICE_X104Y74        FDCE                                         r  c_reg_reg[4]/D
  -------------------------------------------------------------------    -------------------

                         (clock sys_clk rise edge)    0.000     0.000 r  <hidden>
    U14                                               0.000     0.000 r  clk
                         net (fo=0)                   0.000     0.000    clk
    U14                  IBUF (Prop_ibuf_I_O)         0.492     0.492 r  clk_IBUF_inst/O
                         net (fo=1, routed)           0.731     1.223    clk_IBUF
    BUFGCTRL_X0Y16       BUFG (Prop_bufg_I_O)         0.029     1.252 r  clk_IBUF_BUFG_inst/O
                         net (fo=60, routed)          0.863     2.115    clk_IBUF_BUFG
    SLICE_X104Y74        FDCE                                         r  c_reg_reg[4]/C

Slack:                    inf
  Source:                 c[7]
                            (input port)
  Destination:            c_reg_reg[7]/D
                            (rising edge-triggered cell FDCE clocked by sys_clk  {rise@0.000ns fall@5.750ns period=11.500ns})
  Path Group:             (none)
  Path Type:              Hold (Min at Fast Process Corner)
  Data Path Delay:        0.714ns  (logic 0.190ns (26.627%)  route 0.524ns (73.373%))
  Logic Levels:           1  (IBUF=1)
  Clock Path Skew:        2.115ns (DCD - SCD - CPR)
    Destination Clock Delay (DCD):    2.115ns
    Source Clock Delay      (SCD):    0.000ns
    Clock Pessimism Removal (CPR):    -0.000ns

    Location             Delay type                Incr(ns)  Path(ns)    Netlist Resource(s)
  -------------------------------------------------------------------    -------------------
    P19                                               0.000     0.000 r  c[7]
                         net (fo=0)                   0.000     0.000    c[7]
    P19                  IBUF (Prop_ibuf_I_O)         0.190     0.190 r  c_IBUF[7]_inst/O
                         net (fo=1, routed)           0.524     0.714    c_IBUF[7]
    SLICE_X104Y74        FDCE                                         r  c_reg_reg[7]/D
  -------------------------------------------------------------------    -------------------

                         (clock sys_clk rise edge)    0.000     0.000 r  <hidden>
    U14                                               0.000     0.000 r  clk
                         net (fo=0)                   0.000     0.000    clk
    U14                  IBUF (Prop_ibuf_I_O)         0.492     0.492 r  clk_IBUF_inst/O
                         net (fo=1, routed)           0.731     1.223    clk_IBUF
    BUFGCTRL_X0Y16       BUFG (Prop_bufg_I_O)         0.029     1.252 r  clk_IBUF_BUFG_inst/O
                         net (fo=60, routed)          0.863     2.115    clk_IBUF_BUFG
    SLICE_X104Y74        FDCE                                         r  c_reg_reg[7]/C

Slack:                    inf
  Source:                 c[5]
                            (input port)
  Destination:            c_reg_reg[5]/D
                            (rising edge-triggered cell FDCE clocked by sys_clk  {rise@0.000ns fall@5.750ns period=11.500ns})
  Path Group:             (none)
  Path Type:              Hold (Min at Fast Process Corner)
  Data Path Delay:        0.722ns  (logic 0.177ns (24.489%)  route 0.545ns (75.511%))
  Logic Levels:           1  (IBUF=1)
  Clock Path Skew:        2.116ns (DCD - SCD - CPR)
    Destination Clock Delay (DCD):    2.116ns
    Source Clock Delay      (SCD):    0.000ns
    Clock Pessimism Removal (CPR):    -0.000ns

    Location             Delay type                Incr(ns)  Path(ns)    Netlist Resource(s)
  -------------------------------------------------------------------    -------------------
    P20                                               0.000     0.000 r  c[5]
                         net (fo=0)                   0.000     0.000    c[5]
    P20                  IBUF (Prop_ibuf_I_O)         0.177     0.177 r  c_IBUF[5]_inst/O
                         net (fo=1, routed)           0.545     0.722    c_IBUF[5]
    SLICE_X104Y73        FDCE                                         r  c_reg_reg[5]/D
  -------------------------------------------------------------------    -------------------

                         (clock sys_clk rise edge)    0.000     0.000 r  <hidden>
    U14                                               0.000     0.000 r  clk
                         net (fo=0)                   0.000     0.000    clk
    U14                  IBUF (Prop_ibuf_I_O)         0.492     0.492 r  clk_IBUF_inst/O
                         net (fo=1, routed)           0.731     1.223    clk_IBUF
    BUFGCTRL_X0Y16       BUFG (Prop_bufg_I_O)         0.029     1.252 r  clk_IBUF_BUFG_inst/O
                         net (fo=60, routed)          0.864     2.116    clk_IBUF_BUFG
    SLICE_X104Y73        FDCE                                         r  c_reg_reg[5]/C

Slack:                    inf
  Source:                 d[2]
                            (input port)
  Destination:            d_reg_reg[2]/D
                            (rising edge-triggered cell FDCE clocked by sys_clk  {rise@0.000ns fall@5.750ns period=11.500ns})
  Path Group:             (none)
  Path Type:              Hold (Min at Fast Process Corner)
  Data Path Delay:        0.757ns  (logic 0.212ns (28.009%)  route 0.545ns (71.991%))
  Logic Levels:           1  (IBUF=1)
  Clock Path Skew:        2.115ns (DCD - SCD - CPR)
    Destination Clock Delay (DCD):    2.115ns
    Source Clock Delay      (SCD):    0.000ns
    Clock Pessimism Removal (CPR):    -0.000ns

    Location             Delay type                Incr(ns)  Path(ns)    Netlist Resource(s)
  -------------------------------------------------------------------    -------------------
    U18                                               0.000     0.000 r  d[2]
                         net (fo=0)                   0.000     0.000    d[2]
    U18                  IBUF (Prop_ibuf_I_O)         0.212     0.212 r  d_IBUF[2]_inst/O
                         net (fo=1, routed)           0.545     0.757    d_IBUF[2]
    SLICE_X103Y76        FDCE                                         r  d_reg_reg[2]/D
  -------------------------------------------------------------------    -------------------

                         (clock sys_clk rise edge)    0.000     0.000 r  <hidden>
    U14                                               0.000     0.000 r  clk
                         net (fo=0)                   0.000     0.000    clk
    U14                  IBUF (Prop_ibuf_I_O)         0.492     0.492 r  clk_IBUF_inst/O
                         net (fo=1, routed)           0.731     1.223    clk_IBUF
    BUFGCTRL_X0Y16       BUFG (Prop_bufg_I_O)         0.029     1.252 r  clk_IBUF_BUFG_inst/O
                         net (fo=60, routed)          0.863     2.115    clk_IBUF_BUFG
    SLICE_X103Y76        FDCE                                         r  d_reg_reg[2]/C

Slack:                    inf
  Source:                 c[3]
                            (input port)
  Destination:            c_reg_reg[3]/D
                            (rising edge-triggered cell FDCE clocked by sys_clk  {rise@0.000ns fall@5.750ns period=11.500ns})
  Path Group:             (none)
  Path Type:              Hold (Min at Fast Process Corner)
  Data Path Delay:        0.761ns  (logic 0.199ns (26.167%)  route 0.562ns (73.833%))
  Logic Levels:           1  (IBUF=1)
  Clock Path Skew:        2.115ns (DCD - SCD - CPR)
    Destination Clock Delay (DCD):    2.115ns
    Source Clock Delay      (SCD):    0.000ns
    Clock Pessimism Removal (CPR):    -0.000ns

    Location             Delay type                Incr(ns)  Path(ns)    Netlist Resource(s)
  -------------------------------------------------------------------    -------------------
    U20                                               0.000     0.000 r  c[3]
                         net (fo=0)                   0.000     0.000    c[3]
    U20                  IBUF (Prop_ibuf_I_O)         0.199     0.199 r  c_IBUF[3]_inst/O
                         net (fo=1, routed)           0.562     0.761    c_IBUF[3]
    SLICE_X104Y74        FDCE                                         r  c_reg_reg[3]/D
  -------------------------------------------------------------------    -------------------

                         (clock sys_clk rise edge)    0.000     0.000 r  <hidden>
    U14                                               0.000     0.000 r  clk
                         net (fo=0)                   0.000     0.000    clk
    U14                  IBUF (Prop_ibuf_I_O)         0.492     0.492 r  clk_IBUF_inst/O
                         net (fo=1, routed)           0.731     1.223    clk_IBUF
    BUFGCTRL_X0Y16       BUFG (Prop_bufg_I_O)         0.029     1.252 r  clk_IBUF_BUFG_inst/O
                         net (fo=60, routed)          0.863     2.115    clk_IBUF_BUFG
    SLICE_X104Y74        FDCE                                         r  c_reg_reg[3]/C

Slack:                    inf
  Source:                 b[4]
                            (input port)
  Destination:            b_reg_reg[4]/D
                            (rising edge-triggered cell FDCE clocked by sys_clk  {rise@0.000ns fall@5.750ns period=11.500ns})
  Path Group:             (none)
  Path Type:              Hold (Min at Fast Process Corner)
  Data Path Delay:        0.797ns  (logic 0.193ns (24.194%)  route 0.604ns (75.806%))
  Logic Levels:           1  (IBUF=1)
  Clock Path Skew:        2.117ns (DCD - SCD - CPR)
    Destination Clock Delay (DCD):    2.117ns
    Source Clock Delay      (SCD):    0.000ns
    Clock Pessimism Removal (CPR):    -0.000ns

    Location             Delay type                Incr(ns)  Path(ns)    Netlist Resource(s)
  -------------------------------------------------------------------    -------------------
    R16                                               0.000     0.000 r  b[4]
                         net (fo=0)                   0.000     0.000    b[4]
    R16                  IBUF (Prop_ibuf_I_O)         0.193     0.193 r  b_IBUF[4]_inst/O
                         net (fo=1, routed)           0.604     0.797    b_IBUF[4]
    SLICE_X103Y72        FDCE                                         r  b_reg_reg[4]/D
  -------------------------------------------------------------------    -------------------

                         (clock sys_clk rise edge)    0.000     0.000 r  <hidden>
    U14                                               0.000     0.000 r  clk
                         net (fo=0)                   0.000     0.000    clk
    U14                  IBUF (Prop_ibuf_I_O)         0.492     0.492 r  clk_IBUF_inst/O
                         net (fo=1, routed)           0.731     1.223    clk_IBUF
    BUFGCTRL_X0Y16       BUFG (Prop_bufg_I_O)         0.029     1.252 r  clk_IBUF_BUFG_inst/O
                         net (fo=60, routed)          0.865     2.117    clk_IBUF_BUFG
    SLICE_X103Y72        FDCE                                         r  b_reg_reg[4]/C





